split,image_id,n_boxes,n_pairs_iou_gt0,n_pairs_iou_gt0.5,median_nn_dist
train,152,2,0,0,819.0149407770919
train,4417,6,1,0,139.0868682816988
train,828,1,0,0,NaN
test,1078,10,3,0,152.85503121982674
train,3865,13,2,0,89.30003377398472
val,128,2,0,0,489.18311035450887
train,4497,3,1,0,43.55736355817778
val,1143,2,0,0,483.0924551355961
train,2463,3,0,0,401.10371534562677
val,350,9,2,0,288.44410913730974
train,987,2,0,0,506.10701470783334
val,299,10,0,0,321.9713851640335
train,250,12,0,0,291.8929624304717
train,3191,4,0,0,318.5171851226658
train,2088,2,0,0,405.44583263396584
train,2145,3,1,0,302.5416157028707
train,498,18,8,0,197.1833013221166
val,285,8,0,0,247.43314315161274
train,4595,2,0,0,456.1108615417578
train,1377,10,1,0,180.25274564080775
train,4309,18,2,0,104.94058128317752
val,224,1,0,0,NaN
val,955,5,0,0,411.45125176221075
train,3864,20,5,0,61.27843086534723
train,2949,23,8,0,165.3663985228523
train,1632,10,1,0,269.0118476203919
train,4559,1,0,0,NaN
test,1055,4,1,0,156.19495928781143
train,5020,13,1,0,145.42721726039602
val,636,6,2,0,125.23108974578963
train,3663,1,0,0,NaN
train,2904,6,0,0,339.0608248918685
val,493,1,0,0,NaN
val,588,1,0,0,NaN
train,2556,5,0,0,287.63210001707114
train,1483,5,0,0,350.4659803177067
train,684,1,0,0,NaN
val,409,5,0,0,216.02904723214817
test,369,16,5,0,246.04115450875494
test,167,33,1,0,110.64384317334567
train,3839,8,0,0,271.0455669284662
train,33,2,0,0,659.1605186482584
train,87,20,2,0,184.8587876995161
train,1245,7,0,0,329.001882207858
train,1847,16,1,0,196.86033026497967
test,404,9,1,0,281.5462309466059
test,820,4,0,0,369.09399414915606
train,4995,1,0,0,NaN
train,1327,18,0,0,236.95522450169665
train,4025,18,1,0,168.1106535594074
train,4151,7,4,0,135.88227375256838
train,3155,4,1,0,340.7949343203203
train,4733,9,0,0,104.30664700017356
train,5191,5,0,0,92.96220410549965
test,266,1,0,0,NaN
train,826,1,0,0,NaN
train,4131,24,3,0,72.78969119525233
test,348,26,5,0,78.61920321950242
val,600,4,0,0,709.3705674986193
train,2337,1,0,0,NaN
val,903,2,0,0,369.8992642134542
train,4433,14,2,0,132.68234352250673
val,1039,7,3,0,58.10545764413879
train,4052,32,8,0,118.78674507827556
train,2179,2,0,0,631.865468441092
val,401,2,0,0,912.232566101522
test,296,10,0,0,149.91391215271108
train,1538,5,1,0,328.96532096899597
test,308,17,3,0,233.51417944258205
val,399,10,1,0,184.28238570348304
train,4729,5,0,0,225.1298075692896
train,2452,1,0,0,NaN
val,380,1,0,0,NaN
train,3484,4,0,0,155.41409083117122
train,2649,2,0,0,843.8258328069265
test,919,13,0,0,221.3739231984826
test,306,19,3,0,228.14032902660955
train,3120,6,0,0,302.1137297617132
train,5123,14,3,0,150.7407527768081
train,520,6,0,0,313.75101851211014
train,1873,2,0,0,744.2833630927137
train,1108,2,1,0,27.35393938816132
train,3947,17,2,0,156.1149582588016
train,2795,3,0,0,450.99117586110555
val,440,7,2,0,134.201395165492
val,937,12,0,0,173.47594073932936
train,2603,3,2,0,140.00728524131907
train,4629,6,1,0,193.20042378710167
train,3209,3,0,0,432.8306370858082
val,577,10,3,0,68.17026390037508
train,3550,9,0,0,224.62657135932082
test,878,7,0,0,160.37705611607848
train,1078,14,2,0,228.2803653215628
val,240,37,1,0,128.99563974199455
train,5061,2,0,0,440.73841736802996
train,3474,26,0,0,104.36722535391935
test,636,2,0,0,323.17117987921876
val,920,1,0,0,NaN
train,3296,8,0,0,146.37317271950843
train,4430,3,0,0,150.8415316828733
train,4334,7,1,0,349.90917539280935
train,4483,5,0,0,74.08160982111944
train,1598,8,1,0,50.084812826124384
test,770,7,0,0,174.0352328007942
test,229,7,0,0,258.44310922216283
test,467,1,0,0,NaN
train,4727,3,0,0,119.46289780900881
train,3529,4,0,0,418.65464019429083
train,3467,13,0,0,291.7838211286327
train,2531,15,2,0,177.24838635090876
train,4752,1,0,0,NaN
train,1080,3,0,0,301.5064038060813
train,4968,2,0,0,601.5247923877982
train,2534,1,0,0,NaN
test,1098,1,0,0,NaN
train,2925,7,1,0,204.46364508172726
train,304,2,0,0,610.463133459102
train,3656,7,0,0,247.00138377026553
test,823,3,0,0,158.95403607405342
train,1049,7,0,0,252.94316743546906
train,1195,9,0,0,183.7461340008436
train,5228,3,0,0,646.7210023743809
test,1067,10,1,0,106.09870302743293
train,5251,1,0,0,NaN
test,1119,10,1,0,126.33624831540972
test,178,6,0,0,327.6820188580797
train,5171,1,0,0,NaN
test,59,3,0,0,489.00910478246993
val,1154,12,7,0,122.4612349876817
val,946,13,0,0,61.988348599548985
train,1160,172,24,0,53.52830952166148
train,3814,2,0,0,924.3985889647976
train,609,6,0,0,283.64803828597
train,5198,8,1,0,224.23312571795748
train,3881,8,0,0,409.36687809350985
train,4703,9,0,0,79.50676741162837
train,1265,3,0,0,383.16109552041337
train,1089,1,0,0,NaN
train,4944,1,0,0,NaN
test,1100,1,0,0,NaN
train,1978,20,3,0,135.20858213245054
val,520,2,0,0,856.5416964516265
train,3902,4,0,0,334.7683966416196
val,236,5,0,0,390.7696713105662
train,3004,15,7,0,202.04956132683026
test,213,15,2,0,125.97797089984417
train,2735,7,1,0,196.9978269964025
train,1372,7,0,0,265.8141394283645
train,2745,6,0,0,306.3008041521938
train,3352,8,0,0,248.05426308965087
train,517,4,0,0,334.70903142997975
train,813,8,0,0,239.71229637938154
train,1014,3,0,0,610.9422401380695
test,1026,2,0,0,285.8862489038181
train,1067,1,0,0,NaN
train,1161,121,19,0,66.09825413750046
train,1424,19,0,0,157.69081292275598
test,244,6,0,0,379.38892845173984
test,331,13,2,0,243.23671884014314
train,4866,36,9,0,35.46106018644981
train,1594,25,15,0,65.40862609863943
train,800,7,2,0,131.91103462590144
test,527,3,0,0,469.8629072579163
val,288,16,0,0,206.45737617468654
test,206,7,2,0,200.8986356956608
test,742,12,0,0,252.7446605254479
val,893,8,1,0,192.23630361756602
train,1515,50,9,0,55.319399129650115
train,4735,5,1,0,47.949940400576295
train,3043,1,0,0,NaN
train,444,2,1,0,305.20598783221976
train,984,10,0,0,352.5421333564585
val,944,26,5,0,41.08976169834363
train,5204,4,0,0,310.80632944697334
val,28,12,1,0,217.9043270449734
train,3397,15,0,0,112.92459615259338
val,1029,1,0,0,NaN
train,5256,3,0,0,252.11653971974144
train,3703,20,0,0,193.73823185038103
train,2135,7,2,0,294.0231815902037
train,5336,6,0,0,232.03531758916694
train,2944,7,0,0,348.9315884825012
val,616,27,13,0,138.92441870527304
train,3914,9,3,0,174.34605404203933
val,522,1,0,0,NaN
test,1099,2,0,0,297.27778772169563
train,92,112,17,0,47.97211773729518
train,4405,52,6,0,68.74799304230021
train,653,1,0,0,NaN
train,3315,7,0,0,391.6535179776211
val,42,3,0,0,305.50428810182035
test,700,4,0,0,219.05047185833763
val,586,18,1,0,158.73649133081022
train,2548,4,1,0,333.09424926416074
test,92,3,0,0,597.1757072756769
train,4160,7,0,0,111.53095520161801
train,333,6,1,0,260.3201529057916
train,4659,12,0,0,82.32934062030739
train,3808,17,1,0,112.1450046380293
train,580,2,0,0,215.1083392542604
train,2969,11,3,0,242.44485258359387
train,78,9,3,0,109.85593038464926
train,1255,5,0,0,241.99685948401887
train,3409,9,1,0,162.40705457700378
train,4993,1,0,0,NaN
test,222,6,0,0,422.2550203656681
train,5182,4,0,0,251.24221393733927
train,3775,16,0,0,185.78499959402222
val,50,3,1,0,640.9372247078016
train,461,10,1,0,195.73988417355176
train,3034,22,2,0,46.42494243514478
train,1152,5,0,0,434.89941628857974
train,4168,2,0,0,389.2617430787286
train,2606,5,0,0,165.73772958791983
test,1123,3,0,0,394.10743398280624
train,604,2,0,0,424.1345642128819
train,45,3,0,0,372.6003641227467
train,5229,9,0,0,147.53012139948729
train,2499,1,0,0,NaN
train,4210,8,0,0,105.62854969573004
train,203,2,0,0,812.6253553620743
train,277,4,0,0,211.82761294815487
train,315,1,0,0,NaN
train,2194,6,4,0,354.7998536874508
test,1034,8,1,0,75.66583322719544
train,4506,7,0,0,280.8500305588836
train,4655,11,1,0,150.05332470825505
test,814,3,0,0,451.6875401959583
test,1103,4,0,0,347.02443214214395
train,4432,13,5,0,109.41842800105032
val,816,4,0,0,243.6317778324427
val,907,13,3,0,71.6956312246818
test,682,3,0,0,368.8796489916261
test,197,6,0,0,298.60965007956634
test,64,1,0,0,NaN
train,466,3,0,0,535.197509710343
train,3354,7,0,0,305.56851761934337
train,5121,14,11,0,92.63242415850311
train,4355,13,2,0,210.89133789757798
train,2176,2,0,0,499.1141109133391
train,4434,31,5,0,72.18010673650008
train,2840,11,1,0,267.82504432677877
train,3383,6,0,0,284.8690970675404
test,188,12,1,0,110.25601516896022
train,1695,7,0,0,191.7874692050842
train,1356,12,0,0,222.88138407944604
test,114,3,0,0,548.4541409601667
train,3062,22,2,0,83.15825518405006
train,2509,6,0,0,80.29567960595344
val,121,3,0,0,482.00042136083937
train,1537,4,0,0,476.0538137522315
train,2744,17,4,0,177.9924876172248
train,191,8,0,0,284.61302071947694
test,246,4,0,0,408.3683215206205
train,40,11,3,0,122.18808112155591
train,4953,1,0,0,NaN
train,4335,9,3,0,267.5040264370651
train,5339,12,4,0,150.73966358158754
train,3924,19,0,0,79.79589553807254
test,332,12,1,0,288.32664038092815
train,4782,1,0,0,NaN
train,62,11,3,0,306.64678234227466
train,3746,6,0,0,176.2327019829927
train,4874,9,5,0,62.098445069709946
train,363,6,1,0,397.10934032884904
train,1264,4,0,0,41.99866040721468
test,259,8,0,0,313.57591614900264
train,2324,2,0,0,362.62412319111917
train,46,8,0,0,227.02873028741806
train,1965,15,3,0,96.88411056530225
train,4411,4,0,0,227.46384151661422
test,939,6,1,0,475.03803334147676
train,3390,27,8,0,70.93860703629493
train,4213,5,3,0,216.75139938656645
train,885,23,3,0,141.07178921386475
test,476,2,1,0,256.96908561172876
train,1289,2,0,0,429.60707629196236
train,2584,26,13,0,82.95477864038953
val,1002,4,0,0,508.15975394971485
train,86,18,0,0,211.1549110590549
train,4623,11,1,0,37.05415712343224
test,43,1,0,0,NaN
val,310,31,3,0,85.69925797027871
train,4224,11,0,0,220.93021504547988
train,1776,13,0,0,60.502230043660425
test,634,5,0,0,88.38831234977837
train,4532,1,0,0,NaN
train,3937,35,1,0,99.36322596019879
train,266,17,1,0,138.95055321948533
train,1894,2,0,0,866.6374858175888
test,601,47,14,0,70.26313195719473
train,2094,2,1,0,644.1033131419484
val,791,23,6,0,60.25385630854839
train,1123,22,0,0,113.67073291948404
train,1773,19,1,0,49.8643722139961
train,1492,6,0,0,283.9238949300802
train,3501,6,0,0,235.4617114382236
val,571,3,0,0,74.78118854382176
train,3175,5,0,0,245.90313540109884
val,293,9,0,0,306.1537797907663
val,308,24,1,0,110.6322546026599
train,4579,1,0,0,NaN
train,926,18,1,0,178.72959835465528
val,30,17,0,0,116.07063711488777
val,210,14,6,0,180.6337761550417
train,4530,2,0,0,824.2132351087329
train,4096,8,1,0,96.6432355609156
train,3791,19,0,0,232.9124726249109
val,305,14,0,0,227.09096165345346
train,2684,9,0,0,312.3794670595419
val,1016,2,0,0,425.82889514001744
val,633,9,6,0,270.2054727207173
train,4365,15,3,0,99.73159877148537
test,708,10,0,0,86.29377266446053
train,3459,11,0,0,149.9606361192538
val,1104,5,0,0,181.5032340875687
train,1780,23,0,0,42.006251740315804
train,225,4,0,0,541.4810851800202
train,2365,1,0,0,NaN
train,2049,40,18,0,68.5072255489426
train,2168,5,0,0,535.0115135209986
test,28,1,0,0,NaN
test,864,42,1,0,100.20597243733332
train,695,6,1,0,436.65693847713715
test,573,5,1,0,321.7242417974424
train,744,30,0,0,114.51430743178103
train,4642,16,0,0,55.61036536498057
train,5391,25,8,0,67.0821538146292
test,151,11,6,0,182.57023880252376
train,5257,3,0,0,384.0956708327921
train,4103,7,1,0,113.87927010688023
train,3609,20,0,0,206.63110793965572
train,3569,9,0,0,275.1359251005416
train,815,4,0,0,501.06233211381016
train,4891,17,1,0,63.07159665786003
train,3536,16,0,0,157.6731049165344
train,5070,1,0,0,NaN
train,2823,2,1,0,405.92625014899636
val,57,1,0,0,NaN
train,1576,26,9,0,61.23114541186521
test,116,8,1,0,143.09391363605403
val,715,2,0,0,657.356201461589
train,2870,12,0,0,119.02356192317609
train,3057,14,0,0,75.90780676119914
train,5069,2,0,0,674.6994377828968
train,3858,22,4,0,53.590589181871664
test,316,2,0,0,507.77197540724103
train,1908,18,4,0,159.65617256218013
test,558,4,0,0,518.6624272688056
train,4293,10,2,0,177.2835687829238
train,144,2,0,0,372.30629459175276
train,4805,1,0,0,NaN
val,757,19,1,0,152.3825910267528
train,2185,2,0,0,396.4095026129059
train,3504,10,0,0,245.3286310473668
train,3969,41,4,0,65.62236265332726
train,5394,26,12,0,64.33730004871533
train,4677,8,1,0,37.54226078305928
train,2438,3,0,0,740.9231521835876
train,2109,9,2,0,205.93323889076768
val,423,17,4,0,187.54455555974533
train,2243,5,0,0,307.13562075437136
train,1933,1,0,0,NaN
train,5120,9,4,0,134.51563489899823
train,5230,10,2,0,144.09093606257215
train,2672,20,3,0,97.81320073638292
train,1349,13,0,0,264.4257661272897
val,663,15,4,0,174.34545647148332
train,3691,17,0,0,177.00276680325993
train,417,1,0,0,NaN
train,593,4,0,0,344.15001969411867
train,4158,13,2,0,118.59608708957671
train,421,3,1,0,129.5244494607431
train,1064,4,0,0,264.1474783145476
train,1826,4,0,0,571.644451861662
train,1880,6,0,0,162.82025001426993
train,3752,13,0,0,226.01372924677557
train,1772,21,0,0,58.25162672675638
train,1784,1,0,0,NaN
val,1079,26,4,0,55.6562772901695
val,604,12,1,0,194.234662139453
train,806,3,1,0,136.4424747404241
train,1801,1,0,0,NaN
val,441,13,10,0,112.92681467319672
train,1884,7,0,0,287.68921567571226
train,2993,40,13,0,36.814624117842165
train,238,9,0,0,381.29843283188455
train,4899,19,6,0,78.80600779628072
val,759,13,0,0,186.98276215918116
train,5058,2,0,0,818.6305225192306
train,5190,2,0,0,271.31183133914016
test,604,13,0,0,100.51161365860173
train,367,24,5,0,130.25056339864312
train,3688,17,0,0,129.61787803155033
val,261,2,0,0,1585.7339022222704
val,1012,1,0,0,NaN
test,82,3,1,0,334.72138049434784
train,1312,60,0,0,87.367520190571
test,1039,14,2,0,61.15950163679226
val,653,6,1,0,462.84995279259397
train,1796,2,0,0,1027.187111071843
train,2724,2,0,0,559.1085428502702
test,768,6,0,0,291.88873748923106
train,4075,51,8,0,89.19602071938547
train,1809,20,16,0,211.28609787243164
train,2305,1,0,0,NaN
train,2938,15,4,0,211.21368239779065
train,3433,5,0,0,232.45262946249858
val,126,1,0,0,NaN
train,2212,9,1,0,253.85475418887856
train,4132,23,11,0,74.55924367509266
train,2219,5,1,0,191.64918112069915
train,4275,7,0,0,88.00016000523632
train,2994,30,10,0,104.96501931078154
train,453,1,0,0,NaN
val,648,21,4,0,218.2964191371595
train,150,1,0,0,NaN
train,974,15,0,0,167.21987221651776
train,1253,5,0,0,227.30477918474637
train,2692,3,0,0,726.6992406768127
train,1273,12,1,0,235.59866375247344
val,105,2,0,0,524.8972832857324
test,356,8,3,0,122.6721815575607
train,30,1,0,0,NaN
train,2801,26,7,0,145.18456446903178
train,1562,4,1,0,504.5133012237489
train,3403,21,2,0,117.33721605712692
train,90,45,6,0,82.74222090586638
train,401,23,3,0,145.00280736739532
train,1319,12,1,0,104.12742556080715
test,1049,2,1,0,161.4937559165265
train,1491,7,0,0,334.00630968918136
train,1923,4,1,0,400.2674877801535
test,69,3,1,0,258.08283299938256
train,283,3,0,0,462.51701382772023
train,3997,11,1,0,204.29900001817447
train,2410,2,0,0,511.39517267965107
test,554,3,0,0,708.5637957897898
train,1410,17,0,0,167.1257928666906
train,4366,13,1,0,128.82458399282984
test,1068,13,0,0,128.98306530812712
val,712,6,0,0,240.79172258367416
train,3072,23,5,0,54.55747941461172
train,2315,1,0,0,NaN
train,2104,26,18,0,89.55629561486757
train,3291,5,1,0,195.20595483146514
val,774,11,0,0,260.48656395292255
val,1008,3,0,0,155.60930362985349
train,4779,1,0,0,NaN
train,2976,17,1,0,78.85416453242331
train,187,6,0,0,300.9145643549795
train,74,44,33,0,106.22263538807509
val,583,2,0,0,825.3662831886465
train,416,3,1,0,139.51676257794392
test,642,22,4,0,51.29495028460211
train,2423,3,0,0,190.0223895019605
train,1998,4,0,0,401.02143990842524
test,549,8,0,0,439.4229812610861
train,883,33,2,0,96.25560871418335
train,3228,13,1,0,182.006281166996
test,533,5,0,0,300.9604732587302
train,2866,3,0,0,625.9804251896993
val,79,2,0,0,591.6758817461084
train,619,2,0,0,420.80406842152985
train,4841,2,0,0,485.84008165699146
train,2594,2,0,0,730.7755305375335
train,4777,6,0,0,62.36128304995334
train,163,4,0,0,538.4716060214719
test,719,2,0,0,1001.8453320234909
val,890,33,1,0,106.02344646398927
test,666,9,1,0,201.26135362779195
train,746,3,0,0,367.5278203376671
train,1781,29,1,0,59.35080764426567
train,339,9,0,0,129.348936757944
train,4382,8,0,0,158.43272022432524
train,5329,2,0,0,199.66081875078683
train,476,3,0,0,264.731178428297
train,1360,12,0,0,166.27342743512827
val,884,21,6,0,102.51931962679716
train,237,10,0,0,208.52110396853362
train,5243,1,0,0,NaN
train,4240,5,1,0,518.6059002068931
train,4085,3,0,0,489.47123674528456
train,3048,6,0,0,312.6537308655527
train,5158,2,0,0,965.206524139094
train,2679,4,0,0,836.7980024351293
val,465,3,1,0,378.01750376419307
train,5112,15,2,0,55.6434418821529
train,3478,9,1,0,262.8543971708095
train,4296,19,9,0,94.26016660506014
train,2640,1,0,0,NaN
train,3188,2,0,0,411.4183755548424
train,3725,2,0,0,428.1772978576478
train,2411,1,0,0,NaN
train,4205,8,2,0,314.80712081726017
train,4683,5,0,0,66.98016697981642
train,992,8,2,0,196.38718293880135
train,1188,13,0,0,224.6619024589895
train,2024,4,2,0,77.30596894928632
train,479,5,0,0,397.44388383931624
val,88,2,0,0,385.35936173952746
train,3521,11,1,0,78.40851627821615
train,1842,8,0,0,369.37756123789796
val,22,1,0,0,NaN
test,32,1,0,0,NaN
test,893,8,1,0,141.62676100777384
train,4330,22,2,0,64.06635997558146
train,195,3,0,0,414.5956298858274
train,276,4,0,0,110.07567425511999
test,370,1,0,0,NaN
val,267,14,0,0,66.30491228012548
train,3887,7,0,0,123.58122744430491
test,263,6,0,0,218.38331109721295
val,885,19,1,0,135.744407943851
train,4911,1,0,0,NaN
train,1527,3,0,0,147.2657828556625
val,497,3,0,0,104.91130121245281
train,2678,2,0,0,720.1345994189786
train,4749,1,0,0,NaN
train,1394,7,0,0,326.0245404271623
train,1689,18,2,0,60.73725642956552
train,1434,79,2,0,76.09452522130867
train,1184,2,0,0,331.49951999999985
val,984,3,0,0,297.84596545217676
val,514,6,1,0,121.07832678127217
train,892,7,0,0,257.0389027992586
train,4755,3,1,0,163.91702818480442
test,541,10,6,0,333.5849569513583
val,711,5,0,0,378.9778496958999
train,1055,1,0,0,NaN
val,158,12,0,0,231.09247397221154
val,482,3,1,0,137.39093390842936
val,1027,2,0,0,368.75998210346415
train,3911,7,1,0,302.3029834593074
train,5199,15,3,0,106.92339702927782
test,353,3,0,0,123.69379276648631
train,1811,5,3,0,284.22574653279395
val,1088,7,1,0,150.39992633256406
train,3076,9,2,0,125.71737114800214
train,2332,2,1,0,310.78822291742006
train,2704,9,0,0,289.50685770124716
train,3946,21,1,0,131.02616776968486
train,4333,11,0,0,105.07614336404885
val,420,19,4,0,141.8843712328431
val,150,16,0,0,169.09039112169728
train,2934,17,3,0,189.48941990635385
train,3308,10,0,0,137.67243182677768
train,3254,9,0,0,260.35247065491563
train,2167,5,0,0,185.13425018694022
train,4140,7,5,0,200.4396166441036
train,4238,4,0,0,330.4065525877197
train,503,5,0,0,425.70492629755654
train,1557,5,2,0,159.35011530752405
train,4927,7,0,0,117.9943475286233
train,4099,4,0,0,118.91052117626808
train,3185,7,0,0,244.0679625678606
train,448,17,8,0,95.92320903757096
train,3342,11,0,0,202.75635921001927
train,3422,16,1,0,163.9068290420143
test,434,10,8,0,50.22387066569133
train,4539,2,0,0,55.34707003314986
test,1075,7,0,0,274.7572913553444
train,4818,3,0,0,122.72441784757685
train,319,1,0,0,NaN
train,2730,8,1,0,267.9480317783033
test,528,3,0,0,344.9266904142502
train,325,3,0,0,62.786365533915586
train,2973,1,0,0,NaN
test,111,4,0,0,432.09383212971966
test,378,5,1,0,85.37138209100291
train,1473,4,0,0,346.2569780807468
train,1962,25,9,0,79.60023708575586
train,4915,6,1,0,270.00904540923267
train,3649,10,0,0,165.5238500984559
val,1000,24,8,0,199.45207965933417
test,456,2,0,0,660.4801229653287
train,807,6,1,0,256.6691081268712
train,3355,10,0,0,190.53681130476684
train,573,18,0,0,180.00050022340733
train,4229,3,0,0,502.0376732968063
test,234,2,0,0,563.4280878906816
train,5077,12,6,0,120.76315591124819
train,4219,4,1,0,360.59585367931453
train,2119,12,2,0,61.73979591735763
test,948,4,1,0,201.13379039748344
train,4691,9,3,0,94.51090222883579
test,335,6,0,0,280.41597666869137
train,467,2,1,0,155.54158410019593
train,1202,8,0,0,269.6985367945199
test,756,21,1,0,161.75669952133936
train,4867,21,3,0,41.37977420273175
train,875,39,4,0,122.16109986459693
train,4742,2,0,0,487.2538579428915
test,867,26,10,0,109.57291745729609
val,752,23,3,0,72.78071832654582
test,744,21,0,0,140.9613211644202
train,5368,8,3,0,212.4923103847127
train,4692,19,7,0,54.05689078158091
train,3024,10,0,0,36.09013427575439
val,396,10,2,0,256.12529134020826
train,922,32,1,0,105.22276245217185
train,3637,8,0,0,125.06769067735218
test,488,3,0,0,86.97668726793069
train,2290,1,0,0,NaN
train,3369,6,0,0,351.57974526425113
train,543,15,2,0,103.9823507342775
train,1893,2,0,0,964.1950119349989
test,409,13,4,0,109.50951410806906
train,3387,24,4,0,88.8645685989386
train,2424,1,0,0,NaN
test,550,1,0,0,NaN
val,485,1,0,0,NaN
train,4067,19,4,0,120.06953452755616
test,272,4,0,0,356.1146951781881
train,2034,4,1,0,562.6019218376607
train,1617,19,1,0,139.7007278435786
val,678,19,8,0,171.29216864796803
train,1357,15,0,0,224.56008746028994
test,858,15,1,0,166.81723997237523
test,607,5,0,0,153.7928865996614
train,574,15,0,0,187.73948072895553
train,4882,10,3,0,86.70228924384811
train,5308,4,0,0,210.96223868181295
train,3770,29,2,0,92.35389040161398
val,419,6,0,0,513.9308123400391
val,11,36,13,0,143.0746968570696
train,1957,13,2,0,195.72510289878866
train,3465,5,0,0,340.56199327652115
train,407,3,0,0,484.40629525279036
val,609,23,3,0,198.0405459903415
train,623,2,0,0,474.8016964258891
test,79,11,3,0,259.08275175492713
train,3696,12,1,0,183.26333595640284
train,3269,6,0,0,189.02969607975385
train,2319,4,0,0,492.20814755228685
test,621,3,0,0,569.7388014873625
val,812,3,0,0,685.739601948518
train,2618,6,0,0,132.37827253792054
train,4720,7,0,0,130.1623561577367
test,931,3,0,0,541.2263599347326
train,3652,9,0,0,170.53005473734805
train,285,3,0,0,592.9273284309644
val,806,5,0,0,191.73517027451868
test,256,16,3,0,106.60778418609524
val,232,3,1,0,236.3474702395628
train,569,5,0,0,391.725090521592
train,3793,11,1,0,251.09440455861238
test,877,1,0,0,NaN
train,3505,10,0,0,182.03965225295786
train,2048,4,1,0,214.65554089736477
train,4624,16,2,0,63.95704833991559
train,3276,7,0,0,224.1326284150881
train,5217,1,0,0,NaN
train,3557,3,0,0,224.72705784726986
train,4028,12,0,0,175.00539944828103
train,4812,3,0,0,283.9776431482501
train,972,14,0,0,265.2287172390566
val,743,11,0,0,187.74572877424333
train,4372,4,0,0,201.83828029224026
val,1169,1,0,0,NaN
train,2325,3,0,0,171.96266399447225
val,386,13,1,0,242.68682680527425
train,2585,27,13,0,45.276192790997975
val,177,5,0,0,270.7481049832754
train,3710,4,0,0,306.3901695601131
train,3249,5,0,0,268.6857508099016
train,3506,4,0,0,292.5777282071764
train,349,10,4,0,192.06582334198566
train,452,1,0,0,NaN
val,173,5,1,0,419.2754853797927
test,895,4,0,0,420.8753142869175
train,3845,4,0,0,200.72599680136426
val,918,17,1,0,62.9387617298841
train,3575,17,1,0,196.4003196741376
train,2195,5,2,0,258.2169167200508
train,2992,11,7,0,219.20399383237168
train,2338,2,0,0,100.22444125114107
val,220,9,0,0,366.27996380925833
train,1136,17,0,0,176.55878345891645
test,93,6,0,0,388.4208818490756
val,692,7,0,0,112.10140624010775
train,3434,5,0,0,225.14090006271536
val,100,5,0,0,171.56990388767363
val,501,3,1,0,413.7014405199488
test,258,6,1,0,102.72776357333626
test,847,14,0,0,92.71981444542635
test,184,3,0,0,407.61177559048224
val,950,27,0,0,93.12683480250361
test,163,7,2,0,205.80824143005916
val,672,19,6,0,173.85093753111155
train,300,2,0,0,1044.5387455296288
train,3376,6,0,0,363.50521754782625
train,5277,4,1,0,177.66687602725497
val,217,6,1,0,236.62229937207542
train,1010,4,0,0,481.13831768805863
train,4211,16,1,0,100.22537994146302
train,4680,7,0,0,164.3997639414862
train,603,3,0,0,422.59244705045444
train,2279,4,0,0,372.13214169740854
train,1526,1,0,0,NaN
train,3040,4,0,0,285.92296139626944
val,537,1,0,0,NaN
test,36,3,0,0,436.1610525483706
test,514,3,0,0,66.09840615409418
train,3631,10,0,0,241.25594843702777
val,170,7,1,0,248.68137924701693
test,328,27,16,0,70.51354763738387
train,4235,2,0,0,544.5381729139245
train,5081,10,5,0,63.51998512027248
train,188,4,1,0,165.4197442436773
train,473,2,0,0,363.41076261457005
val,563,1,0,0,NaN
train,4298,4,0,0,489.62784516221103
train,5258,1,0,0,NaN
train,770,8,2,0,211.57230003672277
train,4467,6,0,0,223.67637890567318
train,3158,18,1,0,189.95772308940053
train,3990,6,0,0,338.95102783076754
train,5066,1,0,0,NaN
train,3783,13,0,0,227.9000309961138
train,4949,4,0,0,170.41384934451622
val,618,19,0,0,54.2320753951386
test,572,11,4,0,132.06056986134587
train,2623,2,0,0,1032.0020686418084
test,1073,4,0,0,320.7730794751942
train,3824,10,1,0,148.8091350918751
train,236,5,0,0,292.3283572156932
train,4428,3,0,0,344.39847711655875
train,3892,3,0,0,460.12627743262414
train,1661,26,8,0,63.26608151679895
train,4958,5,0,0,219.16342570995428
train,4179,8,0,0,261.12331792716617
test,200,34,10,0,114.63108932786311
train,1703,9,2,0,71.21231432956696
test,718,4,0,0,469.56515337589167
train,3891,3,1,0,111.07307108397431
test,1116,13,1,0,64.82603304584359
train,3000,66,25,0,65.8494485371297
train,165,3,0,0,588.823505645529
val,945,2,0,0,390.0930852612962
train,4054,38,4,0,128.36194402129357
test,285,4,0,0,496.0530659230804
train,116,17,4,0,181.04238973494017
val,473,10,1,0,172.35438268880523
train,1755,4,0,0,419.7265897994417
train,657,1,0,0,NaN
train,5179,3,0,0,94.58436936440631
train,2907,10,1,0,234.55847687774292
train,2288,1,0,0,NaN
train,3571,14,0,0,210.9560304832426
train,1891,2,0,0,1012.988855970304
test,487,2,0,0,355.36271003195367
train,2809,6,1,0,259.6622619121751
train,2396,8,4,0,272.95363148060625
train,4306,4,0,0,286.3737378744178
val,238,1,0,0,NaN
val,593,6,0,0,195.59221968199046
train,2207,4,1,0,442.3408367601653
train,1340,7,0,0,325.27063535516737
train,4893,7,1,0,40.07721250092395
train,3415,6,0,0,189.3103853888171
train,1053,7,1,0,196.62204832747662
train,3338,14,0,0,124.05715579674506
train,3143,10,1,0,193.09197822065013
train,2720,3,0,0,848.2341331688089
train,3999,21,1,0,176.44034345987762
train,4350,9,2,0,172.21626176512575
train,3082,5,1,0,249.20107993371136
val,506,1,0,0,NaN
train,3511,7,0,0,235.68271183113066
train,1269,9,0,0,207.4901027826723
val,982,19,0,0,193.47363045331906
train,1487,15,1,0,180.2363712045152
train,1892,3,1,0,280.8507508270682
test,470,3,0,0,421.5861879717198
train,1337,8,0,0,253.88029669054657
train,2296,8,4,0,266.8105012627997
test,52,17,1,0,235.76984122716087
train,666,1,0,0,NaN
val,59,9,7,0,175.57284437056222
train,4299,8,5,0,238.36038928730136
train,3889,7,0,0,116.45606732214202
train,4873,12,1,0,182.04483335621745
test,917,6,0,0,388.3254341608676
train,5116,14,3,0,112.47802342658517
train,480,47,4,0,124.13393457085766
train,2105,21,15,0,93.53395601770266
train,4599,2,0,0,803.7334870417532
train,3700,20,0,0,163.30730388540997
train,1209,1,0,0,NaN
train,4933,10,0,0,135.2986000263948
train,4801,1,0,0,NaN
train,370,32,15,0,118.17717993920252
train,4223,26,6,0,136.68560029018997
train,271,4,0,0,171.2247934927525
train,204,17,3,0,173.60450717850094
train,2569,1,0,0,NaN
train,1495,9,0,0,272.81073899848985
train,627,2,0,0,444.14866161788484
train,2435,6,6,0,206.3358058729422
train,3690,19,0,0,168.95197121269817
train,3780,18,3,0,85.42882998394617
test,518,1,0,0,NaN
train,3061,14,0,0,117.06423962421876
train,5099,6,1,0,181.75109454640221
train,2228,2,0,0,529.023681693264
test,70,7,2,0,217.55497137088201
train,1363,13,1,0,237.40127538002503
train,5169,4,0,0,385.7813687291575
train,2555,5,1,0,261.0076607612609
train,1452,5,0,0,402.3403161906828
val,424,26,18,0,95.42668625427396
test,725,17,6,0,62.390106141225125
val,765,13,1,0,140.4354976802166
test,916,6,2,0,168.8959401398192
test,799,20,0,0,139.5823870294996
val,949,12,2,0,198.76238557698989
train,1317,16,1,0,155.55180381040358
test,323,19,10,0,79.69603685078283
train,107,4,0,0,436.92297273088167
test,145,2,0,0,514.7432095336196
train,3985,23,1,0,121.82820238514256
train,2504,1,0,0,NaN
train,2027,4,1,0,208.17909353966007
train,2356,1,0,0,NaN
train,24,1,0,0,NaN
test,574,3,1,0,550.5581090639829
train,2234,3,1,0,192.52353767799724
train,4994,2,0,0,712.5112198415741
val,14,7,0,0,211.81161139136069
train,5042,4,0,0,381.5607409014257
train,3828,4,0,0,134.71874492326026
test,475,2,0,0,246.09964642011684
test,186,8,2,0,269.37211184535334
train,1716,10,1,0,66.64853630880799
test,56,2,0,0,314.503030803403
train,1867,13,5,0,174.89751696643373
train,289,3,0,0,394.36692388738476
train,2274,5,2,0,161.93530347946722
train,2516,1,0,0,NaN
train,4200,4,1,0,217.44506917921387
train,4462,3,0,0,518.6924894004493
test,102,4,1,0,327.2396848649976
val,1042,18,3,0,78.9834118824965
train,1927,2,0,0,938.1499697256547
train,3959,12,0,0,191.11006382785737
train,714,4,0,0,560.7507746723857
train,3128,12,0,0,174.84685198299846
val,154,24,0,0,142.62546661928587
val,833,19,1,0,146.9869667171397
train,4040,18,0,0,180.9324696123574
train,4721,3,0,0,149.52992963341177
train,2901,7,1,0,248.97252844448928
train,1242,3,1,0,91.50594289032156
train,5072,4,0,0,306.84737032205203
train,5002,6,0,0,267.65866821761387
train,28,8,0,0,246.43301740285096
val,207,11,0,0,226.1019452904009
train,1930,1,0,0,NaN
train,3958,15,3,0,111.82357890915132
train,5053,1,0,0,NaN
train,4658,12,1,0,62.58642715903752
train,2232,2,0,0,436.56983012579497
train,4008,27,1,0,121.52539421918368
train,2005,3,0,0,385.26445359019647
test,985,2,0,0,154.73357169104335
val,48,5,0,0,334.18300938296676
train,1878,6,3,0,330.02933661762916
val,7,4,0,0,413.01615148802136
train,2287,4,0,0,101.2746946084269
test,339,11,0,0,297.5280098700885
train,2552,2,0,0,543.2219518245521
train,4615,1,0,0,NaN
train,3123,8,0,0,276.51482060839203
val,169,7,0,0,301.5578860517938
val,322,4,0,0,517.5862628200124
train,4146,10,6,0,226.94080535633236
test,336,15,0,0,155.46446765875092
test,563,4,2,0,215.58795505341317
train,2295,8,4,0,159.1635632513926
train,2654,2,0,0,716.5757392042319
train,1020,2,0,0,938.719654942856
train,2127,3,0,0,253.78458314414536
train,3588,18,7,0,58.71104095076517
train,4632,12,1,0,71.69564506107007
val,828,2,0,0,631.3843605665285
val,643,8,1,0,263.0650479862426
train,1040,10,0,0,307.59184353638256
train,3698,26,0,0,63.059498010369595
val,1151,16,4,0,80.21307687073086
train,3284,8,0,0,216.0002080258159
test,912,11,2,0,61.5403119922745
train,2557,2,0,0,989.4822049132825
test,568,8,5,0,213.28185896538463
train,810,3,0,0,292.044874771407
train,5067,2,0,0,288.33362806315614
test,1010,2,0,0,782.4998645470637
test,27,1,0,0,NaN
train,1280,12,0,0,172.92296748819024
train,3646,10,0,0,254.77898421970684
train,3060,18,0,0,84.7611056477781
train,5362,4,0,0,451.4534845353063
val,1037,3,0,0,433.3357896136695
train,4037,6,0,0,296.1070860945148
train,2065,5,2,0,333.1163845631184
train,3319,10,0,0,231.17502896497814
train,5287,11,2,0,130.7140163262504
train,2860,6,0,0,407.2406874540822
train,2316,2,1,0,437.0735615899767
train,988,1,0,0,NaN
train,2003,5,0,0,275.84820448939956
train,2225,6,1,0,370.2391535652402
train,1092,3,0,0,54.1227722871918
train,4337,10,2,0,236.80852493592383
train,1090,9,1,0,83.32251134949166
train,834,1,0,0,NaN
train,1230,34,2,0,114.27768279346635
train,1747,2,0,0,696.7265668884514
train,3962,17,1,0,145.4383957025322
train,4312,9,0,0,304.3698985122097
val,349,9,1,0,278.4924455720062
val,1051,17,0,0,40.35446305223872
train,4474,1,0,0,NaN
train,1925,1,0,0,NaN
train,539,3,0,0,479.8533317754862
test,901,26,8,0,89.13119187724038
train,3438,5,0,0,447.1747582325413
train,4385,2,0,0,291.1430060983777
train,2363,1,0,0,NaN
train,318,3,1,0,311.485339340584
test,843,27,3,0,96.53634648224099
val,91,14,7,0,83.48085457805803
train,408,5,1,0,406.3153717009249
val,96,2,0,0,406.7118564882161
val,735,2,0,0,289.1426553115952
train,1556,6,2,0,262.46561621670827
val,142,25,9,0,162.23750432038358
train,4916,7,0,0,152.43309667006696
val,960,6,1,0,173.5459441647272
train,3091,7,0,0,106.92947717164198
train,3251,20,0,0,133.4547389957928
train,4013,14,0,0,198.02564526126204
train,4050,13,5,0,145.4652978552891
train,2668,20,0,0,159.39861606038644
train,1788,1,0,0,NaN
val,845,20,3,0,115.87857314141947
val,494,1,0,0,NaN
train,443,2,0,0,439.8370217253503
train,1277,7,0,0,189.98465500169112
test,41,2,0,0,791.050984743762
train,2108,11,3,0,141.0971188956359
val,994,6,0,0,140.8028332117165
val,256,3,0,0,65.62171092026966
train,332,5,0,0,534.7887238903294
train,995,7,0,0,320.3130786465674
train,235,5,0,0,437.23839397853754
train,4479,5,0,0,104.00444913769411
train,3988,1,0,0,NaN
val,544,6,4,0,251.7627231313947
test,416,3,0,0,190.98242541302326
val,990,27,7,0,45.10393263468292
train,4737,10,1,0,59.255865938935194
val,879,22,5,0,143.3470661199012
train,1471,30,18,0,101.07037666905973
train,658,1,0,0,NaN
train,4217,9,7,0,130.28709689336907
train,5305,12,0,0,240.0461779585181
train,3967,8,4,0,156.69148648254165
train,607,5,0,0,405.55265295769425
test,472,3,1,0,148.33210975406217
val,179,1,0,0,NaN
val,521,2,0,0,633.5202814498546
val,761,2,0,0,389.9705562425303
train,4695,28,9,0,52.01642816297623
val,265,7,0,0,280.64555599027676
train,4828,4,0,0,347.09481458070036
train,849,40,2,0,65.11522368281419
train,3972,31,1,0,100.50980600929748
train,4971,6,0,0,223.4432367536907
train,3576,8,0,0,217.64675667335797
train,4435,37,10,0,73.10447548657986
train,5146,8,0,0,237.721012653343
train,2221,4,0,0,167.5252536564819
val,709,5,0,0,112.26815605709307
train,3446,5,0,0,260.2325194137328
val,777,14,1,0,179.33040727542794
test,701,6,0,0,238.609013845986
train,3633,11,1,0,169.7629462056396
test,545,3,0,0,83.66212323671407
train,4714,5,0,0,267.1899334350092
train,646,4,0,0,397.5523275122425
train,3312,10,0,0,309.5927404634457
test,106,56,11,0,94.48017303873345
train,3038,4,0,0,303.0821746736432
val,430,3,0,0,366.1286162216816
train,1420,23,0,0,146.4807646080981
train,1738,5,0,0,372.6314265012789
val,383,1,0,0,NaN
val,353,34,3,0,60.86163861767781
val,272,1,0,0,NaN
train,1237,3,1,0,186.77531554329104
train,3435,2,0,0,644.8026443122284
val,796,5,1,0,144.19550173404448
train,2962,9,0,0,255.3848371695282
train,3174,8,0,0,202.6463212880505
train,3956,4,0,0,104.8362873106567
train,1477,8,0,0,243.52516062263595
val,237,5,0,0,382.9252077161365
val,731,7,0,0,363.59366806435526
val,981,10,0,0,121.23250884261813
train,1814,5,1,0,192.64618968527773
train,485,49,6,0,101.90352182434532
train,5132,2,0,0,905.9643454356468
train,4236,3,0,0,639.3770343204594
test,1002,10,2,0,88.30845265792809
train,2659,3,0,0,291.26738931937217
val,965,4,1,0,293.7603173519183
train,3961,20,4,0,102.57227389054708
train,2954,8,1,0,286.85432674111365
train,2673,31,3,0,98.34911025580526
test,562,60,5,0,56.49385244736207
train,1448,4,0,0,384.37739053736317
test,155,10,0,0,336.5651882251812
train,2389,3,0,0,637.5191268034549
train,4061,13,0,0,247.73034094401845
train,1752,5,0,0,446.5773122947679
val,1063,2,1,0,237.70634428267678
train,1620,15,4,0,217.33186877241835
train,5365,2,0,0,825.0125171321203
train,2792,11,0,0,361.6396531143136
train,5051,3,0,0,599.9409808307375
train,4856,4,0,0,170.45123752221787
train,13,1,0,0,NaN
val,92,15,2,0,173.5005618442084
val,660,9,2,0,332.2330059465304
train,3773,48,11,0,81.06939536396166
train,1528,1,0,0,NaN
train,2162,7,1,0,581.8245586980389
train,3358,10,0,0,172.7541005707363
val,374,2,0,0,425.82249853208026
test,925,31,4,0,119.05210200756164
train,2622,2,0,0,1067.1048945328862
val,542,3,0,0,594.7174332606771
train,649,2,0,0,981.5470083579421
train,2206,6,0,0,300.2967011694848
train,945,5,0,0,386.33698293707624
train,4482,3,1,0,21.93104832178669
train,1677,2,0,0,428.27065974726463
val,1133,4,0,0,375.78558422761654
val,338,23,6,0,84.35797200468002
train,2629,1,0,0,NaN
train,1968,7,1,0,286.11932361167794
train,679,5,0,0,310.1431241220302
val,206,20,1,0,128.72702513653698
val,259,4,0,0,344.80279757403645
train,1380,7,0,0,137.96533280585902
test,646,32,8,0,50.05697334548627
test,396,3,1,0,174.93333400366976
train,2312,1,0,0,NaN
train,3167,5,0,0,226.32756325446874
val,858,28,9,0,61.24416740796232
train,1665,27,2,0,58.49951999999985
val,992,15,3,0,65.19258117556633
test,474,3,0,0,118.08609245844077
test,440,5,3,0,528.4930172182133
train,2440,3,1,0,440.88356696090176
val,683,3,0,0,390.80668403798313
test,98,1,0,0,NaN
train,5025,6,0,0,329.9536248691895
val,342,12,1,0,205.3806673581226
val,860,20,0,0,130.8154107154673
test,754,11,0,0,208.19872468450902
train,2358,5,3,0,30.041324074898238
train,4043,66,5,0,73.26088575708226
train,2418,1,0,0,NaN
test,694,5,0,0,556.018065074185
train,314,9,2,0,120.07677277528745
train,677,27,14,0,197.4500084597171
test,1003,12,3,0,106.32996642576093
train,708,7,0,0,325.82223384118294
train,2286,4,0,0,105.64771241722053
train,3980,24,3,0,144.73733695841895
train,3382,4,0,0,591.1525052001837
train,4942,10,0,0,76.33174736674093
val,67,12,0,0,199.68132045156045
test,618,15,3,0,202.4010301555671
train,2888,3,1,0,549.2161689681415
train,872,61,7,0,81.55502751055133
train,4357,14,6,0,178.8093178791573
train,772,6,0,0,287.80506517447986
train,3979,18,4,0,165.38828733027097
test,846,4,0,0,342.77614109065684
test,907,5,0,0,166.50866797925661
train,209,3,0,0,380.8657073983897
train,979,11,0,0,111.20348188996414
train,4947,4,0,0,294.3326464954371
train,1765,25,4,0,56.435510524307766
train,2593,3,0,0,571.935925865906
train,2621,1,0,0,NaN
train,2269,5,0,0,412.8922222382169
test,350,10,4,0,67.81728523321651
test,1112,4,1,0,317.94426426189057
train,1963,30,14,0,47.56268268679283
train,1248,5,0,0,306.9464167963586
train,642,6,0,0,366.5168726703244
train,4740,1,0,0,NaN
val,306,42,1,0,95.894867963855
train,1220,3,0,0,226.5772018541186
test,103,2,0,0,656.4042739653985
train,2879,13,0,0,139.52099839147016
train,2989,9,2,0,260.27137121097655
train,3325,12,0,0,149.38046544325002
train,3466,11,0,0,189.48152260315308
test,829,16,1,0,111.71704228445839
train,1375,24,1,0,114.20761492136413
train,1402,9,0,0,275.99702981334013
train,3538,10,0,0,307.9225097077615
train,3954,12,1,0,120.2098172916669
train,929,18,2,0,133.45321258300385
train,2757,62,14,0,91.26680596634449
train,916,19,0,0,181.9948537299485
val,818,23,1,0,166.50052925063736
val,533,3,0,0,277.4331508098899
train,1197,3,0,0,432.0019898291881
train,4558,2,0,0,58.69403458657597
train,2627,1,0,0,NaN
test,357,3,0,0,800.5824348611284
test,836,10,0,0,418.9017438914631
train,2252,4,0,0,310.6567579599929
train,2873,11,5,0,202.1742455612994
test,953,10,2,0,171.16960611143912
train,4611,1,0,0,NaN
train,1398,12,1,0,297.2527900359105
val,658,12,5,0,310.88344120590693
train,2403,3,1,0,95.80182745649523
train,280,10,1,0,107.9172773232012
train,1536,9,0,0,264.442837649833
train,2764,7,0,0,403.7442468692913
train,3011,18,4,0,112.82847115912848
test,605,12,1,0,148.07779805495983
train,2085,3,0,0,380.17275346874766
test,659,14,1,0,166.31442633275947
train,2883,29,3,0,107.26239907926546
train,5404,21,3,0,84.64616272499028
train,3347,5,0,0,282.69521577856807
train,4395,16,11,0,122.71556074865511
train,4139,8,3,0,212.8198615027677
train,4371,7,2,0,147.4193553643029
train,2798,10,2,0,196.41096568172995
train,1820,3,0,0,195.65532060338577
train,4645,9,0,0,131.1964439772686
test,795,8,0,0,282.49313965542206
train,261,6,0,0,402.2922282209193
train,1972,13,5,0,120.98045600866939
train,873,35,4,0,106.32026185069816
train,5074,11,2,0,112.93917052998499
train,1169,23,1,0,158.3985537310976
train,174,1,0,0,NaN
test,650,9,1,0,392.26795052367214
train,2314,1,0,0,NaN
train,3570,13,0,0,214.11433073035172
train,808,3,0,0,289.8766224450119
val,689,6,0,0,428.6229700800646
train,3669,6,0,0,362.68947629404863
train,799,8,4,0,136.6102930245257
val,773,14,0,0,157.57448178401336
train,1903,10,0,0,200.7159542243369
test,413,7,0,0,222.52768787733996
test,792,5,0,0,352.57155018578806
train,4548,1,0,0,NaN
test,929,7,0,0,495.201250015116
train,3056,12,2,0,66.19146758793383
train,5307,7,0,0,105.98281536499285
val,209,37,8,0,34.7314716113173
train,1083,1,0,0,NaN
test,334,17,2,0,202.0538898427414
train,4557,2,0,0,285.08490724036375
train,212,3,0,0,519.9180504504862
train,4153,5,1,0,293.3114100752889
train,4960,1,0,0,NaN
train,3321,12,0,0,185.62407339576097
train,2402,1,0,0,NaN
train,3134,20,0,0,117.70846474298064
train,1777,18,0,0,69.09561826998596
train,704,7,0,0,276.6574465007611
train,2751,3,0,0,231.6561548502988
train,3418,4,0,0,137.09655995135662
train,4450,6,0,0,325.02437283837236
val,972,5,1,0,194.24254920094862
train,1662,28,12,0,64.24829427462481
test,67,13,2,0,71.70305600413968
val,935,23,3,0,136.67959467327665
train,1332,9,0,0,300.35206144796484
train,4173,4,0,0,45.58947217193863
train,3851,1,0,0,NaN
train,331,1,0,0,NaN
train,2625,3,0,0,507.2087018182149
train,368,28,10,0,125.41660953160121
train,1427,45,0,0,106.85556479855792
train,51,3,0,0,231.98541316217634
train,2685,4,0,0,453.28357619868507
test,81,3,0,0,352.186577711462
train,2743,12,1,0,163.63142558827505
train,5328,2,0,0,1033.6163544836834
val,998,1,0,0,NaN
train,4161,14,1,0,91.02729876298571
train,975,13,1,0,163.67048652712435
train,2831,19,21,0,209.9680469039649
train,1130,1,0,0,NaN
train,962,35,9,0,155.4620578811436
train,4369,15,2,0,147.0023272781208
train,2291,1,0,0,NaN
test,72,21,8,0,140.5036936171117
train,3132,8,0,0,250.08020479054306
train,4790,10,1,0,75.69970927825985
train,3440,6,0,0,281.8962279311008
train,4297,19,14,0,92.50017989227045
test,382,21,16,0,89.88887432827327
val,319,15,2,0,210.06047281897378
train,2619,3,0,0,485.73420101179
test,542,2,0,0,780.6671425904466
val,838,13,0,0,164.51971194095748
val,129,2,0,0,440.97644232857147
train,2709,20,6,0,49.72894529783636
train,4712,5,0,0,284.1321634744396
train,4243,53,1,0,97.10041285206755
train,1095,1,0,0,NaN
val,928,16,2,0,197.92636247534963
train,3657,4,0,0,347.1518388413749
train,868,31,9,0,91.39430844683466
train,4342,2,0,0,938.4303413253568
train,4348,22,7,0,169.98300252627732
train,1691,10,1,0,49.36876081149368
train,3372,5,0,0,380.526554511038
test,981,4,0,0,322.0567629453202
train,2404,3,1,0,104.00217436645887
train,3379,4,0,0,305.95384641019876
train,2379,2,0,0,955.6405017790037
train,5013,2,0,0,885.295364045718
train,1584,21,14,0,71.54354086901046
train,823,1,0,0,NaN
train,798,8,1,0,213.78451330022477
train,1159,95,12,0,53.91885918965038
train,111,4,1,0,219.98478073891175
val,385,1,0,0,NaN
train,946,4,0,0,357.346576525019
train,3362,7,0,0,206.78181738418303
train,2229,6,3,0,206.77299476855455
train,3965,13,2,0,100.73380485587946
val,199,3,0,0,381.2304414081796
train,1183,1,0,0,NaN
train,2523,2,0,0,712.7646373272705
train,4895,15,1,0,87.30677682760725
train,5266,3,1,0,173.5197585532992
train,2433,2,1,0,36.9998789189423
train,4728,3,0,0,119.53371809693564
train,850,10,1,0,127.15689168753272
train,4869,29,8,0,53.001477875355256
test,284,5,0,0,327.9480440561896
train,2330,2,0,0,715.944781468636
train,942,8,0,0,321.6876029619001
test,307,12,0,0,246.08704483170197
train,4832,1,0,0,NaN
train,3154,9,1,0,209.43045024090077
train,3572,14,0,0,245.90059547091025
train,3196,4,0,0,374.8232005524814
train,3052,1,0,0,NaN
train,4914,2,0,0,741.1609928538803
train,3636,27,3,0,92.57647805067592
train,1293,8,0,0,252.34884935095533
train,4979,9,0,0,94.68999719205543
train,1659,31,20,0,51.623607004237854
test,412,3,0,0,468.89739334798344
val,450,3,0,0,127.6373396777981
train,1000,6,0,0,384.39883760653925
train,1833,2,0,0,1048.2291193437852
train,697,138,20,0,45.26835812796297
train,3371,3,0,0,313.08304030767295
train,3341,8,0,0,161.97883655062057
train,3897,6,0,0,441.7121188546148
test,1033,6,0,0,286.5074589191281
test,120,14,1,0,230.82443836992297
train,1720,4,0,0,487.1540804995436
train,3933,20,4,0,119.3969975170653
val,1048,3,0,0,181.24028938447418
train,3944,19,3,0,128.23121460881197
train,5378,6,0,0,396.7732430500145
train,4102,3,0,0,256.3247073854558
train,1486,13,1,0,247.4219884846038
train,648,5,0,0,426.92852805316545
test,938,4,0,0,419.2641241773125
train,1935,2,0,0,608.4882778171412
train,3220,14,1,0,98.04336689462897
train,680,4,0,0,425.9490016481051
train,3520,10,0,0,161.65469954525605
val,1116,3,0,0,440.84465835486355
train,3005,28,19,0,54.97717991500269
test,1093,2,0,0,764.8695583432303
train,4609,2,0,0,460.06093208627397
test,564,1,0,0,NaN
val,145,43,3,0,74.48721179108261
val,756,6,0,0,310.57650226890354
train,5405,32,5,0,46.42467878232423
train,2721,4,0,0,309.4622411742239
train,2911,12,2,0,215.83388831229468
val,750,16,1,0,88.24341594760725
train,1212,5,0,0,450.70883166897636
val,1028,1,0,0,NaN
train,2051,8,0,0,198.30538997783896
train,3932,20,1,0,144.83141446033076
train,1855,22,20,0,142.38521644775344
train,2230,3,1,0,417.4888973855789
train,190,15,2,0,212.50854958820597
test,876,21,3,0,160.78062838702397
train,4522,6,1,0,416.6039606406333
test,444,3,0,0,613.6849267959989
train,154,2,0,0,514.8506509196725
train,2084,6,3,0,220.68238073096515
train,2554,4,0,0,195.51208071066367
val,86,5,0,0,259.00105893288804
train,1030,12,1,0,134.68138847474367
train,258,16,4,0,189.0925863847713
train,1739,6,0,0,202.87865913118407
train,2937,20,3,0,77.0593192870906
test,815,3,0,0,645.8237262414673
train,2957,22,7,0,152.05356601791482
train,990,15,0,0,198.28091631851916
train,5177,2,0,0,160.32912524058327
val,608,2,0,0,557.8743876538917
train,2086,2,0,0,495.3104886120368
train,682,2,0,0,577.7074094733647
val,428,9,4,0,26.57543979566087
train,5314,168,11,0,51.12000078647886
train,3871,12,3,0,145.05388477460872
val,1050,6,0,0,98.25617780549503
train,3118,8,0,0,210.33682783238595
test,559,5,0,0,230.457236606837
train,4105,3,0,0,104.30664700017358
train,1098,2,1,0,46.32548914262104
train,15,22,6,0,105.27809827035932
test,537,3,0,0,71.34393630953696
train,3476,5,0,0,279.6289368432897
val,324,1,0,0,NaN
test,45,1,0,0,NaN
test,608,10,1,0,241.66818968252974
train,2497,1,0,0,NaN
train,5091,17,2,0,82.07488863290305
train,2802,9,0,0,136.0152584407556
train,2190,3,0,0,551.4764536768779
train,3895,4,1,0,489.38701641481515
val,969,19,7,0,110.45398332400359
test,971,6,0,0,60.861414020974536
train,2431,1,0,0,NaN
train,5281,9,5,0,209.38605703441385
train,5357,7,0,0,299.91966431123217
train,1276,11,0,0,200.2612212487529
train,4295,7,0,0,185.47560784120776
train,3003,31,10,0,114.50401991257453
test,190,32,1,0,129.18075428033117
val,90,5,0,0,506.0085741567311
test,849,13,3,0,208.64850630725786
train,5087,5,1,0,126.63452161269367
train,1607,19,1,0,238.1055203727982
train,4322,5,0,0,208.9494709082575
train,4302,14,3,0,136.17962391559655
train,4368,15,2,0,76.30594210571012
val,901,15,1,0,180.54405171117583
test,801,22,0,0,174.50756050611704
val,24,3,0,0,606.7019375479016
train,1148,5,0,0,445.7567599849124
train,4177,3,0,0,93.52154241719468
test,1046,4,0,0,272.1218611127009
train,777,4,0,0,514.6534722648646
train,2478,3,1,0,141.59308277088323
test,248,3,0,0,315.5685333880829
test,252,10,0,0,293.2031603116222
train,4666,7,0,0,76.03411855327212
train,1829,2,0,0,983.0482986875033
train,937,69,18,0,54.68562107196602
val,234,4,0,0,358.32570218343255
train,4045,57,2,0,79.8524729761291
train,287,2,0,0,771.8158822212447
train,2210,2,0,0,746.4194250422571
train,2607,5,0,0,200.44210687380337
train,2687,12,2,0,106.00405529799995
test,828,37,8,0,66.77144156481943
test,644,27,5,0,62.07220002746687
train,2041,11,3,0,130.54453388968525
test,834,5,0,0,411.8901684868292
train,768,8,0,0,268.4639569160634
train,1506,7,0,0,155.08819777223422
train,3211,5,3,0,51.035423634144145
train,3692,11,0,0,211.74549338323254
train,1274,12,2,0,139.44233827315642
train,4410,14,1,0,72.90100641449865
test,590,11,0,0,182.7355197002006
train,4215,8,6,0,236.5554979948238
train,4520,2,0,0,128.42343599341328
train,1361,12,0,0,262.3083182277227
train,2470,2,0,0,337.8557247113863
train,2568,3,0,0,688.4727230036805
train,1611,12,2,0,223.09529277776312
test,936,5,0,0,255.12004876402167
train,313,3,0,0,340.2117765158965
train,4127,15,1,0,121.51693551228124
train,1453,3,0,0,638.5161569892443
train,716,7,0,0,281.7164086667716
test,261,12,0,0,185.48746953197232
val,1097,6,0,0,208.46064038882227
test,23,12,2,0,203.17851717248453
train,3648,6,0,0,187.31040099312372
val,919,15,1,0,100.94783032855139
train,4660,10,1,0,48.28131029964614
test,952,7,0,0,370.8563736220027
val,320,36,10,0,127.27112475476045
train,751,7,0,0,134.37932389668345
train,836,2,0,0,88.95464264548154
train,2723,7,1,0,288.2411556184332
train,4553,1,0,0,NaN
train,2485,2,1,0,77.96326386248289
train,3098,13,2,0,159.43716500262965
test,857,34,2,0,110.91897351795849
test,712,12,0,0,100.67111420242816
train,4770,1,0,0,NaN
train,3717,26,0,0,113.01715864931944
val,891,20,2,0,191.6278743400955
train,4193,9,0,0,333.1225573402764
val,1111,3,0,0,357.94525391481216
train,4199,8,0,0,288.32250264525436
train,784,6,0,0,420.4296092337204
test,548,1,0,0,NaN
test,748,5,0,0,136.9324829859795
train,921,40,4,0,97.6188119278738
train,1270,10,0,0,188.1819338840283
train,1502,9,0,0,293.08396765477863
train,4603,1,0,0,NaN
test,911,5,0,0,203.26654638743548
train,361,11,0,0,136.15579329694924
train,3300,13,0,0,178.137663799957
train,3360,13,0,0,177.82140451596283
train,121,17,8,0,130.15859870175348
test,311,1,0,0,NaN
test,870,16,1,0,261.3228195338587
train,1204,3,0,0,97.4081132664203
train,2595,6,0,0,402.867961774369
train,3628,3,0,0,312.6179728173446
train,900,8,0,0,219.95547566441957
train,4533,2,0,0,695.2762249466285
val,531,2,0,0,311.50344460711705
train,4255,31,3,0,110.0156020240108
train,2566,5,0,0,227.55026476023178
train,5085,11,2,0,120.79371765237025
train,2253,4,1,0,262.71254691257815
val,809,10,0,0,278.65820105548636
train,1735,8,0,0,119.10064181198013
train,2097,3,0,0,479.9372769358942
val,772,14,0,0,171.06330270807564
test,746,1,0,0,NaN
train,730,5,0,0,261.839463733099
train,1929,1,0,0,NaN
train,3156,9,1,0,267.6590320241471
train,3600,8,0,0,253.89986136291301
train,1050,13,1,0,88.00078008980216
train,963,38,6,0,119.91625514398817
test,543,3,0,0,594.5549520107127
val,840,30,0,0,124.79763459430144
val,181,2,0,0,429.80161146334984
train,307,6,0,0,399.0252134395921
val,1047,3,1,0,94.13322814130555
val,820,20,0,0,113.15316776865208
train,4952,1,0,0,NaN
train,1024,1,0,0,NaN
train,3597,16,1,0,116.60153742734903
train,3222,27,6,0,62.177045282832644
train,1817,1,0,0,NaN
test,185,3,0,0,285.4776263041194
train,997,13,5,0,102.59138833304868
train,1757,1,0,0,NaN
val,436,3,1,0,208.8488015004762
val,192,35,9,0,89.46657539161255
train,3510,9,0,0,198.27402653915905
train,2262,1,0,0,NaN
train,786,6,0,0,240.64691781067722
train,1165,41,20,0,88.77662530221666
train,3992,8,0,0,347.09278281879995
train,34,2,0,0,370.8736091129248
test,280,6,0,0,306.9177640182271
train,2849,10,1,0,333.50011497465573
train,2712,6,0,0,355.3717734886553
test,1015,8,0,0,65.40081906833593
train,219,5,0,0,422.9917558728664
train,4484,6,0,0,108.079532535119
train,2535,1,0,0,NaN
train,2655,22,0,0,45.069627024096135
train,2184,4,2,0,102.02619299437166
train,4136,7,1,0,302.3355625809215
train,3366,4,0,0,433.0281208643088
train,2231,3,0,0,510.53927566852224
train,2280,1,0,0,NaN
train,5366,1,0,0,NaN
val,702,8,0,0,190.14039558930003
train,2388,1,0,0,NaN
train,3223,20,1,0,91.73790543409376
val,1085,34,23,0,46.387026197266955
test,452,13,6,0,274.3831355460665
train,3568,3,0,0,497.5005120009263
train,4596,1,0,0,NaN
train,5213,3,1,0,91.01785416492439
train,4496,2,0,0,70.45903343244568
train,1602,8,2,0,269.723621283316
train,1615,12,1,0,288.24782276866586
test,741,8,0,0,240.84747458207363
train,197,17,2,0,124.58850765946693
train,3844,2,0,0,555.5109735442154
train,2853,10,1,0,176.3053993845122
test,96,2,0,0,442.1279904284007
train,3738,8,0,0,303.1195480338673
train,5324,8,3,0,228.54401522060607
val,775,13,0,0,219.9833109312976
test,757,5,0,0,226.6303305740506
train,403,3,0,0,618.9947542537328
train,1834,2,0,0,990.2351605238631
train,1318,7,0,0,458.91680738049155
val,585,5,0,0,226.42894295866517
train,2974,35,7,0,53.256502782818814
train,3816,2,0,0,70.89633254426003
test,710,14,0,0,128.5561430551429
test,136,1,0,0,NaN
train,252,16,1,0,167.15894116463025
val,153,5,0,0,632.8409705449964
val,675,101,41,0,57.21886961492001
train,4910,2,0,0,36.055239399675905
train,269,24,1,0,178.95004697147118
train,5300,5,0,0,244.72955999674147
train,2696,13,1,0,52.612111762468686
val,1010,3,0,0,384.54471215742194
train,4939,11,1,0,64.4298170738754
val,115,11,0,0,257.756495941479
train,4861,9,1,0,111.59405052255113
train,3171,6,0,0,273.35458625059033
val,1136,2,0,0,254.65695878274195
train,1629,13,1,0,258.55947091530027
train,1373,10,0,0,230.1664563421462
train,4446,5,0,0,453.9298541421183
train,527,8,1,0,273.1841847205422
test,882,9,3,0,35.93414265161336
train,3453,4,0,0,403.6371664399861
train,1163,59,19,0,95.3791864093125
train,278,33,1,0,107.84794355068435
train,3610,27,0,0,127.94706818069271
train,3995,15,1,0,186.63423883157034
train,5185,5,0,0,173.14343972625585
train,4265,17,3,0,193.75902989029882
val,264,7,0,0,391.77339358440355
test,502,1,0,0,NaN
train,1592,27,21,0,60.81582846905778
val,534,2,1,0,36.00669493510201
train,4246,45,7,0,114.31548941819568
train,822,5,0,0,209.48527482454074
train,3010,29,10,0,114.7537108790474
train,366,27,6,0,102.4147676933779
train,3172,6,1,0,278.14872186102644
train,5107,7,0,0,97.00065113513412
train,2249,2,0,0,453.55309115493714
train,1754,5,0,0,423.7188241854434
train,754,3,0,0,92.54942299543235
test,66,4,2,0,444.8874121359663
val,20,9,2,0,236.6039832976646
test,135,1,0,0,NaN
train,5284,6,2,0,314.6050045886659
train,4538,2,0,0,90.53418148555
val,489,2,0,0,633.7343640232942
train,3475,9,0,0,274.60733158479917
test,1024,2,0,0,484.2501632520608
train,3006,16,9,0,186.44779323294114
test,965,9,2,0,187.44856382656022
val,476,4,2,0,278.1575127335999
train,3292,4,0,0,223.89773881927738
train,4586,2,0,0,434.72148941677864
test,975,5,0,0,30.602178746534
train,1564,3,0,0,514.8689091412812
train,2361,1,0,0,NaN
train,4053,39,9,0,104.67711536821912
test,194,127,32,0,38.02985417278709
train,4291,19,3,0,117.56755981245851
train,1006,4,0,0,509.2122283532882
train,2471,12,6,0,125.77235297249311
val,634,9,4,0,352.9653164604731
train,4454,6,4,0,192.38203880849966
train,4074,15,2,0,199.31453763374245
train,3755,30,0,0,125.23312436126207
train,771,8,1,0,275.418178193253
train,4022,26,0,0,141.94737841908238
val,390,1,0,0,NaN
train,903,6,1,0,273.30083090997533
train,50,3,0,0,703.2427340943142
train,906,3,0,0,350.92647633407023
train,2120,8,1,0,102.00033572559667
train,3012,11,0,0,156.7320769212125
train,4835,2,0,0,477.57812621619087
train,3489,4,0,0,314.21945746373643
train,2810,3,0,0,817.0018073520248
val,647,11,4,0,102.2178160608354
train,1768,24,1,0,65.3334735722573
val,1092,5,0,0,31.673998169653284
val,77,6,0,0,348.5799669290389
train,308,7,0,0,371.5295989070519
train,1296,2,0,0,133.73916410790295
val,942,9,0,0,141.15189208884928
test,1036,5,2,0,57.31717718167722
train,2806,18,5,0,163.61290878206395
train,4227,10,1,0,206.07239444212587
train,1863,8,2,0,156.77442091512333
val,41,13,2,0,194.50590308788762
train,1733,13,3,0,51.45161968329877
train,3955,10,1,0,122.8890392214742
train,295,2,0,0,670.2497547751643
train,3862,19,5,0,64.2032358086098
train,4948,1,0,0,NaN
val,277,2,0,0,29.262031920541393
train,1934,7,0,0,339.86194107613
train,284,5,1,0,479.4682447381714
train,1727,8,0,0,141.12275566298666
train,2947,20,7,0,95.26952797303449
train,1329,14,0,0,200.4512572519408
val,717,6,0,0,493.3453043381437
train,2662,4,0,0,329.14597479231327
train,2786,11,7,0,189.6739696637606
train,3720,4,0,0,329.8033157783979
train,398,83,39,0,89.55023323253289
train,1490,11,0,0,256.93772615229796
train,2462,1,0,0,NaN
test,1031,2,0,0,440.87500768433864
test,908,5,0,0,291.5156609721856
train,4972,5,1,0,69.14757263383866
train,4598,3,0,0,427.37519988057164
train,2218,4,0,0,188.20246598523045
test,162,6,0,0,344.062049125554
train,4834,2,1,0,78.16107881242618
train,43,2,0,0,388.61661123560674
val,282,12,0,0,359.002594223272
test,1086,2,0,0,575.3972169140188
test,381,11,3,0,222.73413672892147
test,42,3,0,0,621.117387540918
train,5361,6,0,0,361.6478681161729
train,2867,1,0,0,NaN
train,671,20,0,0,172.01992830780603
val,434,3,1,0,36.31055648675535
train,2596,2,0,0,68.76422790979117
train,2070,7,5,0,54.90521374696645
train,5037,5,0,0,365.70833169630026
val,228,4,0,0,198.97606390091295
test,385,5,0,0,548.023320380385
test,643,25,8,0,44.20680183081041
train,344,4,0,0,586.7504351837019
train,1238,4,0,0,110.36011769969261
train,1168,50,11,0,93.81983457831912
val,742,2,0,0,171.9639765104635
train,4917,5,1,0,430.2774253158945
val,744,7,0,0,294.37647112624563
val,538,1,0,0,NaN
val,1082,25,13,0,61.393113367238556
train,4356,16,7,0,148.45298348300216
train,1412,9,0,0,395.957162189618
train,1608,10,0,0,278.1888156486818
val,296,8,0,0,321.94995594444333
train,164,3,0,0,511.5885380267356
train,5115,10,2,0,99.72616933793637
val,313,2,0,0,527.0594304268436
train,2237,1,0,0,NaN
val,1060,2,0,0,754.3743833939136
val,504,4,2,0,72.18647442030195
test,606,10,3,0,218.87063064843903
test,598,8,1,0,231.5239804554132
train,1812,17,2,0,243.24885390901676
train,1465,14,1,0,172.72009013617728
val,730,5,0,0,207.5385209564419
train,5057,5,0,0,376.15229215968776
train,4352,12,2,0,140.08317409320287
train,4353,7,1,0,243.148277494229
train,4379,11,0,0,142.8998517062031
val,558,2,0,0,336.1966896923621
test,654,4,0,0,377.8367683268293
train,3297,7,0,0,293.9454469115254
test,637,20,0,0,41.247153605940696
train,3522,17,0,0,143.2709072492905
train,4975,6,0,0,120.49972248973191
train,3131,7,0,0,146.32155165978787
test,566,1,0,0,NaN
train,4855,9,2,0,101.87352527536137
train,4612,1,0,0,NaN
train,3283,5,0,0,336.8920945603435
train,2597,4,2,0,361.72253386691875
train,431,1,0,0,NaN
test,1041,11,9,0,65.54754122067257
train,4672,4,0,0,183.4307600617156
train,2608,4,0,0,229.00579528115486
train,2935,17,2,0,156.43541415061705
train,4135,23,11,0,69.35836122942281
train,1824,5,0,0,109.75670928124069
train,4804,2,0,0,401.1039433369619
test,982,1,0,0,NaN
train,4838,2,0,0,847.3900372419645
test,1066,14,1,0,107.24280219481709
train,1521,3,0,0,192.30775763883238
train,1766,13,0,0,111.01868527628639
test,193,54,19,0,51.347589938462704
val,1069,3,0,0,507.90233335184604
test,896,7,0,0,222.95824706898773
train,5393,23,12,0,62.550311527197934
test,625,15,4,0,80.21929174830744
train,3620,17,0,0,191.81365690714296
train,2196,5,2,0,155.27059734596588
train,4222,8,0,0,202.49297723964457
train,820,2,0,0,646.4427927420115
train,2765,3,0,0,499.8534755067122
train,5338,17,2,0,87.59058315047925
train,4137,11,1,0,180.82888950671122
train,1500,12,0,0,286.15055140549674
train,1742,4,0,0,313.32176129502704
train,1601,10,3,0,271.52753554172966
train,5218,9,1,0,84.23318918345898
train,795,7,1,0,165.0827574307723
train,4581,3,0,0,142.19825174775818
train,4511,5,0,0,198.13772987502833
train,3553,4,0,0,380.27785275399896
train,196,14,0,0,165.54542520488275
train,4493,14,0,0,67.8286549895094
train,2990,9,3,0,367.6798104876796
train,4014,23,2,0,163.56244752489138
val,566,3,0,0,538.7451709593712
train,1336,10,0,0,296.60974880888125
train,1558,7,5,0,160.42560932853306
train,1838,3,0,0,412.1786952864433
train,5310,9,0,0,308.41408722743637
train,3744,7,0,0,389.104355113208
val,363,14,2,0,105.54315339605398
val,714,9,1,0,153.27308303884084
train,70,58,58,0,97.89971806523492
train,1213,5,0,0,407.06300847003007
test,62,15,3,0,196.0153332379772
train,2754,1,0,0,NaN
train,4851,4,0,0,177.7253046022414
train,198,3,0,0,556.7304293178195
train,519,6,0,0,248.0222530342497
train,94,31,1,0,98.04351996958611
train,88,62,5,0,103.17092171791383
train,5167,6,0,0,291.5204595571388
train,3878,15,4,0,194.35154811844143
test,665,13,0,0,251.77037916328956
train,2690,5,0,0,288.7658723062057
val,332,21,5,0,158.79578835858976
train,4116,2,0,0,388.6350302688971
train,853,8,0,0,157.470142846985
train,2125,4,0,0,235.55863306497224
train,3165,4,0,0,290.168335930015
val,80,3,0,0,494.80637210141896
train,138,2,0,0,548.5814769901015
test,289,10,1,0,238.64187210213896
val,513,2,0,0,579.8155441724779
train,2309,1,0,0,NaN
test,804,16,0,0,205.5910620453481
val,1166,17,2,0,93.69763173123393
train,1946,15,9,0,176.50230090405637
train,1070,2,0,0,808.5357214427341
train,120,20,4,0,161.3476315387415
train,4281,10,0,0,121.10833332281643
train,352,17,3,0,176.48300736331822
test,866,23,1,0,126.51575174920161
train,2277,2,0,0,731.2641652919043
test,461,4,2,0,184.18541405906825
train,3190,6,0,0,273.8985690486235
train,1532,5,0,0,349.77982393554066
train,1561,4,1,0,232.29703537681013
val,1022,3,0,0,91.90298911669117
train,4477,2,0,0,943.2663153533293
train,3202,7,0,0,130.90637222442027
train,447,17,3,0,104.58086976257138
train,2817,6,0,0,317.1513799176397
train,1857,18,6,0,92.76105284714515
train,4591,3,0,0,423.720099877355
val,599,6,1,0,274.99604522975494
train,124,22,4,0,126.43718687256037
test,705,13,0,0,232.60094978320967
val,298,9,0,0,316.35560821432637
train,1085,14,2,0,193.18787497728732
val,594,6,0,0,201.77257550198794
train,1036,1,0,0,NaN
val,486,1,0,0,NaN
train,5163,3,0,0,299.18055872944655
val,375,7,1,0,477.07624405399355
train,1381,7,0,0,229.49634405835212
train,1802,1,0,0,NaN
test,692,6,1,0,241.41399564828765
train,290,3,0,0,612.0593686108843
train,3426,11,0,0,234.62451943925043
train,1177,6,0,0,505.7198577656251
train,2736,7,1,0,198.61550163171756
train,4518,4,0,0,439.39646568264413
train,3487,1,0,0,NaN
train,3918,27,0,0,137.84908821038758
test,225,8,0,0,295.41705004300024
test,49,5,0,0,436.4092573724035
train,2951,15,1,0,172.4184224034996
train,310,24,1,0,119.21816747641344
train,1431,4,0,0,185.2438960104729
train,4549,5,0,0,169.78029789156773
train,4799,2,0,0,765.8804778608537
train,4772,7,0,0,39.38600949711071
val,511,3,0,0,494.09121280998505
test,784,2,0,0,822.4758299770555
train,2131,4,0,0,295.7187686520962
test,10,2,0,0,899.6473098727521
val,706,3,0,0,90.01815736967419
train,4367,8,0,0,243.90158537954505
train,4009,35,3,0,111.42442597813579
test,506,2,0,0,478.7839207327607
train,3473,33,1,0,120.03748454606782
train,5143,3,0,0,254.66045708126873
train,5011,2,0,0,291.9323084006797
train,1810,13,3,0,312.7814936215848
test,576,23,7,0,139.43929988733112
train,2050,14,4,0,179.56946176907363
train,2592,3,0,0,263.6535118678604
train,2378,5,1,0,227.28899552821795
train,1924,15,1,0,131.38680944463934
train,3514,12,0,0,130.03916788724297
train,2419,2,0,0,1056.779010253459
train,75,1,0,0,NaN
train,294,2,0,0,776.6168924973032
train,2875,9,2,0,384.82765006696496
train,779,10,0,0,190.7175798085609
train,3285,4,0,0,218.54356570452887
train,4066,17,1,0,129.00387491861002
test,997,13,0,0,69.6510538061943
train,3981,32,2,0,118.23077205589902
train,2669,3,0,0,767.4046835927195
val,269,3,0,0,530.0909804028229
val,803,10,0,0,211.4199818193752
train,5101,7,2,0,96.89229146063451
train,1143,10,0,0,391.5183411535802
val,863,6,0,0,409.2953576096576
train,4226,14,1,0,185.76243627739302
train,1114,14,3,0,181.83730627244464
val,839,15,0,0,172.68589005542563
test,851,23,4,0,180.26690802275093
train,457,8,0,0,250.31202787895154
train,1737,9,3,0,61.502313978605216
test,1021,3,1,0,77.89680640710502
test,202,14,1,0,185.0816133497309
train,1591,24,11,0,61.20392928904803
train,583,44,1,0,104.65220654747765
train,2123,6,3,0,86.22353312568946
test,422,5,0,0,296.6152922301412
train,1654,7,0,0,329.5770425260303
test,87,21,9,0,142.2055385745576
train,4928,2,0,0,231.0903167525915
train,595,3,0,0,601.945756174436
train,4773,1,0,0,NaN
test,245,5,0,0,403.0529163678268
train,2636,2,0,0,256.7047485661805
test,664,16,0,0,124.86668778014679
train,948,3,0,0,758.7294577126601
val,444,11,4,0,145.60378083017616
test,302,10,0,0,283.2504260204251
test,658,21,0,0,109.41356252437562
train,1575,33,12,0,58.87328222828908
train,2281,2,1,0,413.0515974163837
train,3424,8,0,0,178.36957919089383
train,659,1,0,0,NaN
train,2381,1,0,0,NaN
test,951,5,0,0,498.70063676050927
test,157,8,2,0,211.71064321721155
train,4375,6,0,0,275.69516973486657
train,5083,9,3,0,127.51616976804688
train,177,1,0,0,NaN
train,4062,10,0,0,205.02886833911444
train,2017,3,0,0,263.27240481316795
train,576,5,0,0,481.1924587108888
val,637,42,15,0,85.45062712112141
train,2576,3,0,0,351.2870829165607
train,2368,1,0,0,NaN
train,4534,3,0,0,69.08001806864658
train,1979,13,4,0,173.00033900594818
val,398,3,0,0,411.2525662901404
train,961,38,7,0,140.7401480453765
train,292,2,0,0,650.3228720690296
train,1066,5,0,0,486.04435084889
train,4941,7,1,0,79.07685457150302
train,2725,2,1,0,365.04124117785045
train,1252,1,0,0,NaN
train,3789,11,0,0,198.9687155740414
train,2791,18,3,0,227.1077130882347
train,4707,9,0,0,90.73184252664865
train,2390,1,0,0,NaN
test,379,9,3,0,88.69768403075031
val,97,12,4,0,132.53912859042634
train,2071,3,0,0,493.8850630989304
test,667,17,0,0,145.30672304014567
train,811,6,0,0,393.59447701493013
test,968,21,4,0,199.21113495169243
train,2174,9,2,0,247.98811945760386
test,802,48,8,0,54.474927586636724
test,880,11,1,0,78.10184448798877
val,682,3,0,0,368.2082442099651
val,123,1,0,0,NaN
train,2644,10,0,0,107.87638889520277
val,87,4,0,0,354.4966108031258
train,2769,8,0,0,384.7032325115772
val,361,4,0,0,143.77296443911422
train,1750,6,1,0,255.36234021609388
train,3491,5,0,0,367.3921414519592
val,1017,2,0,0,501.78965735061774
val,855,3,0,0,500.46071035446187
train,215,5,1,0,433.01041807340204
train,855,4,0,0,180.74448470676907
test,199,18,1,0,141.01195280253285
test,803,9,0,0,147.02095061841493
train,1504,24,11,0,152.89104748795137
test,58,4,0,0,576.9554830925306
train,3093,5,0,0,301.5144225823762
train,971,16,1,0,212.94449183803368
train,2276,2,0,0,445.325163717968
val,262,2,0,0,69.04526341540331
test,862,13,1,0,291.05236936560425
train,3561,18,0,0,183.04212101112105
test,8,2,0,0,539.2107346269526
val,515,2,0,0,364.06097397126376
train,4143,9,1,0,268.86521396464815
train,5098,7,0,0,193.42725810017708
train,1113,7,0,0,406.74492439371784
train,3913,11,5,0,135.1895124344913
test,530,3,0,0,156.53911393851823
train,577,9,1,0,255.90481045940138
train,561,2,0,0,998.6846263440874
train,896,10,2,0,179.9914480840327
train,4018,20,2,0,165.4066547525257
val,971,5,0,0,342.0240072277125
train,2066,5,4,0,311.50033728410097
train,3736,2,1,0,116.05667856885785
train,3658,5,0,0,356.62662361639474
train,2574,4,3,0,153.99115128045509
test,805,14,0,0,288.4789418021071
train,4451,12,0,0,270.5887808489479
val,753,18,2,0,84.04269747448386
val,842,9,0,0,303.72632944959116
train,4402,3,0,0,600.1745390804539
train,2495,2,0,0,818.7334897465311
train,932,96,24,0,37.26700177395309
val,581,4,0,0,383.2373109028022
test,1077,33,5,0,47.011285800142105
val,389,4,0,0,401.49225961089667
train,847,34,0,0,76.63189289434021
train,1869,5,0,0,333.54485875312184
train,1228,17,3,0,144.3915680659141
train,1347,12,0,0,223.15779783887433
train,5144,8,2,0,114.77319009742422
train,4469,2,0,0,855.6408392312952
train,4111,12,2,0,59.57540311381074
val,1004,7,0,0,67.57315171577255
train,2617,6,0,0,150.08393022714338
val,560,1,0,0,NaN
train,358,14,1,0,154.84447837899177
test,236,3,0,0,365.80027190966354
test,1052,4,0,0,148.67526138857625
test,869,11,1,0,250.56222888618652
train,4441,14,2,0,117.57940459596334
test,611,5,0,0,160.02725478083465
test,1122,4,1,0,118.03920479581862
train,1009,4,0,0,509.3107828331923
train,1574,13,4,0,64.70103838457295
train,1919,3,0,0,525.5477583783037
test,398,2,0,0,601.1851316331662
train,4167,6,0,0,261.5893907027707
train,668,13,0,0,225.85801076183068
train,647,5,0,0,413.81788976324646
train,1881,5,1,0,351.8336993299325
test,567,42,8,0,116.97837942065374
test,1084,3,0,0,594.8401735996748
train,880,33,1,0,104.15618042176474
val,841,13,4,0,86.20509729827351
train,1405,7,0,0,276.2657258806409
train,2703,8,0,0,333.7159855686192
train,545,5,0,0,528.2528505328057
test,377,11,0,0,334.4607812467486
train,5332,3,0,0,578.6058345381927
train,1995,7,1,0,58.363306966812544
train,2538,1,0,0,NaN
train,4978,5,0,0,86.755495321225
train,3739,8,1,0,203.42009045857037
train,5401,16,4,0,64.36008077880076
test,374,5,0,0,314.494023475231
train,4419,8,2,0,174.64591967062515
train,4178,6,0,0,139.7757624204025
val,156,29,1,0,140.21564991341012
train,442,2,0,0,606.7630816469381
train,4015,19,2,0,185.4519213598925
train,1980,19,3,0,168.28687516306636
train,2158,5,1,0,533.9717992572276
train,1059,7,0,0,326.1969697973478
train,4943,3,0,0,442.65143995833074
train,1669,27,9,0,54.885979266941526
train,5118,15,8,0,74.17703741811208
test,645,25,5,0,54.3161139999099
train,4473,4,0,0,54.20707590525887
test,1054,2,0,0,686.7440357863824
train,2375,1,0,0,NaN
train,3470,27,1,0,139.17645387212167
train,106,4,0,0,288.0051663993801
train,4574,2,0,0,311.4902433153261
train,5372,3,0,0,359.21057904264103
train,347,10,2,0,266.57882995587715
train,3821,13,0,0,92.52131387265838
train,1463,16,1,0,198.45624992964878
train,2650,1,0,0,NaN
train,2025,1,0,0,NaN
train,4562,2,0,0,903.283680198038
train,130,2,0,0,158.36184540548717
train,1510,48,9,0,58.298564236166115
train,3456,4,0,0,271.22711807080947
train,5247,5,0,0,366.6935341891258
train,5349,6,1,0,120.60330396977511
train,1970,19,1,0,130.79494516275463
train,1734,9,1,0,78.50610503951359
val,968,6,3,0,237.03480437014784
val,976,24,2,0,88.05701747229469
train,3084,9,2,0,136.30519597009655
test,769,15,1,0,76.21314008263552
test,143,2,0,0,756.7624736997385
train,816,6,0,0,214.730376517688
train,5005,1,0,0,NaN
train,1896,3,1,0,142.8629989900646
train,4268,31,5,0,67.60190198519862
train,541,3,0,0,469.5821317044149
train,3848,1,0,0,NaN
train,4458,34,3,0,70.17286872145114
train,502,7,1,0,114.51355476198579
train,2742,8,3,0,163.9584403935576
train,3135,10,0,0,194.18278191397144
train,1964,19,3,0,112.87155290994765
train,89,54,1,0,84.89369699768748
train,4141,4,0,0,293.25049320892407
train,1124,13,0,0,120.0843633469034
train,3868,7,0,0,182.6322620808801
test,868,18,1,0,133.22211425746045
train,3943,31,8,0,96.91550596461765
train,3421,5,1,0,60.903449229305714
train,3578,7,0,0,122.32008652773496
val,358,16,2,0,80.97591542385265
test,1114,3,0,0,345.2738989036856
val,726,4,0,0,505.4516152987005
train,3693,19,0,0,205.06252626999014
train,4422,14,3,0,71.28136609315582
train,2857,5,1,0,248.68158243073816
train,1279,30,3,0,139.00584272430672
train,1631,16,1,0,247.37947244031497
train,4180,4,0,0,286.2989142107874
test,885,4,0,0,245.8014629215306
train,449,5,1,0,386.1360564983691
train,3289,6,0,0,309.295323030277
train,2227,2,0,0,660.351054988877
train,1918,2,0,0,460.2462785944888
train,4621,3,0,0,224.51379784814702
train,262,4,0,0,315.4353165307316
train,3344,7,0,0,205.15589779511294
train,2347,3,0,0,655.8363175671395
train,4320,14,0,0,228.67047225226912
train,4876,6,1,0,71.94567962221993
train,4272,1,0,0,NaN
train,1862,8,2,0,227.6216216461417
test,589,14,3,0,146.51339089710518
test,593,2,0,0,429.9069881177461
val,198,6,0,0,331.0626032528366
train,1655,16,3,0,113.02705134175017
train,5395,17,3,0,101.42572825587446
train,1943,23,10,0,176.60442938988805
val,16,17,1,0,177.56819584705448
val,1052,7,0,0,111.54050105756673
train,3357,13,0,0,218.036769596748
train,1907,16,2,0,132.8056055032414
val,107,12,0,0,252.7275697189102
val,951,8,0,0,261.480886071677
train,3349,11,0,0,228.86776486021031
test,552,31,7,0,45.96717924870896
train,5294,19,18,0,148.00665930998645
train,1549,11,0,0,287.880328609389
train,1348,10,0,0,254.88948521174962
train,4551,6,0,0,281.89379436901606
train,5150,4,0,0,314.5027883770538
train,1416,28,0,0,142.94426186606862
train,1646,17,2,0,183.9893483444937
train,1547,10,0,0,361.62219166177533
train,4918,8,0,0,102.75650636059
val,669,3,0,0,119.36586359604536
train,1955,6,2,0,193.33712806427184
train,1954,2,0,0,907.6590477314777
train,4120,1,0,0,NaN
train,3603,13,0,0,169.7531443961945
train,2918,6,2,0,448.3014155782918
train,2671,35,10,0,41.51185566488675
train,1167,69,37,0,100.84614277351383
train,4460,12,5,0,63.400551881222455
train,1449,3,0,0,506.02437664653263
val,739,13,0,0,194.6911585905224
train,1216,4,0,0,406.0377747169798
train,2851,13,3,0,102.3292299986006
train,1131,3,0,0,835.0266520394905
train,814,18,0,0,123.87876252655862
train,4572,1,0,0,NaN
train,4470,3,0,0,828.3093618209018
test,386,7,0,0,187.7409853181952
train,4796,10,0,0,100.22432726820654
train,954,8,0,0,410.32913333861364
test,499,2,0,0,742.2782459216303
train,3840,3,0,0,110.91080229068724
test,1040,12,0,0,107.72293860915917
train,1257,4,0,0,167.8357667198002
val,143,28,7,0,153.76668283914472
train,4925,7,0,0,244.22519061000352
train,1626,11,2,0,288.50061002369137
test,749,7,0,0,92.08261064992934
train,4649,13,5,0,47.60468565435401
train,2553,5,2,0,121.84012633149702
test,118,5,0,0,392.51069319480615
train,1244,16,0,0,175.7774497510368
train,114,15,11,0,190.00241851121686
test,661,24,0,0,162.27118160080607
test,825,1,0,0,NaN
train,110,6,1,0,178.51985839384483
train,1988,22,13,0,128.93871567557008
test,68,3,0,0,505.82030652802837
train,1651,9,0,0,308.0129928179153
train,2046,4,0,0,271.01014714731264
val,393,4,0,0,433.5960305450286
val,619,1,0,0,NaN
train,2758,4,1,0,299.9972820639213
train,222,15,1,0,180.2921138598191
val,1117,2,0,0,278.4713004386699
test,37,9,1,0,368.7736151082742
train,1408,7,0,0,328.50668783525947
test,899,22,2,0,44.98329386223237
train,1382,11,0,0,239.01960659342532
train,793,6,0,0,310.50958168844437
train,4698,9,1,0,74.35909316307468
train,1144,9,0,0,363.3268733915469
train,4391,16,1,0,59.51872606640113
train,2674,13,3,0,128.14102731065637
train,3441,5,0,0,252.87183004855143
train,387,1,0,0,NaN
test,115,5,0,0,603.5785114268864
train,5125,20,17,0,65.55388710007371
train,4089,7,0,0,410.46481351782904
test,445,3,0,0,663.6020361512641
train,4256,15,0,0,135.73012553005117
train,3544,9,0,0,350.8377327964044
train,1579,24,8,0,65.46641169876551
test,1111,7,4,0,147.22567249041853
train,5297,7,4,0,193.70384450567983
val,628,1,0,0,NaN
train,2357,1,0,0,NaN
train,351,9,0,0,291.47331184901026
train,1015,3,0,0,600.2737949171993
train,4739,4,0,0,79.67770083115376
train,3518,20,0,0,145.7584409738448
train,2591,3,0,0,265.81388941917146
train,4097,18,4,0,65.3413901217098
train,19,3,0,0,416.79968608446256
train,0,1,0,0,NaN
train,3110,15,0,0,247.43600688668303
train,3643,8,0,0,230.90341669204994
val,1122,1,0,0,NaN
train,3788,9,1,0,198.34389525273937
test,619,6,2,0,349.7132897738371
train,2865,4,0,0,519.5426699738223
train,1559,2,1,0,350.7347497358661
train,3591,14,0,0,135.74285216172598
train,3853,1,0,0,NaN
train,2502,1,0,0,NaN
test,501,2,0,0,316.5476221002455
val,591,2,0,0,756.9117687551416
train,1187,1,0,0,NaN
val,60,8,1,0,370.35301280825655
train,5335,3,0,0,288.53524085916223
train,1116,9,1,0,195.12193775310436
test,782,5,0,0,274.72003375145084
train,3548,4,0,0,495.37189336625977
train,3540,6,0,0,394.5726234688241
val,844,6,0,0,179.82961265857622
val,847,45,2,0,93.83571133033742
train,3993,10,0,0,306.66461112763807
val,641,5,0,0,314.5224780266777
train,311,1,0,0,NaN
train,4713,3,0,0,290.25902253059024
val,1064,2,0,0,493.72325329949865
train,1271,4,0,0,374.111029391515
train,2448,1,0,0,NaN
train,1837,2,0,0,516.8877283905703
val,141,7,0,0,252.11157006407512
train,47,10,0,0,226.43176702307088
train,3534,7,0,0,287.7578148104058
test,540,9,2,0,170.38347816648363
test,494,4,0,0,488.4668802608452
test,354,7,1,0,175.71985226679888
train,3033,24,3,0,49.90098383204554
train,4070,18,2,0,175.31304591870077
val,231,9,1,0,152.97302444785137
test,693,13,0,0,144.95813729643325
train,865,15,2,0,164.24661165486003
train,985,8,0,0,293.8296579511141
train,1334,12,0,0,273.5850955192483
train,2329,2,0,0,730.5518289516039
train,5174,4,0,0,264.1443128529478
train,3346,10,2,0,190.81369540933116
test,394,1,0,0,NaN
train,1435,58,24,0,47.894413705775975
test,923,5,0,0,264.2003627562082
test,960,3,0,0,580.1740628744398
train,3846,5,0,0,107.70543087668705
train,696,44,8,0,62.49493551973903
train,2421,8,3,0,89.42165384588631
train,4340,5,0,0,330.95540207170893
val,160,5,0,0,384.40074888617204
val,866,8,1,0,228.2600579950917
train,2536,1,0,0,NaN
test,315,1,0,0,NaN
train,4643,20,1,0,41.93229954250817
train,2898,7,5,0,186.79540439783173
test,910,4,0,0,311.42363637639767
train,3377,6,0,0,413.79563120036914
train,727,7,0,0,261.97138002504454
train,2477,1,0,0,NaN
train,2819,11,3,0,105.1010962512643
train,4456,4,0,0,151.47149493733582
val,44,12,0,0,185.19450316795647
train,2453,1,0,0,NaN
train,3960,10,0,0,207.18595874705778
test,603,6,0,0,461.8475323686165
train,1214,4,0,0,429.78507448028813
train,3677,6,0,0,289.9731959031575
train,934,67,33,0,44.02783301868871
train,5062,2,0,0,1011.3281041642073
train,3361,20,0,0,203.41057445446816
train,2741,21,8,0,177.55384680101722
train,2965,9,0,0,194.10408754136859
train,4638,3,1,0,24.626888086257622
train,3708,6,0,0,240.30473779393157
train,2820,6,5,0,204.10596067517673
train,1543,5,1,0,188.32122718417213
train,327,1,0,0,NaN
train,5188,4,0,0,199.76896645922423
train,1267,1,0,0,NaN
train,2771,3,1,0,229.4626628631212
train,1017,2,0,0,952.6761349043614
train,5108,4,0,0,289.9268486633731
train,606,4,0,0,400.4017329862919
train,381,2,0,0,475.7566905222048
train,2117,3,0,0,418.24335681593993
train,3122,9,0,0,212.27430175155826
train,3359,13,0,0,142.7453813205676
train,3665,6,0,0,185.60759506056854
train,4310,11,0,0,82.46972748855706
train,748,2,0,0,653.5373314264936
train,4012,21,2,0,156.92396380500787
train,3580,11,0,0,218.0699214481667
train,4476,3,0,0,78.36648416337177
val,817,4,0,0,141.61061061497915
train,3245,3,0,0,350.03233345522324
train,2336,3,1,0,35.38356499851443
test,551,1,0,0,NaN
train,4020,29,3,0,110.61843752420279
val,741,13,0,0,216.00434514337715
train,3150,11,0,0,330.6998363955369
test,260,4,0,0,157.3834397891719
train,1086,1,0,0,NaN
val,722,39,13,0,52.50933250994537
train,4162,3,0,0,227.29870109846559
train,2093,15,9,0,50.31145793977329
train,2579,2,0,0,1015.9714242205291
train,756,3,0,0,495.3714582496844
val,679,8,2,0,175.66616677696476
val,549,2,0,0,288.6803030623548
train,706,5,0,0,307.8239131733544
val,685,1,0,0,NaN
train,3243,7,0,0,123.62533559281128
train,3968,17,7,0,171.34885416709935
train,4525,6,0,0,132.6869783031769
train,4711,5,1,0,169.66396020420208
train,3178,4,0,0,280.70500761537096
test,1104,1,0,0,NaN
train,3975,51,1,0,120.01718810418458
test,195,159,51,0,42.956156068701645
train,2156,3,1,0,360.32517633957724
test,460,3,2,0,196.8257524625046
train,5109,20,7,0,52.5954317417625
val,83,2,0,0,928.0675809015178
train,4793,5,0,0,97.57522800461477
test,310,7,1,0,173.60998515171255
val,84,4,0,0,336.10358879693626
val,102,5,1,0,379.32739351647285
train,5278,6,3,0,205.65616209732232
train,76,1,0,0,NaN
train,874,40,2,0,125.802318969607
test,426,4,1,0,343.1744263728988
train,752,7,0,0,328.3245794042036
test,1037,8,2,0,69.6416555835205
val,447,4,1,0,347.84792514770436
train,899,4,0,0,317.39090645996765
train,4583,4,0,0,434.5059316665539
test,492,1,0,0,NaN
train,4241,21,4,0,169.23900883984942
train,2936,35,2,0,84.30460533127746
train,5194,11,2,0,127.03479208640118
train,5166,2,1,0,114.41289731792479
train,785,9,0,0,334.9406594607484
train,3388,35,6,0,73.36467313852732
train,1254,3,0,0,530.9108782465676
train,3984,20,3,0,160.51165126761475
train,4750,4,0,0,107.07594935024989
val,1128,2,0,0,101.30757720946247
train,2391,1,0,0,NaN
val,768,10,1,0,166.24604359808185
train,5039,4,0,0,331.1990174138416
train,2327,5,1,0,263.8657901300341
train,1581,23,6,0,65.62081865261965
train,3655,11,1,0,223.55745985405707
train,373,1,0,0,NaN
test,1022,10,0,0,106.30379350058683
val,629,10,6,0,256.7954382122054
train,4253,38,9,0,92.26692912768823
train,1294,9,0,0,269.50030269444085
train,2561,9,1,0,209.6665508478015
train,720,7,1,0,114.99694263783789
train,126,6,0,0,364.78456287708696
val,245,1,0,0,NaN
train,2148,3,1,0,528.0947348952759
train,5029,1,0,0,NaN
train,35,3,0,0,385.35365357069156
train,629,2,0,0,399.4053724239974
train,4902,17,1,0,67.7533283613049
train,58,11,0,0,176.01888462428636
train,2880,7,3,0,322.5043285302168
train,1858,5,1,0,235.3731963704436
train,2475,1,0,0,NaN
train,4041,18,1,0,167.5988918236435
train,3763,15,1,0,183.86529343058007
train,263,14,1,0,247.71548622724902
train,5135,8,0,0,143.8828192523673
train,193,9,1,0,150.50806394468646
train,2236,5,2,0,66.45536860364838
train,3401,18,1,0,93.92028381327228
train,2012,5,0,0,413.250038152014
val,1046,2,0,0,154.32486850945585
test,1028,2,0,0,345.32539840696745
train,4011,29,1,0,172.57217272856016
train,2394,4,1,0,265.18792359513947
train,2172,11,4,0,97.1856954091115
val,445,6,2,0,289.40675598120976
train,4563,3,0,0,254.76116209615358
train,2927,8,1,0,280.19139539328677
train,4731,11,0,0,60.69777762180694
train,3810,1,0,0,NaN
train,3332,12,0,0,218.52367938574827
train,4997,3,0,0,68.06484862089874
train,1189,17,0,0,204.74850446440286
test,464,5,1,0,445.88444770405954
val,973,4,0,0,242.30953883572704
test,1106,11,3,0,152.08929098451688
val,1031,11,3,0,65.55167537314583
train,3230,13,0,0,54.33517417270185
train,4521,1,0,0,NaN
test,934,13,0,0,46.02519328161828
train,3859,20,0,0,89.91527000240717
train,1644,24,8,0,173.17757737592274
train,4864,15,4,0,81.89137048619028
test,301,6,1,0,332.89535010538475
train,3125,14,0,0,209.05744022158362
train,4871,18,5,0,49.546822742981796
train,3940,21,6,0,142.02203660329343
train,484,44,10,0,104.46770010604851
train,2106,34,20,0,90.14841558134363
test,962,5,0,0,395.82970427279747
train,172,1,0,0,NaN
val,724,22,0,0,61.87237949414321
val,995,1,0,0,NaN
train,917,22,3,0,101.1314341988941
train,913,13,2,0,201.60542429400027
test,775,14,0,0,226.76996001296993
train,4044,35,1,0,156.4146931747733
train,492,9,6,0,160.01853968061482
train,4962,3,1,0,194.0104020307127
val,1107,1,0,0,NaN
train,4653,3,1,0,49.70435924813101
test,146,83,10,0,66.98099670981026
train,4996,1,0,0,NaN
test,735,6,0,0,250.63927787961805
train,2386,3,0,0,192.14760975951768
train,4619,1,0,0,NaN
train,5211,3,0,0,391.219960472996
test,390,4,0,0,355.1305201037028
test,1108,21,19,0,64.42182177924505
train,4987,11,0,0,66.04731940133834
val,1,3,0,0,484.6771369072564
val,1139,3,0,0,447.4780949993265
train,4881,12,2,0,93.7828507787146
test,304,14,5,0,176.84985794520173
test,226,34,0,0,117.99229643351629
train,4280,9,1,0,81.41435716391612
train,783,7,0,0,322.5754725213223
val,431,2,0,0,504.12898977969525
train,4453,7,2,0,125.72277598033183
train,2984,16,10,0,166.55868262456292
train,732,4,0,0,431.4350455764546
train,2096,3,0,0,450.1736727100535
train,4112,12,3,0,49.88693871057299
train,415,1,0,0,NaN
test,930,4,0,0,631.2019483400136
val,1045,6,0,0,54.53925500253394
train,4359,17,5,0,164.81017822970932
val,1075,10,1,0,73.96164184507288
test,941,3,1,0,536.4392849168252
test,207,14,2,0,150.25837912281924
val,274,1,0,0,NaN
train,2859,7,5,0,430.5124540080125
train,2811,6,0,0,307.02857235154903
train,4809,1,0,0,NaN
train,4982,11,0,0,95.45256405405013
val,49,1,0,0,NaN
train,3126,16,0,0,151.50784735795344
train,1445,2,0,0,670.4238059620498
train,5126,23,24,0,72.01463051739613
val,1003,7,0,0,47.010647986804614
train,1789,1,0,0,NaN
train,4766,8,0,0,113.45147125542074
train,2205,4,0,0,346.8174323088631
train,2996,6,1,0,399.5439567307027
train,5223,1,0,0,NaN
train,2660,4,0,0,478.0112317475946
train,4475,5,0,0,71.33913719884356
train,1853,16,2,0,182.28519170803554
train,524,3,0,0,269.68969416211155
train,1913,10,0,0,348.5078013750287
train,3971,52,4,0,67.78943794835354
val,986,7,2,0,100.48032906066373
train,4378,5,0,0,262.88099266417765
train,2799,3,0,0,313.99551747318856
train,3247,6,0,0,352.9961885120501
val,152,11,0,0,155.33269214451022
train,1166,51,19,0,105.07675518635193
train,1815,1,0,0,NaN
val,680,17,0,0,60.9692519237301
train,1482,6,0,0,538.2382382850417
train,4708,3,0,0,98.86006661216165
train,1229,20,0,0,209.68335499093868
train,3051,1,0,0,NaN
train,3639,9,0,0,177.56371070731916
val,304,8,0,0,277.306963970708
train,2268,5,1,0,458.12860641556466
train,549,15,1,0,153.05228701362944
train,4304,19,4,0,106.01093762544635
train,630,2,0,0,321.6715924297128
val,8,1,0,0,NaN
train,3106,5,1,0,134.25424519411305
val,626,25,15,0,161.47496147734972
test,223,30,5,0,150.572209494669
train,1709,5,1,0,261.7987480490056
val,112,8,0,0,243.11553020054572
test,1048,1,0,0,NaN
train,758,5,1,0,522.107598596745
train,3124,8,0,0,271.09798839555924
train,4389,27,4,0,72.70690168127874
test,34,2,0,0,595.1730463657883
val,446,5,1,0,521.8928404951561
train,4504,2,0,0,667.5510061473228
val,987,7,1,0,108.79902624632012
val,433,7,3,0,177.59784413163584
val,165,3,0,0,493.32852858934484
val,200,2,0,0,673.9251947815405
train,1283,8,0,0,225.851539626938
train,4502,4,0,0,119.92819446684352
val,813,2,0,0,283.9633370983565
val,469,6,2,0,350.0206446027022
test,1062,8,0,0,53.26918050021017
val,859,24,5,0,54.80237411134309
train,2776,18,7,0,193.09226441504808
train,827,3,0,0,218.61720624113033
train,1121,37,0,0,128.6003734990941
test,1032,3,0,0,509.1881019505726
train,1194,7,0,0,368.79727996848004
train,3519,31,0,0,97.82858003999148
train,2737,7,0,0,245.135812121401
train,2392,1,0,0,NaN
test,18,5,0,0,405.0074254137275
train,3463,9,0,0,142.34094977940617
train,5379,3,0,0,475.07874506906586
test,602,4,0,0,196.50964013569308
test,976,11,0,0,47.06694517692582
train,3877,6,0,0,413.73966423390374
train,943,5,0,0,442.80417900571564
test,732,10,0,0,279.3923092042064
train,10,1,0,0,NaN
train,17,5,1,0,203.7854401865718
test,845,7,0,0,100.68798570301628
train,4065,22,1,0,182.6424165720871
train,2903,8,1,0,227.11096434669923
train,273,5,0,0,230.26971872225403
train,981,17,1,0,145.38227677411575
train,42,2,0,0,520.2500057638185
train,348,7,2,0,214.4771206450815
train,1546,13,2,0,261.46880074188925
train,4172,5,0,0,117.92483131269665
val,1114,4,0,0,343.29730166207577
train,3236,5,0,0,364.94131243389234
train,3581,13,0,0,272.02995882144756
train,5110,22,5,0,63.26465225356024
train,1872,1,0,0,NaN
train,978,10,0,0,166.57004465892223
test,560,6,0,0,229.6000868245265
val,621,2,0,0,784.250018981433
train,2099,6,2,0,135.68238532191347
train,2417,3,0,0,471.764329555224
train,3852,8,0,0,127.08496371953174
train,65,16,4,0,160.93341868732392
val,1007,4,0,0,209.50808433335882
test,883,9,0,0,91.07432973321458
val,122,3,0,0,426.6186862678452
train,5173,3,1,0,140.83050777450742
train,3442,4,0,0,388.5562808751439
val,640,4,0,0,334.14934171331697
test,716,7,0,0,286.1545308403498
train,3616,30,0,0,126.05752972485539
train,69,41,25,0,122.54050595671627
train,166,3,0,0,595.1569202556459
val,696,7,0,0,317.49807946532206
train,2956,22,1,0,148.8085588955915
train,4274,13,2,0,87.27299972073834
test,24,3,1,0,164.59175435012284
val,216,14,3,0,141.60460647429807
train,1841,11,2,0,160.94269062006708
train,4991,3,0,0,66.96611107187834
train,3078,12,0,0,179.60997103982197
train,1572,31,16,0,56.719225386227656
test,168,5,0,0,380.53862605690887
train,1587,23,13,0,71.22183665328537
test,964,17,5,0,173.13623505255345
train,4628,3,0,0,34.60111698034835
train,2429,1,0,0,NaN
test,439,4,0,0,514.9042382859078
test,663,11,0,0,304.22084596597915
test,300,6,1,0,241.75635252938042
train,2501,1,0,0,NaN
train,3027,7,0,0,47.885182009745996
train,2586,3,0,0,398.72361186221025
train,2430,2,0,0,744.3160780103474
train,2739,3,1,0,114.31548941819557
train,5055,2,0,0,465.1987650719584
train,5382,3,0,0,532.489490420396
train,4036,14,3,0,158.89815694847383
train,1436,13,1,0,35.85071157073462
train,312,2,0,0,1119.9175561157024
train,2858,10,8,0,267.70671008094274
val,508,5,2,0,313.2618675048981
test,529,2,0,0,531.6781368465158
train,3805,24,3,0,172.85680983688036
train,2482,1,0,0,NaN
train,3541,6,0,0,421.9888729907873
val,644,2,0,0,1010.0156562434854
train,4636,4,0,0,387.1734028090398
train,1201,4,0,0,287.4882984019424
train,1630,12,2,0,268.0359633997032
train,4797,6,0,0,195.36752988483428
train,1937,1,0,0,NaN
test,553,20,0,0,117.45468555182441
train,4819,2,0,0,462.573840869993
test,679,5,0,0,311.36456399538605
train,750,5,0,0,179.62260561626942
train,4466,36,19,0,146.78147642747894
train,2706,4,0,0,479.39341639901005
train,2116,2,0,0,981.1425975708254
test,531,3,0,0,401.7617322950329
val,460,8,8,0,242.63788324188658
val,66,2,0,0,1009.4966790475486
test,535,2,0,0,906.0447977887238
val,825,2,0,0,539.2996828629779
test,363,2,0,0,1058.6343042165709
train,3404,31,6,0,56.64125860207045
test,906,19,2,0,55.973313641641795
train,3922,11,2,0,89.26678450638036
train,4795,7,2,0,175.53562191366012
train,5237,4,0,0,328.0464867506848
train,3934,22,1,0,118.92958917110461
train,3345,10,0,0,236.78886028621045
test,431,6,3,0,105.81212323760532
train,181,9,1,0,103.5332034107537
train,894,6,0,0,278.0335790091015
train,3204,5,0,0,236.21144155213824
train,4347,10,1,0,353.48720965422206
val,548,2,0,0,834.0327169128464
train,419,2,0,0,672.2409642263733
train,3423,8,0,0,200.8343050910463
test,811,32,5,0,129.7285537646919
val,564,6,0,0,75.22765863811698
train,296,3,0,0,657.480007726568
test,522,1,0,0,NaN
train,715,7,0,0,160.35140870279804
train,301,4,0,0,456.1317101264208
train,1520,2,0,0,317.5774940902473
test,14,2,0,0,700.1945859261238
train,450,1,0,0,NaN
train,1885,4,0,0,386.81433703277213
val,470,6,5,0,155.019898955185
train,3117,7,0,0,261.32334643531675
train,4517,3,0,0,241.57048677379436
train,759,5,1,0,414.59523609558767
train,4741,4,0,0,284.7924903092041
test,859,24,2,0,152.68633044353808
train,3790,6,0,0,358.5519223659111
train,2306,1,0,0,NaN
val,657,8,1,0,307.64657306113696
train,4934,8,0,0,221.6130995469789
train,357,4,0,0,316.86385285584424
train,2199,4,0,0,329.2306626487081
train,1535,9,0,0,170.51252674424114
train,2826,12,10,0,177.20461981919797
train,2945,7,2,0,231.91829871768738
train,1753,1,0,0,NaN
val,223,5,0,0,354.4370024713424
test,89,32,10,0,114.4773092973215
train,736,36,0,0,121.14293637655908
train,3391,21,4,0,73.9363737321869
train,3524,13,2,0,121.88594478476895
train,2047,11,4,0,128.80716259705082
val,694,8,0,0,217.08307349958366
train,1026,4,0,0,204.40264191805107
train,805,1,0,0,NaN
train,3493,11,0,0,202.79173987135465
train,356,2,0,0,607.9525677156754
train,782,6,0,0,326.6889878290421
test,743,27,1,0,184.9460915189953
train,1052,2,0,0,1523.2821110486739
train,5249,1,0,0,NaN
val,372,7,0,0,185.7791204632596
train,2807,21,9,0,182.3684711791071
val,745,8,0,0,156.86984107849383
test,686,34,8,0,60.35108390133134
train,1890,2,0,0,1022.7708064198562
train,4163,9,0,0,243.69743864067522
train,2087,3,0,0,391.27318333912524
train,3147,8,0,0,323.67426877328705
train,3983,15,2,0,229.58259390499856
train,4875,7,0,0,100.50517017616191
val,437,15,2,0,151.51251856179417
train,335,3,0,0,632.9184273004016
train,4399,12,6,0,154.7062591360196
train,3554,14,1,0,97.65502793008986
train,1974,9,3,0,194.4074602272275
train,1741,7,0,0,208.37555115791423
test,281,7,0,0,292.67745853797817
test,677,6,0,0,213.95346854953738
train,4543,5,0,0,53.47169823590261
test,1120,2,0,0,171.47375799289176
train,3920,5,0,0,235.28029840210877
val,606,3,0,0,203.77982392942027
train,5168,6,0,0,410.31707768511313
train,2326,3,0,0,393.98805015487545
train,624,2,0,0,465.64176173612583
train,5206,8,0,0,91.61799111402325
train,2487,2,1,0,92.9760418185223
train,44,2,0,0,326.02483542244363
val,38,13,1,0,199.70011661591644
train,743,26,0,0,90.06795208886527
test,652,8,1,0,232.7753405508456
train,1580,25,11,0,65.74143485126481
train,2928,5,1,0,260.7190067795434
test,600,7,4,0,118.88688937161986
train,718,3,0,0,369.0688063553866
train,4897,18,9,0,41.96729165010693
test,881,7,0,0,279.0414300428036
test,29,1,0,0,NaN
train,4264,17,3,0,168.69877377166222
train,2161,3,0,0,744.0404951345232
val,186,6,0,0,358.8721671014715
test,1038,17,6,0,76.27112387172728
train,170,2,0,0,934.7883563418928
train,4519,5,0,0,98.60049752463969
train,829,1,0,0,NaN
test,161,6,0,0,342.1618568055015
train,379,2,0,0,594.8216149672367
train,4311,20,3,0,89.24381865471562
train,1511,43,9,0,55.579020505338256
val,611,5,5,0,330.52358780825205
test,852,14,3,0,183.25399249037673
test,587,10,1,0,339.13093072977364
val,575,6,0,0,403.0079892240325
train,1690,15,2,0,115.95237229282026
train,5097,13,6,0,166.2664412092166
train,2437,5,2,0,351.3260880494239
train,4802,3,0,0,450.53921898147235
train,3916,13,0,0,165.90424814725074
train,3771,19,1,0,90.68649964144349
train,5236,10,1,0,116.09723040298647
val,407,13,4,0,360.6666747694658
train,3741,7,0,0,219.52273376589307
train,1778,37,10,0,40.01185504854751
test,926,26,2,0,105.61056404117878
val,1103,3,0,0,96.138555348841
train,1164,49,18,0,116.05247275311109
train,2138,4,1,0,400.96067472531723
train,2942,3,0,0,446.09130877019237
train,4535,5,0,0,85.42823439659045
train,3090,7,0,0,213.10087061323514
train,3161,2,0,0,389.4007437087751
val,1106,1,0,0,NaN
train,2980,15,0,0,163.08647007108462
train,2790,24,5,0,136.32024220936657
val,592,1,0,0,NaN
test,797,18,1,0,208.88451848575417
train,2473,3,0,0,99.95234528527412
test,1056,7,1,0,149.64295019829757
train,654,2,0,0,627.8540449375145
train,4324,3,0,0,409.3528747479498
train,3728,2,0,0,367.42488775860846
val,205,31,1,0,89.62232891560001
test,591,8,1,0,314.4784047279552
train,244,6,0,0,380.8879606097463
train,5165,2,0,0,375.13363805465906
val,576,3,0,0,124.10105946571113
train,2073,2,0,0,157.7085360280755
train,3527,9,1,0,244.80578058556227
train,4679,6,0,0,150.28304793290593
train,5003,3,0,0,300.2016071376871
train,1384,14,1,0,270.97036221652195
train,2837,7,2,0,328.3728767853407
train,156,5,0,0,286.69826591754605
train,135,3,0,0,263.26008490589015
train,4029,40,1,0,91.80020313829063
test,779,11,0,0,172.4707692802222
train,1077,12,1,0,165.97407075419267
train,2834,7,1,0,284.4264353959294
train,3619,22,0,0,177.03460303570378
train,700,92,14,0,49.88433501781012
train,3707,14,2,0,240.7540680452414
test,1088,3,0,0,528.8328285575017
train,1060,4,2,0,86.93966089059256
train,4374,1,0,0,NaN
test,54,15,0,0,139.35859586134782
train,2905,4,1,0,566.9310624612517
test,738,3,0,0,631.1160146034468
train,2796,1,0,0,NaN
train,4706,3,0,0,390.04073180215903
train,2271,4,0,0,348.558728407696
train,2781,8,0,0,346.021477598787
train,11,3,0,0,302.28030985893
test,231,8,0,0,337.0377415197943
val,1084,14,0,0,79.78147667547375
train,500,10,1,0,330.7513111000839
train,1831,1,0,0,NaN
train,5387,6,3,0,168.00312854249333
train,2845,16,9,0,245.37458698177178
train,809,2,0,0,533.5592503337763
train,4106,1,0,0,NaN
test,1096,2,0,0,272.1811225196004
train,3311,6,0,0,213.1014535858674
val,835,21,3,0,91.75195762843005
train,915,37,3,0,72.367214677145
train,2590,1,0,0,NaN
test,63,4,1,0,529.7387737241088
train,4325,10,0,0,143.19262656404857
train,4837,2,0,0,374.2843913819718
train,1261,3,0,0,297.6279724758787
train,1668,26,3,0,72.80147955075704
train,1056,3,0,0,155.74082373048455
train,1437,10,0,0,128.18886586360372
train,2063,2,0,0,672.0988702864007
train,129,3,0,0,153.87372339736208
train,3262,6,0,0,153.137472933053
train,4688,6,0,0,124.87953880722823
train,3042,2,0,0,614.6636044151306
train,1981,20,6,0,117.03066736734625
train,4998,2,0,0,915.1826493549851
train,626,2,0,0,414.52659384906974
train,3197,4,1,0,337.5517677748723
train,3270,6,0,0,294.9310772392164
train,4252,26,1,0,148.6613332390975
train,2246,1,0,0,NaN
train,4783,2,0,0,406.54975217316576
train,902,5,0,0,357.8818475879129
val,650,18,0,0,84.45711763899371
test,230,9,0,0,329.5548429021179
train,3654,9,1,0,184.85553135697828
train,71,41,17,0,123.20812668118825
train,4774,2,0,0,498.93516770028
train,429,3,0,0,665.0382639097629
test,107,13,2,0,114.26340901783857
test,237,101,11,0,72.01605054593377
train,3343,10,0,0,215.61388713121016
val,211,3,0,0,731.5133618904304
train,698,166,18,0,45.345316746342945
test,1000,10,0,0,95.66190355661836
train,4303,13,5,0,100.03157061724362
train,633,2,0,0,404.2599835160707
test,932,4,0,0,267.37544096040995
train,4023,17,0,0,108.19540774026846
train,305,2,0,0,685.9636973725154
train,4038,24,2,0,97.20355975205112
train,5092,24,8,0,53.000363687837705
val,161,4,0,0,343.50546953997224
train,4133,24,12,0,78.83258589332564
val,939,10,1,0,107.74668507428478
test,340,9,0,0,301.011659179077
train,925,27,2,0,155.74462127875765
test,368,26,18,0,198.18644293424074
test,1080,10,2,0,138.464874506761
train,5034,2,0,0,975.4852891808464
train,1031,2,0,0,542.9370859322847
train,2919,3,0,0,480.50394878721175
train,1400,7,0,0,284.08723164601406
train,5219,3,0,0,230.28756006399993
test,1,5,1,0,198.664178754703
train,2682,1,0,0,NaN
train,3668,6,0,0,179.61807098451604
test,57,4,0,0,102.60051346433693
train,1746,5,1,0,123.3939769705567
train,5017,11,0,0,141.06056185944882
train,3318,5,0,0,236.4452710292407
test,752,24,1,0,123.74425332807444
val,151,7,0,0,268.5389227363482
train,1250,2,0,0,414.9028016681286
train,4341,12,0,0,175.59669933125082
train,1263,2,0,0,79.85151721944072
train,4344,9,2,0,113.50456801436677
val,99,2,0,0,834.2750215036838
test,276,10,0,0,274.5066073292652
train,1485,4,0,0,555.688608625228
train,1807,2,0,0,1006.6579905251149
val,85,3,0,0,307.55618640029263
train,4827,4,0,0,508.09476765898586
train,3389,35,15,0,48.002455783845065
train,1298,4,0,0,450.79175635103786
val,620,6,0,0,133.34666190087594
train,3031,22,1,0,39.04484109362749
train,1760,3,0,0,159.24308723550897
train,5064,1,0,0,NaN
test,212,3,0,0,139.6891371039306
train,4868,27,7,0,42.45064673782691
val,344,9,1,0,298.00409417345145
train,1162,48,12,0,88.67158303175836
val,326,8,2,0,108.51821384529441
val,21,24,8,0,132.91995842451047
train,1118,43,1,0,100.20630167942173
train,600,2,0,0,523.2307116677637
val,453,1,0,0,NaN
train,1117,4,0,0,372.79873560025976
train,4940,9,1,0,69.15579258478404
train,3595,17,0,0,179.8882120440737
val,116,8,0,0,197.06894910522806
train,4144,1,0,0,NaN
train,4232,8,1,0,336.16244824442003
val,109,3,0,0,292.03975660880155
train,2656,1,0,0,NaN
train,3508,5,0,0,139.41447615019933
val,365,11,1,0,97.73882618703183
train,3552,3,0,0,412.70492345018795
val,333,3,0,0,559.6162451966898
train,1670,18,2,0,53.96798814340582
train,3477,6,0,0,237.57144390779635
train,1519,1,0,0,NaN
train,565,5,0,0,368.51790417349577
train,1224,10,0,0,325.11685854807354
train,4364,6,7,0,112.48893173263299
train,1462,18,2,0,185.59720157382998
train,1945,19,6,0,185.18780400599323
train,4004,26,3,0,120.60963013075667
train,4699,2,0,0,296.082810579127
train,1658,25,11,0,68.99597344951934
val,916,6,1,0,339.57753771107684
test,338,14,1,0,220.43426633869922
test,623,13,8,0,263.01156400461286
train,3081,9,0,0,291.655405711331
train,1235,1,0,0,NaN
test,954,24,2,0,69.93409114009485
train,5240,3,0,0,550.2435633649977
train,1560,2,0,0,662.1486357730504
train,2995,8,1,0,303.2857346129519
train,3255,10,0,0,152.0666489143054
train,2727,3,0,0,269.21073812183334
test,201,42,34,0,116.92996270487527
train,4732,16,0,0,52.94597684491679
train,4380,9,1,0,104.57672636136476
test,532,3,0,0,652.1642180925218
train,3778,12,1,0,134.71703190271236
test,388,3,1,0,304.9290356538377
train,4689,10,1,0,73.83290247956585
test,807,4,0,0,321.5487161894754
test,736,3,0,0,200.3411953652515
train,3666,10,0,0,212.31291608449794
train,2839,9,2,0,280.4010183152868
test,137,6,0,0,417.27977783770876
train,4840,2,0,0,577.382396240493
train,3582,25,0,0,149.4024749489151
train,625,3,0,0,334.4972743686293
train,3929,23,3,0,84.17209989140096
train,4138,10,3,0,210.29588679365708
train,5312,138,48,0,55.21099238399552
train,4931,7,0,0,161.75668166905083
train,3130,7,0,0,312.08599545802116
train,2537,1,0,0,NaN
train,1120,23,2,0,122.74463031840138
train,1889,3,1,0,202.42473018981357
train,4319,4,1,0,373.245486359812
train,2142,1,0,0,NaN
val,127,2,0,0,444.51384930519754
train,4461,11,0,0,97.49521383202662
train,334,9,2,0,340.8899565552295
train,228,5,1,0,236.66978521145205
train,3608,15,0,0,116.81005162545901
train,4508,8,1,0,50.153383251415235
train,1987,8,5,0,247.13053150228416
train,3336,9,0,0,256.8602849186209
train,3400,19,3,0,87.45410197371928
val,1108,3,0,0,503.9662629193254
val,1170,1,0,0,NaN
val,691,6,0,0,200.66363278087837
val,1038,2,0,0,139.10521456897484
train,371,6,2,0,205.5014057408249
val,1101,20,1,0,38.87205896910331
train,2058,36,25,0,49.601213051168976
train,1992,4,0,0,364.5944606171127
train,2322,3,0,0,258.50057986788886
train,797,8,0,0,143.97987760894117
val,292,7,0,0,253.96211134935865
val,327,54,16,0,54.024828396493945
val,843,3,0,0,139.09432396994632
train,3046,6,0,0,352.0627165183543
test,104,55,13,0,96.41223449401004
train,515,6,0,0,293.61794852548337
test,1091,4,2,0,55.20151422098702
train,895,7,0,0,285.6605358585808
train,2310,1,0,0,NaN
train,953,19,3,0,131.70093412063096
train,1533,6,1,0,294.33449434309404
train,182,9,0,0,96.76764815246084
train,171,1,0,0,NaN
val,270,8,0,0,102.82593688676529
test,583,10,2,0,308.4606531123719
train,1618,15,2,0,196.49871409359199
train,3226,31,4,0,53.53505020220469
train,947,5,0,0,402.2174398015482
train,3977,23,6,0,179.17691775480336
train,1663,30,12,0,55.154261050341496
train,3585,31,4,0,80.5623132772555
train,5352,21,3,0,74.35886078152357
test,737,2,0,0,543.0856189590356
train,1951,4,1,0,428.82217002911693
train,1,58,23,0,93.66202080601231
train,4250,7,3,0,258.96454793687394
train,859,5,0,0,390.69180045699926
train,1743,8,1,0,104.03500716307056
test,892,23,4,0,50.61895471471755
train,830,1,0,0,NaN
train,4973,3,0,0,208.94639082803621
val,113,5,0,0,456.5358729917922
train,2525,1,0,0,NaN
test,808,8,0,0,205.7087112674482
train,552,1,0,0,NaN
train,1299,6,0,0,197.20008438261883
train,1365,7,0,0,301.95163777041256
train,933,10,0,0,57.36887405966617
train,2292,4,1,0,80.93162568021711
test,389,2,0,0,1034.0407716539955
train,4781,1,0,0,NaN
train,969,18,2,0,224.22373398114337
train,845,36,0,0,93.94135328079055
test,1087,2,0,0,96.00152190819789
test,579,11,5,0,272.93493645246923
train,469,10,4,0,289.55868328556215
train,1145,8,1,0,314.2864049115596
train,2775,10,2,0,281.48071399750836
train,4959,1,0,0,NaN
test,1023,12,0,0,112.93389106935426
train,4865,10,2,0,83.42990562232173
train,2604,5,1,0,304.4999304043178
train,2698,3,0,0,699.1883804875389
train,1418,17,0,0,129.34263378041823
val,364,8,3,0,90.71715513252857
test,838,6,0,0,442.0489072927119
val,613,11,3,0,192.6098775454965
test,110,8,0,0,222.1322051987276
train,446,3,1,0,434.2699869713616
val,721,38,5,0,51.55676704966497
test,493,1,0,0,NaN
train,95,33,2,0,97.24463041264094
train,1725,5,1,0,130.21646194039937
train,4685,18,0,0,57.0449842976319
train,359,5,0,0,875.761809909915
train,1391,8,0,0,290.02626023615005
train,3602,4,0,0,327.50128605987027
train,2126,10,1,0,255.17165598329782
train,3879,7,1,0,194.84527930165285
train,4002,14,0,0,197.33716325799404
val,677,39,11,0,107.76133510880003
train,3166,2,0,0,262.6524719256928
train,1456,11,0,0,226.43006888669808
val,1021,2,0,0,280.1284450535262
train,3218,14,0,0,79.20250541584808
train,5019,20,3,0,80.9816171410217
train,2018,3,0,0,358.2305109061852
val,1141,2,0,0,1064.7439638149679
test,156,19,1,0,150.60019522588487
train,2061,8,3,0,241.42973636234356
test,1081,5,0,0,202.58838296477072
train,3712,10,2,0,187.50314236491226
train,268,8,0,0,252.87256889412734
train,3949,12,0,0,266.9685896489706
test,88,19,4,0,196.29325306912816
test,205,7,0,0,169.447244510831
train,3938,20,2,0,83.35525387911241
train,4285,5,0,0,264.7661450262291
train,2412,6,3,0,353.7573790928192
val,247,119,12,0,57.116207578519926
train,575,12,0,0,123.84016753844648
val,1055,3,0,0,47.69080449549428
test,182,4,0,0,365.8921771030509
test,986,4,0,0,356.40154475056846
train,851,16,1,0,149.57197711928154
train,2456,3,0,0,186.26930899296804
train,3169,4,0,0,229.6872909026681
train,3160,4,0,0,338.8340521567294
train,4648,8,1,0,97.83028069127069
train,3375,5,0,0,497.69904022423844
train,3035,20,4,0,42.89868771567173
train,2897,10,3,0,237.7672666797776
train,2353,4,3,0,132.04959479086048
train,693,13,2,0,187.2712578054924
val,356,27,7,0,62.00224137945157
test,462,6,1,0,359.29237919019727
train,1071,2,0,0,881.8733371094323
train,2171,12,0,0,84.52285949200684
train,5221,2,0,0,798.4300665682173
train,4725,11,0,0,97.58151620308294
train,4775,2,0,0,1010.5482305363954
train,1354,7,0,0,390.0493238559206
train,3556,6,0,0,445.2160934396267
test,235,3,0,0,300.5773732007385
train,149,1,0,0,NaN
train,1868,6,2,0,260.2778027295142
train,1364,10,1,0,263.34807522686503
train,5129,6,3,0,67.9798754929868
val,492,4,1,0,295.0065935567411
train,1335,9,0,0,202.41376218148005
train,4639,9,0,0,59.50824978268674
train,5047,4,0,0,223.53589382245013
train,1548,15,1,0,237.52006854428112
train,1003,15,3,0,165.0285026539315
train,4529,4,0,0,356.3929279237613
train,5341,24,3,0,87.88166543783748
train,993,13,1,0,131.8877403258819
val,1013,2,0,0,50.4470681903769
val,336,25,5,0,62.64956811000108
train,5159,2,0,0,475.16382870795024
test,125,1,0,0,NaN
val,1062,2,0,0,480.98321600657295
train,2770,20,10,0,147.53576621176708
test,253,4,0,0,239.6727805118601
test,352,9,4,0,209.6509471297797
train,2756,46,7,0,85.87964708947325
val,124,2,0,0,509.91312011365426
train,5345,20,6,0,48.858660522771636
val,422,20,9,0,174.4489244899872
val,1087,10,0,0,125.54637180374277
train,4764,6,1,0,158.78396081390537
test,696,10,0,0,214.90131100594937
train,2913,13,0,0,233.04309489905094
train,2979,9,2,0,217.9186845424003
test,1047,6,0,0,255.02670636683015
train,3316,12,0,0,149.04449336166041
train,5181,4,0,0,207.6135697309655
test,538,3,0,0,269.9814126947263
train,672,10,0,0,356.72604288169316
train,1472,8,2,0,296.9950857736477
train,5000,3,0,0,203.54161001697676
train,36,1,0,0,NaN
train,1639,13,0,0,236.74248119291636
train,991,7,1,0,281.5362391463027
train,842,5,0,0,118.58600160474275
train,2348,5,1,0,343.73606169896306
train,1246,5,0,0,354.4327876481318
train,3014,14,5,0,191.01447669470198
val,540,1,0,0,NaN
train,2544,1,0,0,NaN
train,5248,1,0,0,NaN
test,904,1,0,0,NaN
train,2020,17,4,0,114.72754368667455
train,113,10,5,0,149.05432223324047
train,3888,6,0,0,152.2143348309773
val,273,1,0,0,NaN
train,1018,2,0,0,886.8040656652604
test,305,4,0,0,381.4680979565454
val,403,16,0,0,230.06997807677524
train,3942,13,1,0,130.10490186042807
train,1388,10,0,0,239.26997638693575
test,196,15,2,0,188.6352644443878
train,2782,8,1,0,345.58310010184374
test,616,6,0,0,426.81217137392235
train,2882,30,19,0,159.47320947367862
train,3019,21,11,0,203.17070052714337
test,556,6,1,0,107.44753599908876
train,159,4,0,0,241.96056412199692
test,459,3,0,0,552.1339733944228
train,1119,29,2,0,132.3821631493547
train,2868,7,2,0,387.6555482801952
test,653,8,1,0,166.17024922930952
train,394,23,1,0,139.0984298984168
train,4415,6,1,0,205.38093290305218
train,596,4,0,0,478.7921967307919
train,3551,9,0,0,277.561697703607
train,4759,6,1,0,119.31543329303497
train,2318,12,0,0,162.03437920924605
train,2571,4,0,0,463.8265467067088
test,83,2,0,0,946.071620967962
train,4745,2,0,0,602.9195538380178
test,349,3,1,0,159.8297641907788
test,420,6,2,0,121.04989444164617
val,1073,1,0,0,NaN
train,3737,1,0,0,NaN
val,760,3,0,0,372.26432140761096
val,671,10,0,0,238.27084985916608
train,1241,8,0,0,269.3560179401939
train,4515,3,0,0,309.02464675815264
test,3,2,0,0,435.29503455039105
val,371,7,3,0,98.60062353286128
test,1074,1,0,0,NaN
train,255,7,0,0,312.2205002637695
train,1697,9,0,0,198.49982956326207
train,2323,2,0,0,511.56316245798655
train,5015,4,0,0,272.1618542875465
train,2707,3,0,0,490.58453759574894
train,3566,12,0,0,167.04567804065147
test,678,5,0,0,247.97386962422812
train,1823,4,0,0,579.0949358532546
test,787,4,0,0,278.2835481561124
train,4922,6,0,0,68.50723955981965
val,1033,5,0,0,118.76118739749307
val,36,10,0,0,202.98444236284908
train,3973,50,4,0,62.75358920924991
train,322,2,0,0,502.20683431495553
test,778,10,0,0,199.720262770935
val,1049,6,0,0,68.08970259979111
val,1036,4,0,0,84.90027920003493
test,153,29,0,0,120.1774766265357
train,3718,4,0,0,295.1791766846085
train,2460,4,2,0,145.0538856720977
train,1977,20,9,0,129.9074778669817
train,3567,16,0,0,158.09043002103104
val,148,6,0,0,245.72825696713537
val,543,1,0,0,NaN
train,3689,20,1,0,123.27906103772911
val,255,2,0,0,524.823240628738
train,1942,27,12,0,146.27438211830255
train,5208,2,0,0,651.7271430902977
val,554,2,0,0,690.6293702767949
test,361,3,0,0,223.29330007011114
train,4130,17,0,0,79.90760654677875
train,439,3,0,0,395.33829270645055
val,989,23,13,0,90.17331250473062
train,4117,2,0,0,393.3775969218497
val,695,16,0,0,294.22564857649
test,630,25,4,0,130.98231935741111
train,3431,4,0,0,212.80777629686241
val,1127,3,1,0,127.93134527832855
train,1331,6,0,0,330.58454803872405
train,274,5,0,0,102.73870429446974
val,622,6,0,0,306.11829067879387
train,343,4,2,0,350.7282048838326
train,2933,6,2,0,385.40627808111424
train,709,7,0,0,312.86119963991706
train,2010,6,0,0,318.92470103147605
test,17,56,10,0,69.82560809625744
train,385,1,0,0,NaN
train,3768,11,0,0,188.5695029428369
train,3304,9,0,0,195.60803173700614
val,464,5,0,0,403.9018211600824
train,2529,1,0,0,NaN
test,360,2,0,0,850.0484202680032
val,922,5,1,0,191.93023628398313
test,1019,5,0,0,397.5554978719951
train,3063,21,1,0,73.14670912816622
val,1123,4,0,0,130.6595121510685
test,243,2,0,0,789.3064708110212
train,4722,4,0,0,155.26514617852013
train,2558,5,0,0,234.81588515369228
train,1223,4,0,0,312.5349578930864
train,5381,2,0,0,564.5263528028082
train,510,21,5,0,133.46278097086537
train,1470,12,1,0,248.97200725052798
test,491,3,0,0,163.01897622075302
train,73,44,27,0,123.33771694386101
train,602,2,0,0,495.39973865182446
train,3313,18,0,0,132.1369035543124
train,1193,5,0,0,579.0050228452908
train,2582,1,0,0,NaN
train,2773,4,1,0,333.79276086180556
val,9,2,0,0,458.19265668502686
train,2454,1,0,0,NaN
train,3275,7,0,0,262.9664593092892
train,4413,8,2,0,156.77945008337815
train,3827,10,2,0,135.44528947739497
train,1157,3,0,0,333.23945848037863
train,620,4,0,0,294.19803382494
train,1517,52,17,0,59.11947376478425
train,1660,29,15,0,58.00913859392862
val,507,1,0,0,NaN
train,4247,25,4,0,116.47046217945538
train,1902,23,5,0,112.61186715849553
train,3525,7,0,0,177.1382438662685
val,330,5,2,0,369.5361957914272
val,168,4,0,0,368.04878918679515
train,3687,15,2,0,167.33760323805026
train,2144,6,1,0,175.3439444475681
val,289,23,0,0,101.47140412981277
train,323,6,4,0,124.57923961199344
val,208,11,3,0,114.0882784525036
train,169,6,2,0,270.07237968496696
test,447,5,2,0,427.18101980331556
train,3457,8,0,0,278.0881430181291
test,1050,5,0,0,181.05292640625075
train,3671,6,0,0,347.9726954379191
train,60,12,2,0,169.46672916356795
train,1323,15,1,0,200.32472742164674
train,3762,14,0,0,284.3032537963984
train,2032,3,0,0,474.2053267691965
test,268,1,0,0,NaN
train,2886,13,0,0,319.4013006364807
train,2400,8,3,0,242.43791607343442
train,2830,6,2,0,303.63821669879707
train,4608,2,0,0,629.1434044233692
train,3272,6,0,0,249.33106200458224
train,3721,1,0,0,NaN
train,350,5,0,0,360.31202078347184
train,965,32,13,0,151.2127108039873
train,3904,6,0,0,194.3689582214773
train,176,3,0,0,410.45178423863865
test,484,1,0,0,NaN
train,4723,3,0,0,150.7120160844062
train,4913,3,0,0,165.05310893176772
train,2772,1,0,0,NaN
train,4846,1,0,0,NaN
val,567,1,0,0,NaN
train,5014,1,0,0,NaN
train,2235,1,0,0,NaN
train,1425,44,1,0,95.7758320570043
train,2524,1,0,0,NaN
train,4095,7,1,0,68.87117214167297
test,711,19,0,0,128.69513569740332
train,4156,1,0,0,NaN
train,2827,5,1,0,284.8899559900746
train,557,5,0,0,200.75756862648842
train,1676,31,1,0,124.38448128703801
train,4540,1,0,0,NaN
train,3930,8,0,0,57.3121144563123
val,824,6,0,0,323.0034851827923
train,1464,14,1,0,213.85181602379902
test,585,20,3,0,158.45435206599674
val,412,29,8,0,143.52940827740088
train,760,8,0,0,246.0243018916439
train,3512,6,0,0,191.64830201239573
val,45,16,0,0,146.07886166732555
train,3749,23,6,0,128.23895601585684
train,2876,6,1,0,277.5650016847957
train,769,8,0,0,264.9213957890197
train,1625,10,1,0,266.0466768074789
train,1302,2,0,0,335.6761552936718
train,390,2,0,0,541.4889989059357
train,2414,1,0,0,NaN
train,5280,10,4,0,160.18721370915856
train,1321,21,0,0,107.80115621103145
train,3818,10,1,0,105.78727282496831
test,134,1,0,0,NaN
train,3282,3,0,0,377.92844793717325
train,778,5,0,0,345.2086359058956
train,4220,4,1,0,288.6049964851154
train,3238,23,0,0,129.877369300253
train,5344,8,1,0,92.23977932438953
train,753,1,0,0,NaN
train,5276,8,4,0,173.71567560243628
train,5137,1,0,0,NaN
train,960,32,5,0,133.3806974617529
train,4426,9,0,0,140.41410248349965
train,615,3,0,0,437.504924955605
train,2699,8,0,0,220.53675869621242
val,378,9,0,0,38.56533220697692
test,343,35,17,0,47.459715640205786
test,4,5,0,0,460.6748248563837
train,3102,4,0,0,509.06043351528257
test,704,11,0,0,203.64787908551034
train,1966,45,25,0,47.21556811487733
train,4664,1,0,0,NaN
train,3176,6,0,0,258.2005963440417
train,1443,9,5,0,51.195759200531285
train,1029,8,0,0,274.3730301369628
train,2600,7,1,0,318.3476639403894
test,113,3,0,0,467.56435896687685
train,5313,102,21,0,62.97857176226278
train,2926,23,3,0,133.62039934560894
train,3716,3,0,0,128.35076894843596
test,424,7,2,0,207.83267400509618
val,1112,2,0,0,454.28215598708624
train,3237,17,0,0,145.83628646047805
val,1019,1,0,0,NaN
train,1973,57,45,0,95.63436704555943
val,607,4,1,0,351.0742038321026
train,3320,13,0,0,246.83111554543106
train,3729,3,0,0,316.50053214598256
train,178,2,0,0,462.0012408646055
train,4640,6,0,0,93.46456293880094
train,4650,7,1,0,53.11573823367739
train,5141,3,0,0,467.6006643110193
train,1206,6,1,0,119.45644713332526
val,258,4,0,0,408.0382582467256
train,4397,17,14,0,107.70898651501244
test,108,23,5,0,197.22165524271642
train,1795,2,0,0,1007.9677191183704
train,5139,4,1,0,286.1818392979536
val,1145,5,0,0,422.81994204638505
test,720,14,0,0,199.30083592771217
train,5154,6,0,0,113.86691093323822
train,2814,11,10,0,375.6745360548484
train,430,3,0,0,867.6474269288576
train,4447,6,0,0,127.01517011960414
train,2238,2,0,0,374.99633749737666
train,2722,10,0,0,284.12034972943457
val,1071,3,0,0,449.0467479451358
val,1100,21,2,0,38.832965793293525
train,3214,51,21,0,44.07161717545424
val,1115,6,0,0,258.54462578138265
train,2638,1,0,0,NaN
test,149,4,0,0,422.4386779663039
train,3919,13,0,0,173.32785802642834
train,4923,4,0,0,304.5561341856371
train,4974,5,0,0,303.1570422871297
train,773,4,0,0,342.3857369228758
test,85,206,155,0,49.284878703417384
train,4924,11,0,0,229.6572503542094
train,4208,23,1,0,84.21748588416322
train,3760,37,1,0,117.41547421195725
train,1578,29,12,0,55.18377660355828
train,1806,1,0,0,NaN
train,644,7,1,0,214.02133710575094
train,2513,2,0,0,719.2966477109204
train,1790,2,0,0,807.1735699452374
train,1247,6,0,0,452.1127634142763
train,1751,5,0,0,506.7249910711584
train,2147,3,0,0,744.8869024597376
train,5106,6,1,0,96.11402918537729
test,395,3,1,0,154.02900132154204
val,1168,2,0,0,343.24385873612135
train,4157,1,0,0,NaN
val,212,4,0,0,325.97542011863356
train,328,2,0,0,1067.1035352432664
test,1011,9,2,0,94.75510498136602
train,2181,2,1,0,59.019140897123286
train,223,10,0,0,181.2533615061836
train,2547,3,1,0,234.17165341765283
val,47,41,5,0,106.15109472880573
test,647,25,5,0,41.36755425060638
train,3697,17,1,0,163.495448354882
val,617,5,2,0,581.1805398257494
train,3948,18,4,0,141.12555488860312
val,120,13,1,0,123.54049150144584
train,3064,22,4,0,78.48880276212826
train,2716,4,0,0,634.7877581921771
train,5316,27,3,0,65.75874877252471
train,4404,30,2,0,82.72695283043237
train,4000,20,0,0,243.58672915287158
train,2779,21,3,0,141.31904358723068
train,4189,23,7,0,70.57783187450926
train,4408,19,3,0,83.667354210882
train,4266,23,5,0,117.88163338252006
train,5377,4,0,0,396.7884528675256
train,4500,2,0,0,512.570176269301
val,1032,3,0,0,409.5645381336823
train,4715,5,0,0,161.29793451910047
train,2577,6,0,0,389.4798086007056
train,4768,2,0,0,511.1495736005424
train,2384,1,0,0,NaN
test,333,12,2,0,281.0212614906741
train,3875,3,0,0,525.0120581780208
test,299,32,6,0,84.48050090622041
test,648,25,3,0,42.45290492196428
train,1821,3,0,0,328.78051134463857
test,490,4,3,0,151.08190464702392
train,952,4,0,0,417.86153405359323
train,4909,2,0,0,915.1273957220513
test,813,2,0,0,899.5244973923309
val,340,24,9,0,70.15819951658409
train,5334,5,1,0,142.7529866591538
val,627,6,0,0,346.4927178428105
train,2080,8,2,0,130.77134591840831
train,1383,12,0,0,181.46664210363443
test,267,4,0,0,117.87731275090658
test,142,9,0,0,273.7620755065381
train,3287,8,0,0,229.60046017415837
train,3066,17,4,0,53.856161322120904
train,5050,1,0,0,NaN
train,1322,18,0,0,180.91462695545107
train,665,2,0,0,1047.5243433925534
train,4396,7,1,0,477.0035050269858
val,790,16,0,0,178.9387326248874
val,718,4,0,0,556.1203848185669
val,559,1,0,0,NaN
train,1888,2,0,0,959.9858105870125
train,1057,5,0,0,317.98895641351834
train,4757,8,4,0,124.29506924977375
train,3265,5,0,0,173.3856155512209
train,3678,3,0,0,86.01449384862306
train,434,5,0,0,462.093891325849
train,1686,3,0,0,348.70089754976146
train,1899,15,10,0,110.60982480786522
train,935,13,2,0,180.72375246480027
test,724,14,0,0,73.49351481663136
test,827,20,3,0,59.52965530815754
train,5054,4,0,0,234.2163578096615
train,2028,5,1,0,49.00196290608385
train,5148,4,1,0,207.0281986792457
train,1959,4,0,0,385.23392114428214
train,5235,9,2,0,144.4252361337724
train,1610,12,1,0,247.0507749100113
train,819,1,0,0,NaN
test,254,8,0,0,99.15685667262
test,747,1,0,0,NaN
train,1705,22,15,0,57.38521366872092
train,1481,6,0,0,375.08331358691845
train,2188,6,3,0,216.98504376114658
val,850,1,0,0,NaN
train,579,15,1,0,114.59557862415456
train,3647,5,0,0,266.58010404382475
val,587,5,3,0,338.7717222437945
test,835,7,0,0,427.8211007421864
train,4440,11,0,0,188.52040449807754
train,4370,9,1,0,272.29910378172895
train,1460,11,0,0,263.00491952914774
val,852,11,0,0,145.67131879820957
train,3103,4,0,0,190.8010152636603
train,3229,16,1,0,58.19365598911598
test,774,14,0,0,156.3465667364269
train,530,2,0,0,359.20839221913553
train,1091,4,0,0,93.71340358373752
test,967,38,4,0,76.53682095468122
train,239,5,0,0,185.60736709534336
train,1313,44,0,0,113.98451529970455
train,2320,1,0,0,NaN
train,2026,8,3,0,50.31194450903858
train,1328,17,1,0,230.09055723715358
test,427,4,1,0,366.23569865588536
train,259,6,0,0,542.5397401119162
train,432,4,0,0,218.0703772238757
test,358,2,0,0,215.2512412975312
train,5,7,1,0,376.7281923731259
train,5056,2,0,0,380.1715758345074
test,580,7,2,0,372.00105436475917
train,562,2,0,0,576.5434986125535
train,2256,3,2,0,318.80756174235165
val,869,3,0,0,305.96142397382584
val,68,4,1,0,481.34205171242724
train,4857,19,4,0,67.2090360603985
test,863,17,3,0,161.6521685635691
val,654,9,0,0,401.3181736030185
test,154,33,0,0,110.03841176656712
train,2634,3,0,0,456.1062877541164
train,710,9,0,0,329.9654027199011
train,2647,5,0,0,445.13976133465
test,670,13,0,0,291.2421764789318
test,921,11,0,0,230.24047272571008
train,4047,65,4,0,69.56433006407536
val,572,3,1,0,162.65015782480864
val,720,39,6,0,45.60659040427269
train,2686,8,0,0,217.47481490976583
train,3732,4,0,0,321.11738001358265
train,1984,14,10,0,74.75556648522125
train,2441,3,2,0,510.7277505053902
train,821,4,0,0,268.14115273979706
train,2599,8,2,0,246.70647279220503
train,5151,4,4,0,84.18284508824544
train,717,2,0,0,730.6682729997317
train,3396,16,0,0,73.36637748490763
train,5138,3,0,0,483.922434710443
train,1023,4,0,0,213.14735657435082
train,2783,1,0,0,NaN
train,2803,19,5,0,144.38997987676657
val,235,5,1,0,130.6769886401243
train,1260,4,0,0,56.7709998396469
train,2395,10,2,0,346.3318178894142
train,1076,8,0,0,389.69572540653814
train,739,43,0,0,107.76905656218348
train,82,23,6,0,99.60003012165447
train,1499,5,0,0,314.8122677927074
train,1370,4,0,0,304.9788028498122
train,133,1,0,0,NaN
test,410,6,1,0,62.63837415413626
train,2163,7,7,0,398.78105431442947
val,541,4,1,0,224.24334970721378
train,4514,6,0,0,84.1573995801387
train,4701,1,0,0,NaN
train,4175,11,1,0,77.81630091874625
train,3317,10,0,0,186.31606540836452
train,2946,14,10,0,228.54079238579433
train,1072,3,0,0,471.4883669072234
train,3414,7,0,0,224.5023245850957
train,4079,34,4,0,95.58434438901537
test,359,24,2,0,40.27354031862262
train,4905,13,3,0,62.649793870403904
val,32,2,0,0,693.8473426117605
train,4806,2,0,0,147.8738216736749
train,4121,1,0,0,NaN
train,536,2,0,0,527.3980462004406
train,3963,7,1,0,186.4432312564101
train,4820,3,0,0,387.02448457965744
val,905,1,0,0,NaN
test,214,4,0,0,514.8521071656603
train,2832,18,17,0,216.12287068267142
test,1017,7,0,0,65.51757846851366
val,190,44,8,0,101.86532819720094
train,388,3,0,0,561.8220752806435
val,46,44,4,0,90.94310054654264
train,57,13,1,0,297.60782161925533
train,4345,5,0,0,473.78530893233545
test,957,31,5,0,59.76046145120686
train,889,8,1,0,369.28342858045926
test,723,31,9,0,58.601179516962645
train,1186,2,0,0,754.7000417863213
train,3772,39,3,0,92.80386664416817
test,232,2,0,0,407.7023695399533
train,3121,6,0,0,225.51402014082362
train,4119,5,0,0,464.076471629726
train,3009,7,0,0,166.81107109583348
train,2149,2,0,0,528.318766685476
val,339,24,12,0,70.50128873006537
train,4604,3,0,0,377.62207943938864
train,678,24,6,0,125.23955030312098
val,303,6,0,0,345.77544519072774
train,2494,10,0,0,198.57305255247832
test,1102,4,0,0,355.1128220456737
val,932,1,0,0,NaN
train,1115,7,0,0,241.69370762343803
test,729,7,0,0,188.23192311620681
train,3054,2,0,0,951.989224569292
train,1845,12,1,0,236.30544098757616
train,2067,4,0,0,541.9508705290989
train,2013,5,0,0,167.5475822096151
val,970,4,0,0,523.5153970968034
train,4452,6,1,0,421.4095486911794
test,638,1,0,0,NaN
train,72,43,35,0,117.53858729858655
train,3298,11,0,0,194.5151500532954
train,4024,8,0,0,235.33592991121208
test,221,3,0,0,332.6614480835193
val,758,6,0,0,399.10284168452824
val,1171,21,8,0,43.14303486432736
train,5265,9,7,0,115.10169903263231
train,4209,24,1,0,135.75270540010376
val,136,1,0,0,NaN
train,1967,26,5,0,69.47420151968606
val,432,1,0,0,NaN
test,84,2,0,0,403.76379011557304
train,956,11,1,0,216.98511130649064
train,2971,6,2,0,306.2703301340748
train,5273,32,14,0,70.40526518515202
test,144,2,0,0,597.2471148064258
train,1883,42,29,0,103.90284328926867
train,49,9,3,0,78.23031106264672
train,1552,6,0,0,218.45222976296358
train,2767,12,4,0,191.1896978668221
train,2189,4,1,0,443.3707791573237
train,1038,12,0,0,258.57270750286364
val,384,1,0,0,NaN
train,3432,5,0,0,256.04923714112874
val,665,7,1,0,112.17836654370433
train,5022,14,4,0,85.21011363632832
train,2822,3,0,0,504.9353194862737
val,909,3,1,0,109.90093612022788
train,1729,6,0,0,202.9219955310277
train,2072,4,0,0,343.63415657325544
train,5038,3,1,0,479.5525410384625
train,25,3,0,0,669.1077129431596
val,410,1,0,0,NaN
train,5076,6,1,0,87.93301514307693
train,1770,31,3,0,33.771546376339025
test,480,15,3,0,101.28257856218315
train,5155,1,0,0,NaN
train,705,5,0,0,611.0861782371285
train,5086,10,4,0,119.19429695468595
val,787,15,0,0,159.73865751436796
train,1699,5,1,0,108.96878899976716
train,2479,2,0,0,839.033202537372
train,2480,2,0,0,758.0023178435326
train,1019,1,0,0,NaN
train,551,2,0,0,666.7253964265409
train,2961,11,2,0,211.7802001351183
train,656,1,0,0,NaN
test,950,13,3,0,174.74857014777024
val,911,3,0,0,261.4499369289806
test,615,5,0,0,254.5829793526881
train,3047,6,0,0,260.2710837358744
train,3305,13,0,0,178.25286017412463
test,455,3,1,0,81.00678964442191
val,624,5,2,0,110.52810972837628
val,993,9,0,0,264.5521624483754
train,4087,2,0,0,65.08825270896072
val,362,5,2,0,150.60669833798
train,5302,4,0,0,233.9652145454918
train,3894,6,0,0,223.9859725616999
train,1428,56,2,0,93.76088250798868
train,2490,1,0,0,NaN
train,2540,1,0,0,NaN
val,836,60,3,0,77.91474524711586
train,470,7,1,0,218.5466635763009
test,1071,4,0,0,252.47099151902808
train,1411,13,0,0,231.8456160816229
train,2952,12,0,0,158.76999123332598
train,468,2,0,0,1120.3220159938103
train,3294,1,0,0,NaN
train,2983,7,3,0,237.00648008184808
train,2069,4,1,0,134.94933836227065
train,4509,3,0,0,456.8835891650226
val,789,11,0,0,195.516302502371
train,4771,17,0,0,71.44389720814338
test,761,8,0,0,174.66560452193517
train,3876,6,0,0,358.7047169568533
train,3869,6,0,0,326.5310623859441
train,566,7,0,0,264.518453465918
test,204,10,3,0,145.6470423469903
train,3935,19,2,0,158.6600138661281
train,2628,1,0,0,NaN
train,4486,2,0,0,482.9047923225561
train,1146,7,0,0,353.5043400699167
train,5153,5,0,0,77.20160744711748
train,4719,4,0,0,399.5365505017758
train,1687,14,6,0,63.444356348150556
train,291,4,1,0,475.23377026093465
train,1028,4,0,0,224.8507014102669
train,3562,16,0,0,153.41384986525725
val,821,14,4,0,92.20140042543073
train,99,6,0,0,372.8372673865644
train,2943,8,1,0,219.1309069535099
test,437,8,4,0,233.15781951298817
train,2986,4,0,0,284.958664686077
train,1928,1,0,0,NaN
train,4513,3,0,0,39.528248127778305
train,655,1,0,0,NaN
train,1985,10,5,0,279.86839994351766
val,1164,11,2,0,134.71450677898628
train,729,13,1,0,88.75245465987163
val,337,29,12,0,71.09955330876228
val,63,4,0,0,441.9596132473838
train,4710,8,0,0,202.4319816330107
train,2708,1,0,0,NaN
val,405,21,6,0,187.3827881542944
train,2468,2,0,0,542.235794849546
train,5197,8,0,0,91.97831814021984
test,504,1,0,0,NaN
train,8,5,0,0,596.4496224024425
train,230,22,1,0,135.05915764634122
train,1217,4,0,0,413.7151849184852
test,251,9,0,0,158.5009037199826
train,2484,3,3,0,36.50024679454189
val,131,1,0,0,NaN
train,3105,3,0,0,364.10586502417755
train,5027,2,0,0,559.9666264058185
train,1479,1,0,0,NaN
train,663,4,0,0,392.42317370607833
train,4678,5,0,0,147.85912749703795
train,912,13,0,0,93.23629061811876
train,5383,2,0,0,440.4546175038186
train,2062,9,3,0,109.2929488672827
train,2039,16,2,0,136.77077670330598
train,5149,4,0,0,298.5426694206077
train,2890,2,0,0,1042.4612426294007
val,13,14,3,0,171.64548581790316
train,5380,4,0,0,584.9424412478272
train,1341,16,0,0,147.41156182748617
train,4886,10,0,0,87.05179334096108
train,5044,5,0,0,377.2346958380642
train,3468,43,1,0,100.08981758474464
train,3613,40,0,0,96.11793074010396
train,2297,6,2,0,217.1116507980985
test,669,13,0,0,259.01452870459303
test,525,1,0,0,NaN
train,3706,18,0,0,82.2918912468017
train,4230,3,0,0,371.7106037341765
train,1656,22,9,0,56.56308286149626
train,2985,19,7,0,178.88293472617755
train,1459,12,1,0,212.61305274959187
val,479,3,0,0,400.34599268180244
val,204,35,1,0,102.12245982203132
val,610,7,6,0,286.09944254480183
test,699,6,0,0,310.8024501861073
val,1067,2,0,0,515.7817319612096
train,2874,17,9,0,99.10940847776797
train,360,1,0,0,NaN
train,4651,8,0,0,159.35632115825067
test,631,13,0,0,237.54748726193628
train,931,35,11,0,45.54613030862203
train,153,4,0,0,122.14443756593067
train,428,2,0,0,768.5549737527086
test,341,24,8,0,55.64562462379281
test,651,5,0,0,312.31232956875976
val,834,9,0,0,134.2484820932971
train,4424,4,1,0,447.51501434636316
train,742,35,2,0,84.44019545620415
train,4965,4,1,0,219.67807136362484
train,3036,15,0,0,82.8064681556871
train,2916,4,0,0,149.27840601580994
test,22,8,1,0,295.15722064915934
train,5183,8,0,0,70.58703410898889
train,5367,1,0,0,NaN
train,1409,10,0,0,336.93670230482644
test,1109,24,24,0,83.73224244788007
train,537,1,0,0,NaN
train,329,2,0,0,644.8031308981266
train,4035,40,2,0,116.81707605172738
val,1034,8,0,0,108.12034946735207
test,160,8,0,0,270.89794916263935
train,3058,16,0,0,74.3470762843906
val,248,25,10,0,124.53600250910256
val,763,16,0,0,161.1494190127265
train,4194,11,0,0,277.5218511325954
train,3170,5,0,0,311.2096658402011
test,345,35,15,0,42.638234111228215
train,4401,11,1,0,213.33846366903833
train,2975,19,0,0,205.00275838173198
test,1020,4,0,0,406.05720105717216
val,830,9,0,0,363.89699124903785
train,973,11,1,0,214.05822624801522
train,1281,6,0,0,456.8893115672832
train,4765,5,0,0,92.05663439761102
train,241,9,0,0,290.689509684233
val,189,7,2,0,297.5106613217885
train,3714,6,0,0,390.96830566241766
test,123,2,0,0,389.5929245354212
train,1493,6,0,0,231.50880162989174
test,407,27,10,0,100.90848051601603
train,612,5,1,0,427.8784598459034
train,3257,9,0,0,260.015772044715
train,1396,4,0,0,561.1467504808237
train,2284,4,2,0,90.89280194994916
val,468,11,5,0,226.53559190696714
test,342,27,11,0,56.64830731161176
val,449,1,0,0,NaN
train,1185,1,0,0,NaN
val,755,14,2,0,85.43415985466919
train,879,16,0,0,168.12497093145691
train,1589,18,5,0,76.83694867863971
train,5260,2,0,0,266.5811219462296
val,268,5,0,0,128.7099814009761
train,2413,4,0,0,499.9765100610265
train,867,31,1,0,120.41636566979722
train,3837,8,1,0,256.452249803214
test,401,1,0,0,NaN
train,4289,19,0,0,96.00103557913965
train,5049,1,0,0,NaN
val,438,20,27,0,55.14082577497798
test,918,11,2,0,267.4043115588972
train,465,5,2,0,329.31918928607064
train,5006,1,0,0,NaN
train,4526,6,1,0,112.74210454780774
train,1553,12,2,0,258.8752221075913
train,2991,19,4,0,172.5397683090845
val,1150,13,12,0,120.93395513261086
train,4125,1,0,0,NaN
train,2416,3,0,0,643.2554738770493
train,4784,1,0,0,NaN
train,151,3,0,0,638.9655787922313
train,3263,8,0,0,282.37226270451754
train,4980,4,0,0,224.86911452235532
train,1797,2,0,0,1059.7554153068097
train,5220,2,1,0,92.35437930220708
train,3986,21,0,0,108.23968071339644
val,988,4,0,0,162.7932866779872
train,3101,4,0,0,553.4471626549051
train,4034,59,3,0,108.63312055037356
train,4181,9,1,0,200.93919880640132
train,726,16,1,0,185.13688216713925
test,278,10,0,0,233.5005426657158
train,5315,18,1,0,70.50067743467308
train,1096,3,0,0,70.66310143280876
train,2530,7,2,0,177.76809248223393
test,314,2,0,0,395.0351742922631
val,166,6,1,0,362.28614005805105
val,704,12,0,0,268.86694937281106
train,976,27,8,0,134.55920148439776
train,3784,12,0,0,196.69306179405217
train,2055,8,1,0,415.8894968000296
val,457,3,0,0,129.66319743123393
train,1730,12,3,0,117.8305636789812
train,3530,13,0,0,206.30522397707333
val,908,4,0,0,94.98066895475202
test,112,3,0,0,682.9075667116559
val,359,26,1,0,137.7847891932409
train,2352,4,3,0,640.616790263281
train,763,6,0,0,272.32409294827806
train,920,30,0,0,87.37026073313565
train,582,17,4,0,181.53391573046395
train,1231,1,0,0,NaN
train,1008,4,0,0,602.2248914800456
train,1488,14,1,0,233.51911322213263
train,4248,14,0,0,240.39873117166707
train,5152,5,0,0,83.48678305051588
test,295,44,4,0,106.95580166834748
train,1922,31,11,0,99.73069649832992
train,703,11,2,0,223.41971751860027
train,402,59,18,0,76.0552070073969
val,690,10,2,0,80.45522392420798
train,1154,4,0,0,420.16851534939775
val,455,3,0,0,443.40791375943263
val,999,16,1,0,264.3694573242457
train,3559,4,0,0,369.25532345569087
train,1570,6,0,0,217.68603133873617
train,3661,6,0,0,368.1111857631299
train,12,2,0,0,125.75447488058848
train,4527,14,1,0,64.59807171737924
val,480,2,0,0,394.5679121473013
test,766,21,0,0,148.04794439717963
train,2113,13,7,0,149.04161732981743
train,3482,11,0,0,74.54496286206408
train,3555,7,0,0,345.0778912655335
test,344,44,29,0,52.795071440752615
val,71,3,2,0,482.8345545715564
train,2631,9,1,0,71.01026089299454
train,4110,24,2,0,44.4284063864637
test,673,4,0,0,193.61070530649562
train,2095,5,1,0,184.56042331991614
train,1109,2,1,0,29.34729289266736
train,670,9,0,0,240.53372244330777
train,1199,4,0,0,368.7732902812428
train,3905,4,0,0,133.98754720405594
val,316,4,0,0,533.998047899273
train,2118,1,0,0,NaN
test,61,9,2,0,157.54317513798264
train,5369,11,3,0,193.47929749942338
test,980,2,0,0,692.2749257802902
test,966,13,3,0,159.66527206759403
train,3100,6,0,0,345.72433593731955
train,2224,3,0,0,229.25522514527478
train,2848,13,4,0,147.47198611267288
train,5259,1,0,0,NaN
train,2259,5,0,0,369.48889905979433
val,402,3,0,0,112.0901927568477
train,5343,8,1,0,143.39534253688424
train,3303,13,0,0,111.39557506804914
train,1350,14,0,0,215.50401307079295
train,2303,1,0,0,NaN
train,436,3,0,0,582.7626889086386
val,630,6,2,0,485.4119724935909
train,414,3,0,0,539.1795942430275
test,255,18,2,0,164.59753206178078
train,118,13,2,0,162.0590628633251
train,2778,18,6,0,177.50666042780327
train,590,20,2,0,113.73388491867561
train,4228,3,0,0,226.99977599999997
train,4145,3,0,0,489.5310595254886
val,957,5,0,0,398.9952423180241
train,3679,1,0,0,NaN
val,725,17,3,0,89.44553990173767
train,2694,6,0,0,198.53468470824552
train,231,14,2,0,137.24295598204003
train,4955,2,0,0,444.30850300227075
train,4498,4,0,0,159.26617479903425
val,896,34,2,0,88.20682460996046
train,2717,3,0,0,128.61754617483106
train,4060,15,0,0,211.4156539148406
train,3443,4,0,0,269.2804374679152
train,664,1,0,0,NaN
val,862,5,1,0,438.2077344651113
train,910,6,0,0,302.2011816747812
train,4568,1,0,0,NaN
val,927,3,0,0,363.98010539127
train,1717,8,3,0,73.38610013131452
val,317,3,0,0,395.2391751637311
train,3801,44,2,0,117.05827380758984
train,270,25,0,0,147.85199085745194
test,25,2,0,0,326.3624837755552
val,1132,4,0,0,517.2980027637284
train,564,5,0,0,392.3176995855311
train,3682,6,0,0,313.60057551037005
train,790,9,0,0,294.2966362842623
train,4607,1,0,0,NaN
test,47,45,21,0,96.25511668556933
train,3539,8,0,0,124.57940379885632
val,52,20,0,0,182.00036663728582
val,315,4,1,0,278.33641055366917
train,4279,13,3,0,62.6999405434534
train,4843,1,0,0,NaN
train,3455,2,0,0,334.8972834767682
train,3515,15,0,0,149.3688926664567
train,2920,6,0,0,480.5248776038837
val,964,4,1,0,330.8784335625202
train,4142,15,2,0,150.56646011858356
train,2293,1,0,0,NaN
train,48,19,3,0,102.54385715841629
train,5004,3,0,0,203.92260084715306
test,192,11,1,0,141.76060496538724
train,2133,1,0,0,NaN
val,352,31,12,0,47.27852874299707
train,3088,4,0,0,226.4906139002523
val,442,16,2,0,179.36483846566796
train,1100,1,0,0,NaN
train,2545,3,0,0,260.3689015236081
val,1102,1,0,0,NaN
train,781,9,0,0,228.21281993828777
val,348,12,2,0,299.49362125333494
train,1673,26,9,0,54.50245293589731
test,996,4,0,0,624.1192500138956
train,4588,1,0,0,NaN
train,2856,5,0,0,317.702607481651
train,160,7,0,0,169.05999545734304
train,5396,21,4,0,69.70141427964487
val,589,11,1,0,107.77902274641872
train,1950,3,0,0,794.6389700688212
train,523,3,0,0,279.212906292551
train,2170,7,2,0,454.81290667772384
train,3217,9,0,0,144.02729385939242
train,3402,12,0,0,201.47580690614978
train,611,2,0,0,463.5201575948192
train,2141,6,2,0,284.82285342452496
train,1001,11,2,0,194.14753182071564
val,345,18,1,0,215.89472186037912
train,109,14,1,0,134.42744499196957
train,1196,7,0,0,316.06619840864437
val,260,32,9,0,143.45901662601403
train,1446,5,0,0,85.65101928701836
train,3268,4,0,0,162.81772634032154
train,2044,5,1,0,144.84880061778432
train,2825,14,11,0,133.13560004947396
train,691,17,0,0,127.5619183300807
test,1059,10,0,0,132.39720536550226
train,220,4,0,0,374.0870576190722
test,946,7,0,0,149.23215551662864
test,933,28,6,0,37.05111517109647
train,2128,23,14,0,126.17140487489002
val,518,4,0,0,560.7809053208845
train,5298,9,4,0,214.66508630958856
val,311,12,1,0,96.86193433480452
train,1013,6,1,0,215.64080582411844
test,751,4,0,0,327.28128090763795
train,3018,5,0,0,421.9819099441063
train,2023,4,0,0,629.169802744741
train,1971,14,5,0,275.17338684859135
test,210,3,0,0,588.1128594141022
train,5269,12,9,0,120.58586538613565
train,354,16,1,0,251.45085909540614
train,3286,3,1,0,74.90278499922414
test,740,17,0,0,223.43960848516565
test,871,28,3,0,106.52984678618364
train,2420,7,1,0,685.0433328894514
val,283,11,1,0,165.65256393032442
train,3279,5,0,0,353.38954660372656
test,275,12,1,0,145.63566031351212
train,1715,6,0,0,211.42901127014383
train,5292,14,7,0,170.7879999540515
test,1007,9,0,0,65.43111321161831
train,4090,3,0,0,512.1813761087385
train,2204,4,1,0,167.4508066441886
train,774,1,0,0,NaN
train,2746,5,0,0,374.8410815270022
val,329,5,0,0,762.6572649572082
train,2428,1,0,0,NaN
val,162,12,1,0,210.03860186431749
train,3153,11,1,0,202.52005526404673
test,683,4,0,0,426.58863323530625
train,1300,4,0,0,512.3625970204085
test,179,8,0,0,303.7830311150177
train,3798,42,0,0,108.90851059537745
train,2082,6,0,0,76.70190308113126
train,4932,5,1,0,237.7064418822004
train,2508,6,0,0,72.65579409389645
val,1126,9,0,0,164.47826633361507
train,4207,22,5,0,51.77315175371934
train,293,4,3,0,380.6535252465029
train,2761,4,1,0,474.6745943685311
test,706,14,0,0,165.13768994426445
test,458,3,1,0,645.9766592564366
train,1258,7,0,0,88.06954915309663
val,6,3,0,0,444.2323244429942
train,2731,2,0,0,910.4201136620644
test,211,5,0,0,451.29292105391863
train,2434,1,0,0,NaN
val,1130,4,1,0,92.40861495143668
test,121,3,0,0,291.4456207262551
train,234,7,0,0,373.0117537456678
train,4950,4,0,0,150.44595772870943
val,849,1,0,0,NaN
train,26,4,0,0,437.3682725132778
train,2342,2,0,0,1002.11320969273
train,731,9,0,0,191.9697205724288
test,402,4,2,0,437.4010200751221
val,188,5,0,0,304.29742952786125
train,3179,7,0,0,187.48809353260953
train,4270,22,8,0,85.14324547326035
train,3215,18,2,0,65.78135509627546
val,1158,4,0,0,315.69310455653385
train,3094,5,0,0,277.6054923957793
train,3231,7,0,0,291.17235569350225
train,5160,2,0,0,583.2775180306796
train,923,24,0,0,164.48064246236888
train,3694,15,1,0,174.63955304763252
train,246,10,0,0,193.79208260428632
val,978,2,0,0,1194.3643786382995
train,1711,13,1,0,128.31411744663376
test,140,6,0,0,326.075057863268
train,2676,33,13,0,40.01281474876258
test,393,8,1,0,167.46170134762806
train,1906,17,2,0,76.48429486505383
test,495,3,1,0,160.6884237793922
train,5075,6,0,0,109.09314633117059
train,878,14,0,0,105.19671943035974
train,1791,2,0,0,771.1857096602299
val,853,11,1,0,81.6850572395362
val,681,21,1,0,39.56002265044122
val,451,6,3,0,107.83581164346259
val,1152,16,8,0,103.01110705178738
train,553,2,0,0,458.81489543488306
train,136,3,0,0,103.66979973387225
test,387,34,14,0,105.73356764718181
val,397,10,5,0,154.00423855020273
train,4590,1,0,0,NaN
train,489,49,8,0,103.02113080517924
val,872,6,1,0,283.01995392610183
val,180,1,0,0,NaN
train,1417,26,1,0,153.20880730758847
train,2752,5,1,0,201.06079856658903
train,3119,3,0,0,217.36878230372633
train,542,3,0,0,498.0134947572534
val,1156,16,0,0,105.50063810407418
train,4001,14,1,0,142.15014970325248
val,519,2,0,0,728.5998950432172
train,192,6,0,0,455.52606084849793
train,353,5,0,0,367.9708121904178
test,367,1,0,0,NaN
train,1633,8,0,0,262.23892702515127
train,4964,4,0,0,195.40203582449482
train,1352,6,0,0,411.69169000127573
train,1740,3,0,0,363.57752713835606
val,892,13,1,0,100.28114454916808
train,4436,21,4,0,77.96974214811124
train,9,7,2,0,101.46982550951196
train,1682,10,1,0,69.42120148968561
train,3281,6,0,0,421.88465511929
train,458,3,0,0,501.20066376658514
test,582,9,2,0,261.3054653869579
val,557,5,0,0,214.66238273182006
train,1290,4,0,0,224.2692786462482
train,3777,23,1,0,141.44455241564617
train,3192,8,0,0,216.33229458079472
train,1240,11,1,0,233.90025125392498
train,1002,8,2,0,113.93372688461454
train,2565,5,0,0,199.7683512479713
train,4030,37,0,0,112.13446592508069
train,1585,36,23,0,54.41002529146992
train,2498,1,0,0,NaN
train,2250,1,0,0,NaN
train,2818,2,0,0,1061.307129700047
test,94,2,0,0,605.6714210858294
val,309,30,1,0,131.12590905316955
test,1058,4,0,0,156.9051907307902
train,1758,3,0,0,317.187993593745
train,464,1,0,0,NaN
train,1882,2,0,0,615.6679118369314
val,499,3,1,0,129.92792617486973
train,2637,2,0,0,347.3754802410165
test,451,4,0,0,496.14525594914625
train,355,1,0,0,NaN
train,2011,5,0,0,328.10920092146125
train,535,2,0,0,563.4418131449116
test,622,5,1,0,357.910424436524
train,1141,6,0,0,383.6142272982204
train,4807,1,0,0,NaN
test,313,1,0,0,NaN
train,2481,2,0,0,810.1998894594484
train,4128,19,4,0,80.28093033871856
val,214,9,1,0,217.83008864818265
val,202,12,0,0,305.6973701539962
test,322,34,12,0,68.2656744585104
train,3704,19,0,0,151.16608916062748
train,1292,2,0,0,253.00297364265631
val,1135,4,1,0,128.9532188601365
train,3587,30,3,0,96.19524300145864
train,1684,6,2,0,77.3884808030532
val,490,3,0,0,392.52564121123044
val,509,10,6,0,170.17234087902415
train,2891,2,0,0,890.1801014626918
train,5283,7,3,0,104.500876934732
train,2444,2,0,0,730.9621135029539
train,1441,8,2,0,204.08683951483266
val,807,6,0,0,204.0694515201938
train,2732,5,0,0,524.5093773201653
train,3139,5,0,0,417.4798287636584
train,4613,1,0,0,NaN
val,27,3,0,0,505.29962860938997
train,184,17,1,0,129.76887269334816
train,3635,9,1,0,268.1500307239463
train,4961,3,0,0,124.48628133457923
val,65,7,2,0,362.5345860246871
train,3950,12,0,0,198.48280590581854
val,466,2,0,0,169.0009556900175
train,2399,25,7,0,164.15978869513415
train,3806,21,6,0,139.515780161803
test,629,45,22,0,112.1032197947828
train,2304,1,0,0,NaN
train,1222,3,0,0,259.5313045325251
val,705,8,0,0,274.7132124089876
train,5301,4,0,0,466.3328011804035
train,1762,4,0,0,335.79858301780365
train,3244,3,0,0,570.9041827002505
val,874,10,1,0,103.81218209957561
train,1062,1,0,0,NaN
train,890,6,0,0,348.2590838560674
test,959,14,5,0,146.5032557733741
val,966,10,1,0,276.5180377495659
train,229,6,0,0,295.3989905893965
train,3140,5,0,0,356.4804531191605
train,175,2,0,0,482.0394865983874
test,265,2,0,0,361.05678024497803
train,1641,14,0,0,226.03225015926927
train,2035,1,0,0,NaN
val,94,4,1,0,323.8712747272827
test,1045,2,0,0,258.00209549620956
train,1707,9,0,0,55.26702858678992
train,3847,7,0,0,258.60892575508416
val,1026,2,0,0,394.03365683661445
test,831,11,3,0,195.35820687201718
test,557,2,0,0,750.4801897665975
train,460,10,1,0,272.3107948861374
val,766,11,0,0,129.05959398764602
test,1063,1,0,0,NaN
test,240,15,1,0,237.8578363328312
test,671,13,0,0,199.6814751553844
train,2862,24,6,0,79.63545871752497
train,3225,19,2,0,64.44575803086693
train,3322,12,0,0,143.36306833580977
train,5311,95,7,0,74.64047942102665
val,552,1,0,0,NaN
train,3495,13,1,0,278.62230905670697
train,5296,6,1,0,293.5944209622477
train,4192,9,0,0,196.04166430709543
train,5180,5,0,0,320.01000571909117
train,3386,3,0,0,620.0619827211782
train,3926,17,1,0,78.25981773890327
val,749,29,7,0,61.01950941748326
train,2409,2,0,0,633.2386460737215
train,4225,25,1,0,170.73143724585356
train,142,1,0,0,NaN
train,532,7,2,0,58.039172704997945
train,2893,7,8,0,189.03239633512743
train,3398,16,0,0,106.96475033089385
val,321,4,0,0,552.5639428027059
val,1118,6,0,0,125.44439960666587
train,5354,10,0,0,94.92852326333976
train,288,2,0,0,1012.7958421401107
val,484,2,0,0,1027.9076368157123
train,4393,24,13,0,52.565583318329814
train,103,6,0,0,526.2178794379073
train,1287,10,2,0,158.85671599541797
train,4249,14,1,0,215.00184869568238
train,1700,9,0,0,72.00000000205512
train,3500,12,0,0,97.6611469436055
train,5031,2,0,0,240.17536909713948
train,4328,17,4,0,110.90958624090166
train,1522,3,0,0,738.9033582280855
train,3452,7,0,0,270.7068785832391
train,2265,6,0,0,116.56849049390067
train,3826,24,3,0,60.74537019394976
test,365,1,0,0,NaN
train,4354,11,2,0,250.5115416747297
val,710,2,0,0,489.43703807564066
val,808,7,1,0,224.64909693126927
train,598,3,0,0,348.612950419523
val,133,13,1,0,141.20291895249733
train,101,5,0,0,466.6219674902721
val,218,7,1,0,129.11716484068108
train,3517,13,0,0,155.00481035230573
test,468,1,0,0,NaN
val,413,17,8,0,190.45552950761393
train,789,6,0,0,420.1812121523874
train,213,2,0,0,549.1466893286711
train,1920,9,0,0,123.22839614313422
train,2372,1,0,0,NaN
train,3384,2,0,0,277.76738728701747
train,397,65,21,0,110.3688636604816
train,3952,4,0,0,299.20096769260357
train,2642,1,0,0,NaN
train,3333,10,1,0,151.9747716463443
train,5130,6,1,0,327.5198587361633
val,279,75,2,0,68.20893689313107
val,291,7,0,0,178.9819074224617
train,5045,3,0,0,389.2307895735408
val,132,14,4,0,158.99202395201263
train,888,34,5,0,86.51704299370849
train,3513,6,0,0,287.6915258538362
test,707,13,0,0,178.67515802832378
val,933,22,3,0,169.1605190250291
train,1508,3,0,0,206.1555404645592
train,1666,38,12,0,53.763060645325965
val,656,3,0,0,511.1565837432305
train,2451,1,0,0,NaN
val,802,20,1,0,203.60908463426802
train,757,1,0,0,NaN
train,1904,7,0,0,255.15975043323726
val,163,11,0,0,181.0245151136699
train,4690,13,5,0,55.46235855466705
train,3306,8,0,0,342.12853516917374
train,3709,8,0,0,248.6436449953287
train,1484,2,0,0,927.5002947363572
val,1080,9,1,0,146.01814128397413
train,2512,2,0,0,561.392891383799
train,3705,21,1,0,128.0819647571436
test,158,4,0,0,345.54431647733884
train,463,16,1,0,249.41572540644998
test,515,3,1,0,657.6912482557091
train,3425,7,0,0,214.59680221384838
train,2014,8,0,0,192.03731570777276
train,2002,3,0,0,524.1083428609581
train,4064,28,3,0,82.75709528284726
test,956,3,0,0,95.63436704555942
train,4212,11,1,0,74.50729027682634
train,2750,11,2,0,166.32001193029225
train,1476,1,0,0,NaN
train,2695,8,2,0,283.3363431018251
train,5244,3,0,0,508.15408678874513
train,4190,11,2,0,80.6538174678625
train,320,2,0,0,313.46385654563255
train,1249,10,0,0,353.4984224951046
train,1876,2,0,0,1029.984491914338
train,3625,4,0,0,155.27593918730946
train,2244,6,2,0,339.77411625965067
train,1605,17,3,0,270.5461330274212
train,534,3,0,0,211.8996276736498
val,719,38,8,0,40.84104752644477
test,228,7,0,0,218.503776077504
train,123,11,0,0,224.22308609270803
train,2354,1,0,0,NaN
train,2705,17,1,0,193.5026114139455
train,645,5,0,0,367.3674945016206
train,2083,4,1,0,195.8610136243259
train,1421,14,0,0,274.21943375069304
train,5326,3,0,0,446.6795654159538
train,844,14,0,0,139.33425453907242
train,1310,59,9,0,103.5909922758998
train,2665,4,0,0,268.1604384304097
train,3380,6,0,0,292.5580077978319
train,29,3,0,0,330.0744328180225
test,894,5,0,0,361.55587221904693
train,4159,11,3,0,70.26015884008869
train,2503,1,0,0,NaN
train,3901,8,0,0,392.35487695099573
train,1371,8,0,0,232.513922852548
train,1288,5,0,0,409.94011049444606
train,1035,2,0,0,685.5430578923734
train,1953,4,1,0,479.88589101050223
val,251,17,1,0,195.886134803121
test,974,6,0,0,73.46493748786155
train,3681,3,0,0,252.52430397100784
train,3458,9,0,0,242.09949872047554
train,788,6,0,0,320.1884833513539
train,2056,54,35,0,57.01972837568471
val,215,13,3,0,176.55705597996746
train,1680,6,1,0,92.72262636318666
val,37,6,0,0,274.38269167103834
train,5227,3,0,0,55.22068265103629
train,1155,6,0,0,316.80236914488773
val,369,11,7,0,29.090222414110265
train,2155,4,1,0,462.96139412559035
train,967,24,2,0,201.99119315465703
train,4753,3,0,0,74.0627166708433
val,246,144,22,0,57.48942108432042
train,5090,37,29,0,35.04583125453765
val,854,13,0,0,140.8135392942833
train,4984,10,0,0,44.994949052710275
train,2159,11,4,0,274.706683428352
train,4584,2,0,0,505.36263866663353
test,777,12,0,0,132.9432175681953
train,3624,9,0,0,111.83253723493652
train,4734,7,1,0,33.86102659099545
train,5323,26,1,0,61.82790578422864
train,2748,13,2,0,157.89702523002939
train,2788,16,5,0,159.3418343373388
train,157,4,0,0,74.27829566366667
val,164,4,0,0,410.6141190272408
test,74,12,4,0,90.93764618638374
val,140,15,1,0,202.9703595307703
test,1053,3,0,0,483.5515105883893
test,773,48,2,0,93.26140793492095
train,2036,17,9,0,132.20648456156758
train,1503,16,7,0,192.44660411845845
train,3638,9,0,0,182.50161902095766
train,1813,5,1,0,129.68701708679413
val,400,15,8,0,39.029808314229655
train,3634,18,2,0,62.729519252259635
train,1736,11,1,0,68.96375859826662
train,3417,5,0,0,335.68236593601915
test,189,24,1,0,121.51303083375032
train,5340,13,5,0,141.16838331613468
train,2533,1,0,0,NaN
train,712,6,0,0,602.2450443286041
train,2177,3,1,0,173.1189057293328
test,1089,16,3,0,83.2888959850038
train,2726,5,1,0,149.97797806421914
train,999,10,1,0,278.3059064731537
test,610,27,4,0,90.00042853745576
train,2339,1,0,0,NaN
train,1251,1,0,0,NaN
train,412,3,1,0,109.40978179332247
train,4830,2,0,0,316.4409577289428
test,539,4,0,0,450.0859479204385
train,4358,8,3,0,79.12837842457915
train,256,9,0,0,148.51941696719473
test,238,51,38,0,105.97306639023667
train,2211,5,1,0,186.9295079128128
train,614,3,0,0,403.3936549030932
train,3785,14,3,0,185.5904843383247
val,676,30,6,0,122.08739787807743
train,483,53,10,0,111.14214336746154
train,4556,1,0,0,NaN
train,1221,4,0,0,269.6500476635953
val,1121,1,0,0,NaN
train,1898,26,3,0,100.12900479375166
train,221,11,0,0,183.84342377215245
train,5192,17,4,0,110.05323861524433
train,4789,10,1,0,111.35175461109192
test,170,5,0,0,362.36776832391035
train,1603,15,1,0,285.2395407105742
train,3413,11,0,0,91.67498354577849
train,1851,26,0,0,188.37343999630616
train,2675,35,26,0,51.927934063383866
test,1012,4,1,0,186.3348916025875
test,570,16,0,0,170.5315113350103
val,78,3,0,0,351.5148430223176
train,4829,2,0,0,482.72355078266713
train,3356,5,0,0,236.51643291919314
train,4184,6,0,0,228.0595209516896
val,632,1,0,0,NaN
test,765,25,0,0,180.45604668214202
train,2343,3,0,0,79.8339271341704
train,145,45,12,0,88.48191896889905
test,419,8,1,0,93.98585519468811
val,239,14,0,0,284.5195585775252
train,3008,28,4,0,91.93645170550498
val,716,8,1,0,229.8330178949439
train,4327,15,1,0,81.79443111457417
test,627,8,0,0,201.09568985491023
train,275,3,0,0,242.7156756056467
train,3907,11,1,0,177.93898797153136
test,7,2,0,0,533.3006500062555
train,3586,27,11,0,58.619174067993285
val,1056,3,0,0,158.368044608928
train,3203,7,0,0,145.74791278102617
train,989,5,0,0,437.8428651652049
train,2019,5,1,0,402.1297854176574
train,857,8,0,0,262.55111831439467
train,3224,10,1,0,325.8962833800624
test,872,25,2,0,154.4023245425384
train,5342,10,3,0,134.56355320222445
train,1256,2,0,0,1013.4392052019871
val,614,3,0,0,514.6359275450247
train,1069,1,0,0,NaN
train,2541,1,0,0,NaN
val,734,6,0,0,477.1633572693025
train,1836,1,0,0,NaN
train,3804,29,3,0,82.46262319545407
train,841,18,1,0,171.1695933820345
train,2408,3,1,0,634.714024575032
test,979,2,0,0,305.8666579041512
train,5093,28,8,0,43.52747369682777
train,389,7,2,0,141.8103457442597
val,1091,3,0,0,114.01697108945538
train,1763,4,0,0,327.8050314804705
train,548,15,0,0,173.8349336585595
train,1046,1,0,0,NaN
test,489,3,2,0,366.3717848743323
train,2200,3,1,0,363.45467448054967
val,697,12,0,0,246.74782894485907
train,2549,3,0,0,168.8597653488089
test,430,9,2,0,65.7650144115932
train,4197,5,0,0,364.6872275479922
val,1172,18,2,0,83.3843906763855
test,635,7,0,0,53.12664175963309
train,2160,5,1,0,394.4415158881831
test,928,34,8,0,132.83394625579797
train,4499,11,2,0,34.590916731604594
val,290,10,0,0,244.94347620448963
test,9,3,0,0,458.8431104419026
train,214,2,0,0,414.90446381939967
train,5200,19,2,0,43.28908075337318
test,39,11,2,0,177.24838635090873
train,898,5,0,0,284.022711768095
train,3622,13,0,0,235.58455416289078
train,4550,5,0,0,188.50042567760946
train,1442,2,1,0,78.57638047159197
train,2794,6,5,0,415.88094633978153
test,879,7,0,0,134.26956426566352
test,668,9,0,0,298.52666290371116
test,274,8,0,0,289.68986296433627
train,4746,6,0,0,223.4155105810093
train,761,7,0,0,371.1149726758179
train,4384,5,0,0,393.91694988800515
train,155,6,0,0,276.0580909892863
train,2213,1,0,0,NaN
test,485,3,1,0,300.16678542450836
train,211,4,0,0,235.73032494629103
train,22,3,1,0,210.31077689993916
train,5351,2,0,0,575.0728602048886
train,1948,6,0,0,455.3950283435812
train,5170,4,1,0,346.82560652828784
test,376,9,0,0,253.3377126919798
val,645,20,2,0,74.47949037410503
train,1316,6,0,0,401.4038472371251
val,408,16,4,0,118.12822883647227
train,692,28,2,0,142.67219842442597
train,2258,1,0,0,NaN
train,4016,12,2,0,120.13845885535274
train,1830,1,0,0,NaN
test,433,3,2,0,518.23204586375
test,942,7,0,0,328.1513689505248
train,478,6,0,0,315.9507038706868
train,3626,21,0,0,148.0604555447498
test,1125,3,0,0,320.51799130979146
val,110,7,0,0,335.0841619677881
val,512,3,0,0,131.24053715266018
train,3252,5,0,0,323.09873770119634
train,2124,3,0,0,227.82160080241093
val,983,18,1,0,189.65783231177116
train,2202,2,0,0,351.3497462076401
train,4336,8,0,0,242.46562856863687
train,4507,6,1,0,478.36396269999153
train,4668,7,0,0,247.18487960244607
train,2910,10,6,0,168.4448799691258
train,1457,14,1,0,227.50862879480223
test,1105,5,1,0,276.54229712159986
train,1860,13,4,0,102.04229586055271
val,462,6,1,0,191.85401738216297
train,4031,34,2,0,120.54503743046877
train,689,5,0,0,235.41699418744136
val,693,9,0,0,133.03105832863588
train,3394,10,0,0,175.8548895555324
val,454,1,0,0,NaN
train,4945,8,1,0,38.913731666942304
train,4257,19,2,0,124.17055051897509
train,3250,16,0,0,169.40776496800615
train,4564,3,0,0,289.66527496480353
train,4999,5,0,0,149.60391112592293
train,3378,5,0,0,327.7136623336588
train,4134,16,7,0,81.118271482845
val,700,6,0,0,248.5719328182021
test,1001,4,0,0,341.1852921043426
test,586,19,3,0,135.98792488033078
train,392,8,1,0,227.10209051373192
train,4318,3,0,0,401.93263927219624
val,877,17,1,0,114.23558815458506
train,1430,27,1,0,177.65792749063377
train,4301,6,0,0,426.7574879453472
val,904,1,0,0,NaN
test,753,28,2,0,139.49479732819984
train,18,4,0,0,377.5723725476314
train,180,17,2,0,159.41027294840433
train,2630,1,0,0,NaN
val,103,3,0,0,507.4173947669067
train,893,7,1,0,227.93138757141458
train,2146,5,0,0,442.2197234136696
train,3976,62,2,0,78.94771126583356
val,64,9,1,0,246.1555092875235
train,2924,9,5,0,86.63906509338605
train,3266,7,0,0,256.6326836871625
val,553,2,0,0,237.71440656510066
train,2000,4,0,0,397.39443605617623
val,213,3,0,0,279.47397388743593
val,655,6,0,0,475.16500207261714
train,3673,7,0,0,196.2535337788992
val,510,8,1,0,497.7369929875632
train,5041,4,0,0,358.3617949865595
test,139,5,0,0,517.8895983517599
val,4,2,0,0,611.5064109952134
train,5263,11,8,0,142.83504936910776
train,4884,9,0,0,79.64885335124377
val,582,6,0,0,406.1347539662562
test,73,10,1,0,284.9005827322412
val,58,7,0,0,498.6230348470043
train,2136,6,1,0,347.923998227995
train,247,9,0,0,308.8694568004396
train,1320,17,1,0,175.00007474408463
train,2313,1,0,0,NaN
train,4377,3,0,0,607.7967024591624
train,3745,9,0,0,228.3970282122793
test,477,2,1,0,145.79428444488008
train,317,5,0,0,291.0038649640875
train,1775,23,1,0,49.664728739241085
test,1095,4,0,0,367.89637531711764
train,1127,4,0,0,840.6950859909764
train,3563,20,0,0,165.90261044205192
val,443,9,0,0,185.43226955481572
train,4373,3,0,0,354.2279283404467
train,5202,11,9,0,72.08458620544774
test,684,8,0,0,209.06239087301037
test,291,18,1,0,158.4933742466966
train,2626,3,0,0,362.39358102488785
train,3039,6,0,0,294.0517829502942
train,3168,3,0,0,395.03177164559196
train,1101,1,0,0,NaN
test,44,3,0,0,414.27688393154966
train,1178,2,0,0,927.3740886352776
val,894,41,4,0,95.5016027579504
train,4032,49,4,0,91.88146233408139
train,4077,26,7,0,105.73214481917249
train,1531,8,0,0,294.0340115029085
train,1761,3,0,0,530.2566159897733
train,1353,15,0,0,216.6074840111541
test,944,3,0,0,111.38263671355453
train,1895,4,0,0,454.1124822219474
train,3108,8,0,0,231.5829222243941
val,1160,5,0,0,316.7303923533905
train,1675,27,7,0,53.44313210044427
train,5358,5,0,0,145.9999061922733
test,905,3,0,0,397.93570334942893
train,3144,10,0,0,279.40667358111733
train,4763,5,0,0,206.476547511566
test,282,5,0,0,436.61430530975764
train,4785,3,1,0,63.41102743350764
train,835,1,0,0,NaN
train,831,1,0,0,NaN
train,2871,4,1,0,317.5089863960261
train,1701,11,3,0,61.88025947668726
train,2930,8,2,0,319.38564311648776
test,1043,19,1,0,50.14223273898113
train,2922,6,0,0,408.6252596446957
train,5007,1,0,0,NaN
train,396,8,3,0,376.8776750952499
train,5059,5,0,0,290.9641950481632
train,3173,5,0,0,261.3446214024713
train,189,3,0,0,657.5733521851587
val,810,11,1,0,168.02106510898383
test,174,18,2,0,188.62243959961916
train,4164,15,5,0,90.03473685522619
test,373,1,0,0,NaN
test,209,4,0,0,522.5167718690356
train,1225,14,1,0,218.8357828148154
train,5189,5,0,0,70.90982318493518
train,3406,13,0,0,162.99139270536594
train,4696,18,4,0,59.36279681456497
test,1113,3,0,0,445.4128998581553
val,895,57,3,0,81.54195190602269
train,4872,43,8,0,37.51343546133314
train,4686,20,4,0,42.55780444504232
train,1938,4,0,0,409.2819790867399
train,391,5,0,0,374.888771878047
test,130,5,0,0,375.40579584287985
train,4429,1,0,0,NaN
val,880,27,5,0,97.62110821159393
val,505,4,2,0,413.94033191067473
val,381,2,0,0,1092.7967442561933
test,520,1,0,0,NaN
train,3329,12,1,0,106.27536595126723
val,196,4,0,0,498.3161315497995
train,38,7,0,0,348.22708774639113
test,287,7,0,0,347.43979005294557
val,698,9,0,0,223.21481140886667
train,1440,18,6,0,81.1529295140975
train,2076,11,7,0,74.7470785067301
train,2380,3,1,0,653.1893325399737
test,988,2,0,0,403.9008702145943
train,613,3,0,0,380.4948303883135
test,874,24,6,0,138.94064125622182
train,2074,4,1,0,139.1538963897286
train,2923,7,1,0,394.37936771633065
train,2209,6,2,0,109.76390160928376
train,2562,2,1,0,235.91685674544146
val,1161,7,0,0,182.34664904167013
train,1065,6,0,0,313.5568740426613
train,3543,4,0,0,592.8199987999689
val,958,19,0,0,187.82236309985473
test,71,13,2,0,217.63572813398451
val,1043,4,0,0,111.23898257302454
train,1681,9,2,0,95.63463439624482
train,4908,3,0,0,872.3048822516722
train,5018,15,2,0,87.2053939708651
train,3216,9,0,0,276.5459185029512
train,2150,4,1,0,358.33918132280235
train,2004,5,0,0,271.5493170684339
train,632,2,0,0,385.73125631374273
test,498,3,0,0,174.59696180656434
train,3480,11,0,0,270.84427511136374
train,3923,20,1,0,105.05897829685148
train,2455,1,0,0,NaN
train,3825,15,0,0,63.71290042397378
train,330,1,0,0,NaN
train,674,15,1,0,164.14967998789407
train,869,66,8,0,82.34149720690232
train,675,17,2,0,214.16175176747043
train,5009,2,0,0,826.3793583579929
val,898,30,6,0,116.18301462789177
train,5364,2,0,0,608.3689212838226
train,3007,27,13,0,99.7296630697257
train,5222,4,0,0,225.5083609917353
train,20,8,2,0,159.5077141145762
test,326,53,36,0,58.859607611660635
train,2760,4,1,0,491.829658592197
train,3767,49,0,0,108.18115155685818
test,517,1,0,0,NaN
train,1706,9,1,0,155.80047774143625
train,2658,3,0,0,299.43642891276556
train,3395,14,0,0,126.89808170850876
val,639,2,0,0,531.9766972799945
train,3059,16,0,0,93.52018118182201
test,293,16,0,0,184.25801344510575
train,3617,29,0,0,175.04561965416815
test,726,11,0,0,73.58276254908013
train,661,1,0,0,NaN
train,104,3,0,0,470.3736806246823
train,2369,1,0,0,NaN
train,3882,13,2,0,189.76455218194215
train,5350,10,1,0,99.96674824467411
train,2514,5,1,0,207.1721105569241
train,2812,5,2,0,443.6554664152201
train,2955,2,0,0,1107.9845206139405
train,3903,4,1,0,502.9653277744739
train,3715,5,0,0,516.3022039543079
val,1070,1,0,0,NaN
train,687,2,0,0,566.2200364382372
train,3593,20,4,0,137.3773540581915
train,2164,10,6,0,238.71695771417865
train,4883,8,1,0,129.57843289804572
train,538,2,0,0,457.17914155444544
train,1087,2,0,0,175.77361831685283
train,4251,12,2,0,145.4665135497257
val,458,4,0,0,355.0753936011957
train,4091,18,1,0,79.22323366437168
val,556,5,0,0,136.89551063623054
train,641,14,4,0,93.5335824187001
train,77,17,3,0,105.84856805905574
train,3573,16,0,0,162.18618543268838
train,4398,12,8,0,130.76415521898468
train,1311,54,4,0,73.87832158491979
train,2833,21,12,0,81.29241047379516
test,1009,5,1,0,334.64777662532805
train,1731,10,1,0,184.2176501862077
train,2015,8,0,0,192.88355601380334
train,3651,7,0,0,339.7162883822906
train,4198,3,0,0,414.9365773995224
train,3577,13,0,0,253.12172926131726
train,1647,10,2,0,230.71698801787872
train,5136,2,0,0,745.9014018595966
train,5084,13,5,0,115.93665132359146
train,5353,19,0,0,71.98073798186356
train,2583,1,0,0,NaN
train,5209,1,0,0,NaN
test,848,19,6,0,163.49419145980283
train,5321,20,0,0,125.47910467895156
train,713,7,0,0,496.3331030992101
train,4376,7,0,0,268.98874094037876
train,4567,3,0,0,256.5351713595529
val,355,29,13,0,55.78537729663577
train,399,91,63,0,95.95950654470407
train,2960,13,1,0,124.59736292566426
train,4630,7,0,0,74.94176929271777
test,152,7,0,0,320.4442083858432
train,594,4,0,0,477.6037945283183
train,4894,12,0,0,77.81087580680419
val,108,3,0,0,94.52143621478946
train,939,52,8,0,48.23313786797482
train,3221,19,1,0,82.1111487686758
train,1344,4,0,0,346.6745079049663
train,3861,42,8,0,59.11386138799139
train,2393,1,0,0,NaN
train,3227,20,2,0,99.02305386935535
train,4490,7,0,0,88.7823073378153
train,4811,4,0,0,410.95192221131884
train,3145,10,0,0,206.19671648270702
train,5078,9,2,0,166.67378462164461
train,2854,5,1,0,355.51759040621283
train,5201,12,0,0,54.76917096945618
train,3408,12,0,0,170.03644315331465
train,3481,5,0,0,261.12212781065597
train,4195,12,0,0,279.3159913401446
train,2929,10,0,0,162.84512851889434
val,597,19,1,0,167.4511281542406
train,393,8,0,0,231.24473104337108
train,4258,19,2,0,167.2867824553856
train,4575,2,0,0,367.92022457121533
train,3819,10,0,0,179.36323168383737
train,3021,8,0,0,34.99806865690387
train,5304,6,0,0,147.78689738988373
train,3,2,0,0,1132.400990992406
train,4670,4,1,0,58.317460413103205
val,287,14,2,0,150.37015000938777
train,4300,4,0,0,353.95974363073987
test,722,8,0,0,364.95470971230066
train,326,6,0,0,150.26326530423478
val,62,5,0,0,492.20374748772343
train,2030,2,0,0,426.27541941848995
train,3447,2,0,0,529.0830892479021
train,2217,1,0,0,NaN
train,4386,3,0,0,176.57062926895622
train,3334,9,1,0,162.83868724885633
train,3800,46,0,0,106.05846228076325
val,477,7,1,0,101.6480742189385
train,477,6,3,0,217.86773339563882
train,964,37,24,0,102.59790844345596
train,1958,8,2,0,199.279066076157
train,2609,6,0,0,100.65804353437403
test,13,2,0,0,725.8200038578651
train,2661,1,0,0,NaN
train,5212,4,0,0,199.18261022246674
train,1989,8,1,0,35.362844232991
train,4694,16,3,0,64.3595095035738
train,2999,6,0,0,226.22596657332417
val,183,4,0,0,461.18702254189475
train,2331,2,0,0,545.2000727809314
val,1065,2,0,0,795.6281282411353
train,3079,12,2,0,92.58166082118875
train,5216,6,1,0,165.00043864252692
train,5089,20,16,0,61.01861126843377
train,4738,12,0,0,53.81517614683254
train,3497,5,0,0,266.4228612721635
train,418,2,0,0,532.0319978348131
train,4671,4,0,0,246.72315378856507
train,2043,32,14,0,107.04825328774278
train,966,13,3,0,196.60877437291254
train,4420,6,1,0,171.7569294099121
val,887,23,3,0,137.27648923467567
val,61,3,0,0,438.3323238832868
train,651,3,0,0,203.05407008116396
train,4542,2,0,0,868.5453022154819
train,1285,9,1,0,277.7497131748762
train,4704,2,0,0,185.03282022416607
train,3841,4,0,0,215.7949341224092
test,1092,2,0,0,62.26242656112911
train,3917,14,1,0,145.3154078005306
train,4858,17,2,0,87.57475682222618
train,586,10,1,0,179.68904625567887
train,4554,1,0,0,NaN
val,1030,1,0,0,NaN
val,516,4,0,0,102.11593327658258
train,891,5,0,0,400.08870470471425
train,5245,5,0,0,430.02359993058946
val,659,9,2,0,204.51447452025462
test,790,3,0,0,480.54417511884304
train,5104,11,0,0,138.50924625229288
val,747,36,7,0,78.18543631417546
train,5285,5,0,0,271.1667874945579
test,861,12,2,0,111.75056323954144
train,2613,2,0,0,349.84282967225664
val,651,44,38,0,57.85355754662479
train,3258,7,0,0,213.56319694208528
train,1346,10,1,0,108.61074149586034
train,5355,5,0,0,188.0980637861601
train,4537,4,0,0,153.06403585978512
val,578,3,0,0,318.03467657490813
test,592,7,4,0,285.0137868391818
train,5282,10,7,0,198.1247630767702
train,741,46,1,0,77.01678443922358
train,3936,18,3,0,99.99452578380436
train,4951,1,0,0,NaN
train,1866,8,0,0,192.37905436336894
train,3675,6,0,0,219.92628103283863
train,817,4,0,0,294.4220690460463
test,565,2,0,0,666.5275752916551
test,628,7,3,0,349.7490069181842
train,3189,6,0,0,233.78155074058515
test,909,9,0,0,139.11898171137776
train,3112,19,0,0,115.3368347088892
train,5279,8,4,0,155.22442006754744
test,318,6,0,0,343.0332565822506
test,78,15,5,0,122.80331761255158
train,404,3,0,0,565.6641344275553
train,4552,3,0,0,438.6611393601716
val,382,1,0,0,NaN
test,131,1,0,0,NaN
train,2100,10,6,0,202.2525084495938
train,2646,2,0,0,271.2793350040802
train,3503,5,0,0,329.60695478130435
test,935,26,15,0,93.44815614208107
train,1728,4,0,0,118.85142050266478
train,2666,5,0,0,422.27095468206585
train,374,2,0,0,562.7260028968633
test,428,2,0,0,431.3508479752161
train,3411,6,0,0,190.6427847034014
train,1624,50,54,0,82.44633455685576
train,4853,15,2,0,160.7300555842106
val,1044,9,0,0,68.41198900978864
train,112,19,6,0,148.82932125124572
train,2042,14,7,0,149.26382644517517
test,2,6,1,0,198.36545586403773
val,956,2,0,0,634.8326768150325
train,3867,16,2,0,260.58914540951935
train,2968,31,9,0,78.42541669695572
train,1505,1,0,0,NaN
train,316,1,0,0,NaN
train,3045,5,0,0,213.57190006340298
val,1077,8,0,0,193.93159871701857
train,66,8,1,0,204.39474390941905
train,5288,7,0,0,70.76664525350343
train,254,7,0,0,629.0367556192572
train,3758,71,4,0,79.76487447636572
train,4800,2,0,0,347.86718649642125
train,884,32,1,0,115.31437290607658
train,1025,4,0,0,456.3809690853709
val,1157,5,0,0,315.5245560279596
test,510,1,0,0,NaN
train,127,11,1,0,234.39340837200768
train,780,5,0,0,359.06696262629805
train,5161,1,0,0,NaN
test,208,4,0,0,489.8820390399097
train,919,29,1,0,123.12289892633945
val,394,9,0,0,226.06724412052668
train,1259,5,0,0,35.032782597639915
train,5196,11,0,0,83.76498495362203
train,3896,7,1,0,104.65365033439276
val,81,3,0,0,560.5119969029859
train,346,3,0,0,627.2429511317214
train,521,4,0,0,318.91032074379336
val,1095,5,2,0,151.5795511282125
train,243,8,1,0,202.02571264740675
train,3070,19,2,0,62.13884749524143
test,497,10,8,0,164.81040986555186
train,4702,1,0,0,NaN
train,4058,63,10,0,62.60424969702946
train,4743,1,0,0,NaN
val,275,10,0,0,62.404657651189545
train,4976,1,0,0,NaN
val,612,4,1,0,553.2216351299618
train,2869,13,0,0,49.11728103251059
val,416,11,3,0,170.86947350585467
train,4165,19,5,0,73.83256419765624
train,4202,6,1,0,115.59891010044453
train,4937,8,1,0,41.67734809223147
train,4277,13,3,0,73.24668544802768
test,958,44,28,0,93.29805297067733
val,172,7,0,0,359.2004209352808
train,1134,15,0,0,201.007914949866
train,1429,49,1,0,102.0831704841862
val,1137,2,0,0,274.16927080941775
val,139,10,0,0,272.5155293325784
train,3764,16,0,0,224.04530467727852
train,3488,3,0,0,351.02679300604893
val,31,2,0,0,363.6987337896202
train,497,14,3,0,161.17045595685815
train,1173,38,9,0,124.52306221423538
test,1110,23,8,0,107.79710860700153
val,3,5,0,0,301.2350078467034
train,3025,6,0,0,33.17367087835892
test,1118,10,0,0,155.49300337086325
train,1900,14,2,0,128.03778625422174
train,84,36,9,0,108.32750198377414
train,4969,2,0,0,160.99988904588545
train,2282,5,0,0,389.8480045352794
train,1226,15,2,0,192.59417154220057
train,1649,10,1,0,298.83955325779567
val,70,2,1,0,529.283248599521
test,689,3,0,0,536.4809494033101
train,1378,7,0,0,200.54034778125398
train,755,5,0,0,176.1608904628858
train,3116,13,0,0,266.3691728721914
test,1079,8,1,0,102.66071739517089
train,2443,1,0,0,NaN
train,3598,18,2,0,96.29357096005732
val,652,16,6,0,222.86931288237432
train,2302,3,1,0,398.5272559813514
train,5289,14,2,0,69.31496703517607
train,2275,3,0,0,420.4119923506301
val,954,6,1,0,249.43420635775698
train,722,4,0,0,530.9258659736539
train,1291,8,0,0,233.50912407507423
val,1061,2,0,0,555.1409322334031
train,2559,1,0,0,NaN
test,283,7,0,0,326.6380311969178
train,1063,11,0,0,235.94743112826995
test,132,5,0,0,427.0098996515596
train,4006,26,3,0,112.03860749394248
train,1678,3,0,0,148.395358421207
train,3095,3,0,0,336.9639418575421
train,4278,12,1,0,63.177370469868436
train,4321,14,2,0,244.41257378588566
val,797,6,0,0,390.1337960921512
train,4438,4,0,0,118.59647124559669
train,2317,6,2,0,230.80710335830048
train,210,1,0,0,NaN
train,2122,6,1,0,134.65623496913344
train,2667,7,1,0,168.89214783420576
train,4383,5,0,0,228.32522226013333
train,2178,7,1,0,104.52867679254821
train,1652,7,0,0,502.5902704671539
train,5082,9,3,0,166.03056586484865
test,983,6,0,0,73.01543344896886
train,2422,1,0,0,NaN
train,4662,9,0,0,126.25882198284448
train,1756,4,0,0,339.5199752031086
train,3407,16,0,0,107.19727854832854
train,1702,23,8,0,48.56477736631762
train,762,5,0,0,410.4801429748787
train,2689,3,0,0,87.86393772289665
train,2267,1,0,0,NaN
train,2683,111,9,0,52.63136829330959
train,4582,6,0,0,376.90134269913483
val,800,24,0,0,107.37735313793674
test,675,4,0,0,185.8859017106837
train,2294,5,4,0,310.42927075929794
val,555,5,0,0,322.24262975692153
test,372,2,0,0,1095.5415276110407
train,2728,3,0,0,664.9148222627333
train,1227,21,0,0,146.47971004907976
train,1726,5,0,0,228.09029440151104
test,987,2,0,0,615.9978257105314
test,1042,4,0,0,489.75803567572586
val,528,2,0,0,588.0316209058979
train,804,3,1,0,172.65654670581677
train,2575,8,0,0,302.9591282140369
train,2842,22,1,0,191.81420569072537
train,4449,7,0,0,520.8854833079411
train,930,46,19,0,40.87144372429912
train,233,50,3,0,100.1344680865011
test,993,3,0,0,260.5615471874265
val,785,3,0,0,235.38831627956995
train,3194,6,0,0,222.3923823518861
val,421,14,10,0,179.95108099728412
train,1582,25,18,0,63.15775297332844
train,194,8,0,0,247.98138761228063
train,3113,13,0,0,250.459567227928
train,1208,1,0,0,NaN
test,794,1,0,0,NaN
train,3151,11,0,0,231.34415696118825
train,5030,3,0,0,43.809031958626775
test,949,8,3,0,211.69139138874414
train,911,3,0,0,416.8470854598331
train,707,9,0,0,225.60781075300545
train,98,7,3,0,521.5312921159644
test,11,2,0,0,413.1104641045502
train,4149,9,3,0,195.65633442378657
train,2729,2,0,0,620.6461558860565
train,5261,2,0,0,514.0459116460568
train,5360,1,0,0,NaN
train,2445,2,0,0,767.5066616628077
train,1232,19,4,0,138.29266358323997
test,148,4,0,0,293.05035945388323
train,3023,3,0,0,166.14494139824518
train,3363,6,0,0,268.6954184685604
train,2520,1,0,0,NaN
train,4129,15,2,0,93.3874740222148
train,905,5,0,0,341.10794256412856
train,4505,10,1,0,216.2927168460963
train,4242,74,10,0,68.96366858348345
train,2828,7,2,0,334.52390228540617
train,1940,8,0,0,477.19148387504447
val,934,21,1,0,166.6465970383429
test,303,16,1,0,185.32739065896268
val,221,19,4,0,145.69206117038672
test,415,3,0,0,245.31714565444074
val,495,1,0,0,NaN
train,3083,6,1,0,233.39682818810394
train,1613,8,0,0,279.17631852071463
train,3410,8,0,0,246.87638934505296
train,4269,30,7,0,112.3738234870627
train,5384,1,0,0,NaN
test,998,14,2,0,67.90045349067718
train,5096,9,3,0,174.31122763674867
train,2605,5,1,0,517.0003268707148
val,851,12,0,0,78.20838932145314
train,4605,2,0,0,219.2048189275263
train,1513,41,11,0,64.23602914272959
train,2458,2,0,0,489.66442590819275
val,535,1,0,0,NaN
train,4862,9,2,0,136.48567954231692
test,454,5,0,0,186.14261749557355
train,4878,4,0,0,257.6500178996781
test,257,12,0,0,274.83430732182575
val,98,17,5,0,170.32706678878264
train,4481,10,0,0,41.71897139218268
train,980,15,0,0,220.00160959523126
train,3664,9,0,0,238.7315473754581
train,2397,6,2,0,256.8653092069402
train,2988,24,7,0,163.62231465879682
train,3015,14,1,0,87.3283788019985
train,1944,13,2,0,295.46140342201454
train,4290,17,4,0,105.18652864424344
train,5001,5,0,0,125.96936383115789
train,2355,2,0,0,790.6623887451881
test,38,4,0,0,555.6562179751209
train,281,13,0,0,199.6629271149031
train,3133,5,0,0,358.8587151292968
val,794,27,3,0,77.49983999999995
train,1498,12,0,0,242.7511488163305
val,125,1,0,0,NaN
train,205,13,5,0,154.06678043013866
val,770,22,0,0,121.95139977001713
val,325,3,0,0,664.9755708957581
train,1994,8,0,0,123.78496001228729
test,900,13,5,0,95.54794038958781
train,4787,11,2,0,36.41777346499173
test,40,1,0,0,NaN
train,3259,10,0,0,224.3421471594645
train,4185,10,5,0,103.87251918323928
train,870,69,8,0,71.17027233396773
train,4308,9,0,0,163.69920293221062
train,4684,6,0,0,47.372177378640714
val,193,32,3,0,115.98810277132972
val,1167,2,0,0,447.3935666949191
train,3499,8,1,0,207.4921872460551
train,3670,3,0,0,194.3821750710115
test,26,1,0,0,NaN
train,2407,2,0,0,633.5946885515551
train,3786,8,0,0,274.90305440484474
train,2787,14,3,0,156.0817639619849
train,4854,7,0,0,195.28923337564333
test,771,28,0,0,136.30609042936877
train,1586,23,12,0,88.16203554951817
val,276,6,0,0,296.25886910017067
train,4970,2,1,0,86.70100640866546
val,523,1,0,0,NaN
train,2900,6,0,0,414.78312017557937
train,4792,9,0,0,64.5023298823849
val,590,3,0,0,394.30020615850685
train,3348,2,0,0,1077.8347397707996
train,4842,1,0,0,NaN
train,3370,5,0,0,255.20279616069962
val,387,6,0,0,310.5221172169908
train,2587,3,1,0,82.52494178553255
train,723,8,2,0,182.30751957043847
train,4394,27,9,0,62.01879083417795
train,1874,3,0,0,288.2236484683917
train,1385,11,0,0,272.489550801633
train,2972,7,1,0,285.8542040979045
train,1158,119,14,0,48.70306307018908
train,2784,3,1,0,680.081170602755
train,4472,7,1,0,83.41037393551524
test,448,4,1,0,370.69303111063573
train,1097,2,0,0,368.7470399718956
val,666,19,6,0,164.4116986106211
train,1653,9,0,0,252.11457398783799
train,1139,9,0,0,345.9430121864819
train,856,6,1,0,151.87275601608545
train,4833,1,0,0,NaN
train,4115,9,1,0,118.06734349731079
test,889,1,0,0,NaN
train,3290,6,0,0,308.6820769197336
train,4635,7,0,0,89.86900155297155
train,2612,1,0,0,NaN
val,738,7,0,0,251.43231105077317
train,2450,1,0,0,NaN
train,4042,16,2,0,206.09294785421156
test,697,11,0,0,244.41806856291655
test,758,14,0,0,234.27048667787363
val,54,2,0,0,686.5024395126095
train,4536,4,0,0,319.01150054230885
train,342,3,0,0,482.60384991438394
test,403,17,4,0,134.0786312583121
train,4021,12,0,0,123.88288588010494
train,2367,1,0,0,NaN
train,4896,12,5,0,57.74624002598867
train,4416,12,1,0,134.20396357975966
val,312,39,15,0,60.29928556875613
train,4284,2,0,0,402.9717687383353
train,3601,12,0,0,135.06469928404755
train,4118,1,0,0,NaN
test,796,6,0,0,144.17016101828025
test,496,1,0,0,NaN
val,1066,2,0,0,774.3100860923859
test,423,3,0,0,328.64024690919024
train,4778,2,0,0,701.6224618527045
train,264,64,7,0,76.50097927802418
val,638,14,2,0,250.27310157854498
val,748,33,5,0,54.465799913854205
test,364,3,0,0,374.1564802059459
val,118,29,2,0,126.00128793033198
train,4026,25,3,0,105.35950934169608
val,1142,1,0,0,NaN
val,857,3,0,0,399.7591029617876
val,1165,2,0,0,626.9500912194092
train,1386,11,0,0,245.95348773350514
train,2895,7,1,0,412.53107214988745
train,4569,2,0,0,439.163517101015
train,4761,6,1,0,171.813974167307
train,4850,5,0,0,248.9586108574098
train,5397,11,10,0,200.98796266469145
test,187,8,0,0,168.53453575059456
val,804,13,0,0,242.4392154113181
train,1475,9,0,0,378.927947958503
train,2197,2,0,0,182.9432782477306
val,119,18,0,0,204.38926997389004
train,2242,3,1,0,375.9002483000032
train,4981,12,0,0,74.90169203684385
train,1805,4,1,0,283.735455138355
train,3835,2,0,0,215.89608111335045
train,5267,10,7,0,146.09651065340478
test,95,2,0,0,784.3795807136107
train,2653,4,1,0,351.04204966051947
train,4093,16,1,0,68.7191193283099
train,4794,5,0,0,145.57675507192346
train,3560,18,0,0,178.3049476831211
train,2186,2,0,0,562.8966141381018
train,2902,6,4,0,247.9744311659217
train,862,8,0,0,292.5755942194304
test,172,66,19,0,89.96869066337644
test,429,8,3,0,259.1764284632037
train,1871,2,0,0,913.8534313556169
test,1069,2,0,0,249.33141969684038
train,3797,27,1,0,116.24975871002604
train,5303,7,1,0,204.7004678063243
train,1079,15,2,0,243.08053259814668
train,1643,23,10,0,183.09721317442143
train,2950,16,0,0,253.35811943086344
train,4560,3,0,0,450.3415469010813
train,909,8,0,0,235.35757782661153
train,938,132,35,0,40.503565475578775
train,5205,5,0,0,163.99529700589352
train,1172,31,4,0,102.01100717081509
train,2260,3,0,0,375.5500604721573
train,186,7,0,0,172.40212137973964
train,3579,5,0,0,226.0102520157871
train,4665,3,0,0,60.1514120222914
train,5252,1,0,0,NaN
train,792,8,1,0,267.12504198283835
val,104,3,0,0,79.30980791948942
test,920,19,2,0,158.76514171661213
train,839,1,0,0,NaN
train,2701,3,0,0,194.05300273905067
train,4387,16,1,0,107.56990798558225
train,4080,2,0,0,734.2478563320642
test,1090,30,10,0,88.05073773766718
train,5133,2,1,0,39.90623530516784
val,570,1,0,0,NaN
train,1597,55,2,0,51.346953173870254
train,3201,5,0,0,276.37784012623143
train,4237,2,0,0,555.1925773279715
val,979,8,0,0,136.89040091196267
train,55,22,4,0,140.6192931179711
train,1849,13,1,0,226.2138744471933
train,597,2,0,0,339.2842916023954
train,4439,4,0,0,562.0362070901169
train,2263,1,0,0,NaN
train,1769,35,5,0,42.941666114296815
train,4259,14,0,0,188.51606374794045
train,621,3,0,0,470.2477474015659
train,2203,3,0,0,263.0446699731435
train,425,1,0,0,NaN
train,3198,5,0,0,336.333973592253
train,2459,1,0,0,NaN
train,1724,7,3,0,29.53796905932263
train,512,12,1,0,199.99405026199832
train,1314,6,0,0,294.3080425956664
train,3842,4,0,0,113.6175167234606
train,5291,13,8,0,91.18167991737135
train,1534,13,3,0,262.5184122160076
train,983,16,2,0,163.68875374772472
val,975,7,1,0,209.65817112806243
train,505,6,0,0,140.0100502723416
train,818,2,0,0,455.56828906334385
train,5226,2,0,0,191.41232336563755
train,4646,6,0,0,146.47004351752605
val,478,3,1,0,157.77295864643972
train,158,3,0,0,123.32882407614255
test,727,17,0,0,105.32145126364601
test,75,2,0,0,219.9226916906502
train,4271,2,0,0,361.7848367194623
train,2157,5,3,0,277.9823567932351
train,2439,2,1,0,805.2746403464421
train,3807,21,3,0,151.88496673781506
train,1404,4,0,0,345.4336373794969
test,632,47,6,0,96.13166995421095
train,766,11,1,0,212.87356649458366
val,15,19,0,0,248.21215657583465
train,1359,14,0,0,209.6589737889194
test,46,3,0,0,195.00576766864324
train,4182,9,1,0,185.08198983178002
test,117,6,0,0,375.9355543073981
train,1406,6,0,0,300.6774487640028
train,2702,8,0,0,311.1213671516193
test,555,2,0,0,588.8273930046427
val,732,7,0,0,225.3410510316556
train,1081,4,1,0,207.22999919229684
train,2060,5,1,0,384.0045426403788
train,794,8,1,0,210.30091583258894
train,5040,2,0,0,1040.525003578539
val,106,2,0,0,478.1160884138064
train,3803,28,2,0,162.00420747788834
val,856,2,0,0,200.3300386865959
train,3001,35,2,0,98.25750251279129
train,481,54,17,0,95.48355385582366
train,4276,19,2,0,70.36587161902825
train,5375,1,0,0,NaN
train,501,6,2,0,149.45865130293137
train,1798,2,0,0,1068.5108342586345
train,2226,2,0,0,716.2780001100576
train,3307,12,0,0,195.37919742925135
train,5186,9,1,0,55.91434163648019
train,4108,9,0,0,126.49194630873437
test,731,40,1,0,93.59054953521746
train,4488,3,0,0,602.0065253468184
test,641,23,1,0,77.68117517551612
train,846,33,1,0,122.8257624488935
test,1013,10,1,0,38.63828219667046
train,1530,1,0,0,NaN
train,3910,12,5,0,117.82431749111383
train,1793,1,0,0,NaN
test,1097,3,0,0,655.9696253212305
train,3498,6,0,0,98.35149796528971
test,614,3,0,0,467.63509914535945
train,2037,13,7,0,131.04775625200116
train,143,3,1,0,142.8512800925347
test,164,5,1,0,638.6782553997842
train,2550,3,0,0,499.80138543405025
train,3073,15,1,0,99.03676109420029
train,3794,13,1,0,216.5912013393953
train,4977,7,0,0,103.49041888131674
test,1121,9,0,0,230.93190986245915
test,1004,6,0,0,148.25279039346546
train,14,1,0,0,NaN
train,3331,11,0,0,249.80204233290124
train,4580,2,0,0,342.5275220476501
train,686,2,0,0,1067.5370321186385
val,184,4,0,0,365.6782390836316
train,1275,7,0,0,178.17413859593506
train,4314,8,0,0,437.2051323212362
train,4813,2,0,0,567.4530531559967
train,1719,5,0,0,255.22046551499076
test,351,22,5,0,72.85294448702246
train,3490,6,0,0,350.88708337641856
train,585,10,0,0,261.9645690553776
train,1122,29,0,0,105.64570677509434
val,366,8,3,0,84.18600121263069
test,198,5,0,0,302.45099712851794
val,1035,6,0,0,183.76201261588585
train,848,35,6,0,93.4769563909014
train,2539,1,0,0,NaN
train,2183,2,0,0,417.87628806626725
train,5234,8,1,0,155.21678081809932
test,865,7,2,0,298.0211135350046
train,3854,2,0,0,618.7694462143974
val,201,8,1,0,182.76699769026482
train,3787,8,0,0,181.49520668080612
train,4464,9,0,0,280.4464422597797
val,461,2,0,0,930.5135930227108
train,3731,4,0,0,186.9777125193553
train,605,1,0,0,NaN
train,1621,10,0,0,323.3006177294781
train,253,8,0,0,322.81853154389586
test,788,16,1,0,175.0599872234235
train,3385,4,0,0,235.8679098548371
test,1005,11,1,0,56.60857716498531
train,1032,3,0,0,377.417447716646
train,1642,8,0,0,249.82137557421345
train,3419,4,0,0,328.29710938123367
train,3115,16,0,0,257.76951068760627
train,944,5,0,0,352.6620192556254
train,3454,6,1,0,115.33334685306937
val,351,4,0,0,756.108144306228
val,159,12,0,0,109.54596427701257
train,125,4,0,0,464.41493430170067
train,1413,14,0,0,168.01022849956223
train,1544,19,4,0,220.62457651432155
val,1113,4,0,0,335.3022008792411
val,870,19,4,0,141.81108938447173
train,616,3,0,0,415.6931424797504
train,4898,20,10,0,56.057901340174716
val,354,17,3,0,66.00201293931869
train,3393,22,3,0,65.9316905985613
train,5184,5,0,0,267.14826717789043
train,5063,1,0,0,NaN
train,1005,5,2,0,349.68889538022165
train,747,2,0,0,368.68046451118806
train,1917,1,0,0,NaN
val,997,18,3,0,66.84476165349085
val,467,7,5,0,259.73100004504323
train,998,4,0,0,255.73537527056294
train,3964,24,2,0,59.47946178463337
train,1685,14,0,0,133.18029614559154
test,750,5,0,0,191.30627067724464
test,826,13,0,0,82.30816592107537
train,3242,2,0,0,974.2132304666322
train,1047,3,3,0,26.195844256216198
val,740,10,0,0,277.6319150653526
train,2130,3,0,0,237.32435762193822
train,2872,8,6,0,309.4196081647668
train,4673,11,0,0,123.96825400407636
train,724,2,0,0,298.6064625979407
train,1976,26,24,0,151.812176080921
train,4007,24,3,0,152.88011292615326
test,15,2,0,0,780.5737623057967
train,2472,2,0,0,711.8246760322078
val,360,11,1,0,80.31988755087588
val,875,14,1,0,66.0694212695537
train,728,13,0,0,136.9524343705376
train,4751,1,0,0,NaN
train,3528,11,0,0,264.9270577352317
train,2187,7,2,0,362.53085714843525
train,4606,4,0,0,285.24789000339604
train,2997,26,13,0,72.42429702915958
train,3623,8,0,0,169.66510934235288
val,135,2,0,0,632.7103771174544
train,2446,2,0,0,685.9774531571908
train,1599,52,13,0,53.02681063140439
train,4231,6,0,0,270.14787204073866
train,1759,4,0,0,344.46421680990926
train,459,15,0,0,203.0890596368203
train,3496,5,0,0,251.3579171164808
test,406,28,13,0,62.389907118993676
train,3860,11,1,0,31.536086761670695
train,4083,7,0,0,418.0120342004895
val,603,17,6,0,168.26919456830348
train,3742,18,8,0,125.45283057396522
train,3884,6,0,0,268.29414686317693
train,386,2,1,0,544.5176713395296
val,912,19,2,0,53.781675398262685
train,2006,7,0,0,238.43586505549868
test,309,6,0,0,264.9509908863036
train,1132,2,1,0,76.4282771773843
train,400,78,41,0,71.31557570718921
train,2022,7,5,0,56.02000257264904
val,737,8,0,0,297.4848658291738
train,3381,4,0,0,391.9628469714209
val,867,4,0,0,258.57126583320496
test,937,5,1,0,346.8276080140426
val,76,52,18,0,127.01862559629109
train,1170,14,0,0,207.47652613595298
test,963,39,8,0,54.63783232276737
val,546,1,0,0,NaN
train,4468,1,0,0,NaN
train,1915,8,0,0,361.16005121135254
val,178,1,0,0,NaN
val,962,6,0,0,253.25035884745455
train,1909,21,3,0,108.42130454899753
test,546,6,2,0,308.7313819042526
train,5250,1,0,0,NaN
val,1076,7,2,0,61.45926195464126
train,5359,2,0,0,612.1962423015384
val,921,4,0,0,213.6054628513358
test,943,12,0,0,140.30761308050953
val,707,4,0,0,511.42938486702235
train,5306,5,0,0,388.0697351575557
train,1819,2,0,0,472.73600783527667
test,347,31,16,0,50.89416045204769
test,995,2,0,0,473.2935500941005
train,67,28,1,0,189.3175860825612
train,3412,3,0,0,280.07915815362264
train,3200,5,2,0,71.04327414079468
train,4780,1,0,0,NaN
test,655,11,2,0,225.63779094885808
test,649,19,2,0,68.78393986990433
train,5309,7,0,0,287.0621666770187
test,1115,24,2,0,77.66535145369515
train,2532,7,0,0,169.34322189015793
train,3232,8,0,0,285.3942389802011
val,5,2,0,0,517.9391701586744
val,888,17,1,0,170.95761514848783
val,688,13,1,0,68.98780054773222
train,3782,21,0,0,177.62931609532404
train,3915,14,2,0,118.32998228784172
train,3547,5,0,0,280.98455835168454
train,3335,9,0,0,222.16254931930152
train,2733,4,0,0,466.50987501225984
train,4954,2,0,0,109.00227484507766
train,4901,21,10,0,62.476222550545984
train,2214,1,0,0,NaN
train,2543,2,0,0,791.2578597146799
train,801,4,2,0,279.1057322504359
val,1109,3,0,0,228.83721204542536
train,4233,2,0,0,623.321987239364
train,733,5,0,0,463.42083922086726
train,3872,5,0,0,231.79974754114656
train,454,2,0,0,918.2402687662985
val,425,4,0,0,50.42814503624422
val,1124,6,0,0,243.93152153858279
train,232,7,0,0,381.5176533378216
test,839,18,1,0,92.36435700026985
train,4155,1,0,0,NaN
train,3991,18,0,0,131.74087411932004
train,3820,21,1,0,66.00206821117487
train,4082,9,1,0,173.48743502658462
train,1190,8,0,0,274.61423384524977
test,734,3,0,0,438.75408284870775
train,5239,2,0,0,393.80120262045904
train,2300,1,0,0,NaN
train,161,5,0,0,340.18084341147016
train,2677,15,4,0,67.09168020039168
train,2793,7,0,0,445.32408506232616
train,1111,7,0,0,92.76961425042717
train,474,5,1,0,196.60186058289585
val,579,9,0,0,105.86451983670456
train,3053,1,0,0,NaN
train,2753,4,3,0,93.39057162832819
train,3044,1,0,0,NaN
train,1004,8,4,0,151.8562824330705
val,195,28,2,0,133.93388793110526
train,1870,3,0,0,495.79216849039017
train,4287,7,0,0,114.36937737128736
train,303,2,0,0,576.735658991338
train,1042,5,0,0,75.48030259652155
val,157,23,0,0,90.56142569821077
val,244,4,0,0,333.72227010533663
train,21,5,0,0,507.00082682390956
test,764,24,0,0,174.99196677983525
train,4254,53,2,0,84.22028212584424
test,90,8,4,0,358.60813153832186
train,4203,8,0,0,345.6663880913309
train,249,8,0,0,436.19279756669323
train,3182,4,0,0,237.10553047956685
train,2406,4,2,0,290.476762210154
train,438,3,0,0,296.82598875538224
val,631,4,0,0,214.8511915871755
train,100,6,0,0,289.59656945490764
train,2198,6,1,0,387.52727432988155
train,1991,6,0,0,181.17433063376254
test,833,3,0,0,384.82737222842076
train,199,4,0,0,303.8086948497422
train,475,3,0,0,185.00038810799433
train,765,14,1,0,141.05479729532996
train,3507,6,0,0,266.71332226744266
train,3909,13,0,0,138.98271679687232
train,2273,2,0,0,384.4189784284902
train,2377,4,1,0,364.06303610776854
train,2500,1,0,0,NaN
train,4361,8,0,0,182.55531028164205
train,528,5,1,0,352.04992016479986
train,31,1,0,0,NaN
train,3146,10,0,0,238.29948490892784
train,3516,20,0,0,181.85497860598494
train,1088,2,0,0,1809.9308855668078
train,4313,3,0,0,554.1698960864575
val,95,3,0,0,527.7127671302643
val,379,23,3,0,48.80768317511741
train,4338,6,0,0,251.31070019491764
train,4852,15,4,0,57.0022347641163
test,418,2,0,0,757.013694851093
train,639,14,6,0,98.37252696649284
train,601,3,0,0,438.85204531826633
train,2740,5,1,0,340.7800834322754
train,1455,12,1,0,213.41865551653856
train,1215,4,0,0,425.51208885072185
val,792,17,3,0,165.5938247644761
val,551,1,0,0,NaN
train,2932,11,4,0,188.76235900201107
train,1545,16,1,0,220.12221920883368
train,4744,2,0,0,349.4403321885367
train,2693,5,1,0,83.53778642411491
train,1554,2,0,0,726.3648044339945
train,2137,5,0,0,159.49092688967602
train,4063,20,1,0,96.17677291624342
train,4808,1,0,0,NaN
train,544,4,0,0,264.0936944987061
train,5231,9,1,0,182.7327249082615
val,1110,9,0,0,111.66585433351963
train,2998,4,0,0,479.8275238820595
train,1941,5,0,0,526.4506260615899
train,2657,2,0,0,807.4209103064537
test,1082,7,2,0,253.23233863122815
train,1952,7,1,0,134.1311657156898
train,676,21,6,0,125.12540014094301
train,904,2,0,0,278.47110479946474
train,3461,6,0,0,514.9071542874632
train,546,12,0,0,187.8062753007128
train,1648,9,1,0,276.4072925233395
train,1712,22,5,0,42.71356330784929
train,2914,10,3,0,186.36771082666735
test,561,1,0,0,NaN
train,1376,7,0,0,247.9570027245208
train,3953,6,0,0,111.39987590703771
train,4681,6,0,0,164.7375512749368
train,2877,27,22,0,111.9670856014517
train,5187,2,0,0,419.6403622913364
train,1034,6,0,0,84.13336384713553
train,1600,12,1,0,253.17397860695962
train,2223,2,0,0,352.7589127101271
train,526,3,0,0,511.1781198917281
test,715,8,0,0,207.53604074580988
val,897,32,4,0,113.07278002363715
train,4166,21,11,0,68.88415922488115
val,1144,3,0,0,413.7481501591615
train,5392,23,10,0,55.509514144533576
train,202,2,0,0,660.0196048970513
train,4578,1,0,0,NaN
test,216,1,0,0,NaN
train,1027,4,0,0,75.39406661980732
train,4260,12,0,0,168.79152473690476
train,5264,9,3,0,93.69436269402769
test,853,20,0,0,182.03090396962818
val,667,5,1,0,406.97798645222264
train,2639,1,0,0,NaN
train,1039,7,0,0,166.88354147774007
train,3207,6,1,0,245.48346443862036
train,1045,3,0,0,52.63062044208477
train,1106,4,1,0,182.37804015839217
train,3002,8,1,0,121.69582688548954
train,5095,22,6,0,73.35192936467129
train,1153,3,0,0,329.3814602209046
val,89,2,0,0,702.0496123780335
train,4183,6,0,0,267.89295056071916
val,175,3,0,0,198.99268477069674
train,3757,37,2,0,107.19802782081292
train,3880,7,0,0,443.27099083209896
train,3205,5,0,0,253.40590136780497
val,415,2,0,0,1047.3063037870627
train,2340,1,0,0,NaN
train,2598,7,1,0,250.66085757637276
test,714,3,0,0,585.3469969173226
train,2681,2,0,0,758.4262219525087
train,4109,4,1,0,176.37485623178935
test,324,16,2,0,81.13428786007955
val,229,3,0,0,162.4502485324884
test,507,3,0,0,346.3017957793595
train,482,33,8,0,142.05707112480206
train,4113,33,4,0,50.502550284698465
train,3809,3,0,0,482.7361254686375
train,2805,13,1,0,185.18729334399754
train,1782,8,0,0,241.18562137218748
train,1043,4,0,0,94.61965745058967
train,1075,3,1,0,187.75293514676764
train,4403,18,0,0,127.65693018423434
train,5242,4,0,0,429.69935775431304
val,569,6,1,0,92.50552632370655
test,1065,5,0,0,369.7141574784858
train,3925,15,2,0,104.43422696487032
val,1098,3,0,0,222.32495449745616
train,3364,8,0,0,259.35859378457326
train,378,3,0,0,485.9306676475757
train,838,1,0,0,NaN
train,2759,5,2,0,485.52915184992077
train,1048,12,6,0,99.45597212102814
train,3405,18,3,0,95.30098702547473
test,1016,5,0,0,107.22386272158819
test,772,17,0,0,163.57620751268018
val,226,11,0,0,241.29888984449414
train,3641,11,0,0,171.70101898521787
test,399,21,7,0,154.35005782993215
val,51,8,1,0,266.0472124119188
train,1362,10,0,0,226.11106890927826
train,735,35,1,0,105.93601827588908
train,5140,1,0,0,NaN
train,4900,23,10,0,59.34811134668746
val,448,5,1,0,387.9489407229122
train,424,2,0,0,349.4647711013553
val,25,6,1,0,500.70092646987797
test,789,16,1,0,86.17659181495117
test,122,2,0,0,650.2712683430352
train,1180,12,0,0,173.02759151958026
train,581,3,0,0,507.72407985692803
train,5331,3,0,0,558.3244541880445
train,1415,13,0,0,268.60940844524555
train,4597,4,0,0,142.4494195833817
train,1308,98,6,0,70.62106074020613
test,886,2,0,0,357.9954694687182
test,913,19,8,0,66.20138609478205
train,3978,25,10,0,84.57321543308029
train,4957,4,0,0,304.052366643045
test,505,1,0,0,NaN
train,1828,3,0,0,991.9718802714438
train,4544,1,0,0,NaN
train,3314,19,0,0,151.89192384094508
train,1947,13,7,0,154.61666430319465
train,504,4,0,0,315.15393998990066
train,1674,30,7,0,49.34465548532807
train,3301,11,0,0,277.29274762981305
train,3614,21,0,0,139.98664947796107
train,286,4,1,0,285.9713388074014
train,803,2,0,0,608.402141850567
train,3353,5,0,0,479.9133597642377
train,4033,43,2,0,99.96228785444373
train,688,1,0,0,NaN
test,219,3,0,0,225.983061701719
val,331,7,0,0,324.6249415680035
val,865,4,0,0,448.55690595545775
train,1305,54,1,0,71.89008710742634
val,1096,6,0,0,92.98488333117163
train,2884,13,1,0,312.7390635027869
train,3951,4,0,0,453.5402111928521
val,335,34,7,0,61.91703631767011
train,1011,3,0,0,666.4238846621945
train,949,5,0,0,331.9402052202535
train,1175,10,0,0,163.05903838794094
test,798,33,1,0,114.33001740720931
val,343,14,2,0,266.1364132929006
test,432,2,0,0,607.5044727408415
train,445,2,0,0,606.1225694134922
test,888,2,0,0,265.5864873972627
train,4989,5,0,0,161.0593077350903
train,4935,2,1,0,169.5230527338412
train,4839,4,0,0,328.0662855577863
val,915,7,4,0,265.10469766133974
val,496,4,0,0,201.72535377357138
train,179,21,1,0,161.1312668890135
train,1859,7,2,0,161.0739193301154
train,4758,1,0,0,NaN
train,2191,8,4,0,242.04380354069482
train,2143,3,0,0,649.2034280010294
train,940,131,51,0,49.3072961876571
train,1432,6,0,0,364.2899259659291
test,1107,8,5,0,144.90111497270416
train,3843,1,0,0,NaN
train,4463,3,0,0,523.1659251137286
test,850,22,2,0,113.0083813126775
train,83,27,19,0,172.26830584949738
train,3180,3,0,0,222.70219497947673
val,889,31,3,0,124.45878945283671
train,3127,16,0,0,152.80913614834546
test,286,9,0,0,302.5390604071648
train,93,90,2,0,54.73765207665038
train,3711,4,0,0,186.04385221262936
train,957,15,0,0,273.42396313434415
train,37,1,0,0,NaN
test,371,4,0,0,532.7481510181425
train,148,3,0,0,664.98874364058
val,377,5,0,0,327.2707817084148
train,5060,4,1,0,245.87242354817695
train,2804,21,10,0,159.697690153084
train,2007,6,0,0,229.01901196283941
val,278,40,1,0,81.89470586663172
train,1151,5,0,0,317.2332785571829
test,780,10,1,0,153.5931343136944
train,91,56,2,0,98.32893027100232
train,1969,7,1,0,284.7335859361366
val,43,31,0,0,116.9283756841256
train,272,6,0,0,118.45086654103787
train,1061,6,0,0,150.35954094104247
train,4907,3,1,0,78.94628574097666
train,2254,2,0,0,463.71418096943023
train,4187,11,6,0,102.70346782854617
val,729,6,0,0,188.2352235694332
train,3502,12,1,0,123.35642018411538
train,3533,8,0,0,252.16217364755556
train,3719,3,0,0,173.68382506531776
train,4593,2,0,0,182.49695370659026
train,2838,7,3,0,229.2276456277246
train,5052,1,0,0,NaN
test,577,6,3,0,460.97212526891144
train,570,8,0,0,299.4157880675036
train,1102,4,0,0,472.09916095934716
val,475,6,0,0,245.45801850876717
train,493,11,1,0,177.15785029485613
train,5117,16,5,0,91.96615472296627
val,646,3,0,0,414.8884420294682
train,4663,3,0,0,99.05859518686535
train,1550,11,0,0,271.51996682626753
train,4317,14,1,0,179.1492731820361
train,1569,3,0,0,436.08316757254283
train,4700,1,0,0,NaN
test,887,1,0,0,NaN
test,830,18,2,0,92.02903326078335
val,881,12,0,0,253.6945714601815
train,5390,8,6,0,261.49383268297083
test,147,6,0,0,308.3254744985175
test,519,3,0,0,182.89394168215304
train,1818,4,0,0,455.96954806599376
train,486,41,5,0,105.90223076038879
test,989,4,0,0,298.3178141482694
train,3013,14,1,0,144.88783938159065
train,3428,8,1,0,263.8409288581974
train,2192,6,0,0,297.12226760802497
train,3288,7,0,0,286.34191763359206
train,4196,8,0,0,218.15050741265696
train,2432,2,1,0,57.11874200505146
val,926,2,0,0,850.0844795666502
train,1710,17,3,0,67.17815740940368
train,2824,7,1,0,417.5797975962343
train,1439,8,1,0,195.27657986495592
val,72,6,4,0,389.6061893177156
val,357,24,5,0,51.52066045901715
train,2387,2,0,0,622.0974184290909
train,4634,8,0,0,117.61871878736652
train,3253,11,0,0,148.0485530636194
test,471,1,0,0,NaN
train,3032,23,2,0,40.719064041285804
train,5225,1,0,0,NaN
train,4956,4,0,0,308.7689334507195
train,5327,2,0,0,778.0213583911353
train,3836,4,0,0,191.09348905478367
val,524,25,13,0,107.54077031538118
test,875,17,3,0,169.53139650292042
train,775,3,0,0,283.09998607061743
train,4844,1,0,0,NaN
train,1438,9,1,0,83.51277459566059
train,1698,5,1,0,110.48194061137049
test,578,5,4,0,442.62085474603026
train,3759,33,1,0,112.80437466964814
train,4510,5,1,0,347.31162479846466
train,3612,36,0,0,102.56942600706414
test,298,14,2,0,61.85666825849878
train,3640,13,0,0,175.7620989862002
train,3111,19,0,0,203.3422229845614
train,924,22,3,0,60.09411800884111
train,711,4,0,0,411.6565611121385
train,64,9,0,0,221.41575344161672
train,375,5,0,0,181.5032340875687
test,1035,9,1,0,75.2015760477296
test,465,1,0,0,NaN
train,4726,1,0,0,NaN
test,793,1,0,0,NaN
train,1745,7,1,0,181.75016183803695
train,4985,9,0,0,141.40524228193593
test,884,3,0,0,311.4432121611505
train,5157,4,1,0,431.92925057992977
test,435,1,0,0,NaN
train,3900,4,0,0,200.25977270949875
test,1006,5,0,0,259.06889190540545
test,397,3,0,0,742.6335722226854
train,4573,2,0,0,134.13448057978826
train,854,16,1,0,113.26281089200572
train,338,6,1,0,392.2647186387547
train,5238,1,0,0,NaN
train,4561,4,0,0,500.4412640266983
train,4697,13,2,0,82.9732974892009
test,903,8,2,0,213.8374039232194
train,3068,27,4,0,57.01974268728248
train,411,3,0,0,561.8297753309365
test,662,9,0,0,223.18707883763295
test,978,1,0,0,NaN
val,373,3,0,0,578.0040993076736
train,634,3,0,0,356.0791371367828
train,4791,11,0,0,103.57707669699252
train,1112,3,0,0,564.6258256793956
train,4107,10,0,0,159.4698582185864
val,426,6,0,0,178.42741920896543
train,1147,5,0,0,371.36403966138676
val,1072,1,0,0,NaN
train,4921,4,0,0,251.12726909062275
train,1524,2,1,0,95.90118148199468
train,556,1,0,0,NaN
train,1239,10,2,0,193.369397279414
test,984,4,0,0,191.0246449529372
val,69,3,2,0,448.45106230245983
train,2958,27,2,0,91.81768735938972
val,931,12,0,0,183.01071275949693
train,3761,24,0,0,156.7709707317822
train,4644,12,0,0,72.08408701565625
train,4817,1,0,0,NaN
val,10,24,9,0,135.41998316435607
train,4003,26,1,0,171.6430032891111
train,4263,25,1,0,148.37256307043808
test,695,5,0,0,269.17693604073975
train,3399,39,5,0,60.25167045022041
train,3615,36,0,0,124.83999289075716
train,1454,24,5,0,112.31761229845479
train,1912,16,4,0,111.52728981615921
train,1278,5,0,0,450.5847870670286
train,4206,17,4,0,47.8882677923579
train,4101,5,0,0,264.68816173126584
val,771,20,0,0,215.39971152360727
test,217,11,0,0,330.3577418738801
train,4589,2,0,0,556.674352935456
train,3462,13,0,0,187.8434750962883
train,3472,32,0,0,148.29076179056466
val,222,10,0,0,204.01765966623213
train,2359,3,0,0,337.00929777289264
train,4409,12,0,0,198.56886768626805
test,902,5,0,0,89.3141874600826
train,4880,8,3,0,106.6885206954012
train,3365,5,0,0,193.43332838033865
val,1105,3,0,0,207.8223810871735
train,1330,7,0,0,291.0207932916323
train,4055,38,7,0,85.59161285905114
train,1645,11,3,0,218.92774636429593
test,806,11,0,0,235.62884655408945
train,1339,17,0,0,170.8015672071237
train,4363,3,0,0,170.66483344917458
train,4154,16,1,0,83.53120870916695
train,105,12,3,0,108.43414499719883
train,4400,19,9,0,166.11094779175582
test,1051,7,1,0,42.101410525474115
train,1211,5,0,0,432.6708465335246
train,681,1,0,0,NaN
train,2021,2,0,0,503.2951998977363
train,982,8,0,0,374.9407261208454
train,5113,13,0,0,88.75329718006412
train,5195,16,0,0,113.17969715041588
val,795,4,0,0,357.05468419582485
test,250,7,0,0,294.8219083313036
test,524,1,0,0,NaN
train,4412,3,0,0,470.06334665924817
train,1568,3,0,0,497.7180658974171
train,4966,5,0,0,218.43284819058076
train,3740,8,0,0,167.66764159563388
train,3724,5,0,0,331.29519209331954
train,4825,3,0,0,71.43747845633025
test,691,9,0,0,330.3130537902486
train,132,1,0,0,NaN
train,4616,2,0,0,611.3019143828055
train,3893,2,0,0,142.704101693158
train,4879,14,5,0,85.03750618013991
train,2151,3,0,0,495.01764364517913
train,3799,43,0,0,97.93479112162773
val,1155,20,1,0,45.619793083024696
test,76,1,0,0,NaN
train,4019,17,0,0,224.62704788166022
val,596,7,0,0,224.55551028650976
train,2917,14,0,0,149.62723559769472
train,3723,2,0,0,742.0881614372322
val,225,19,0,0,160.5371611100396
train,4693,13,1,0,87.44875207917373
train,1205,14,3,0,88.92014686544948
test,955,2,0,0,755.0520897845894
train,1993,5,0,0,164.43812618766847
test,584,2,0,0,809.586390903775
val,530,1,0,0,NaN
train,96,67,5,0,82.87981042541406
train,1808,24,9,0,135.07197253050953
val,19,4,1,0,164.7638915513922
train,2908,5,0,0,367.7519502493059
val,831,3,0,0,320.1088985962622
train,1374,10,0,0,295.9640558473033
train,472,13,4,0,140.05177042812142
train,3604,13,0,0,336.88429904738695
train,5048,2,0,0,564.6250339048293
train,5317,18,1,0,60.214885802474065
train,4092,10,0,0,137.10031389636583
train,2366,1,0,0,NaN
train,85,14,0,0,168.00312357802918
train,1447,5,0,0,314.033035205223
train,3558,4,0,0,316.0278046284425
train,3766,51,2,0,76.94186730325447
train,1627,28,8,0,121.41769208431438
train,3695,13,1,0,249.2651380372763
val,346,10,0,0,216.90710149850617
train,4244,70,8,0,97.80882823271125
val,886,1,0,0,NaN
train,3726,1,0,0,NaN
test,35,5,1,0,305.79381691884515
train,2987,11,1,0,214.90151738912755
train,725,23,0,0,98.0618770387583
test,832,8,0,0,195.8179195643857
val,75,23,3,0,128.87562127946438
train,840,1,0,0,NaN
train,1694,8,1,0,142.12237104776932
train,861,4,0,0,309.44801806807345
train,4633,12,3,0,93.25964654802097
train,1583,22,9,0,74.77177120030218
train,2054,17,3,0,90.35494098282187
test,1117,6,4,0,226.18080553166251
train,1073,1,0,0,NaN
train,3680,4,0,0,285.07485563371125
train,791,9,0,0,314.8643305056873
train,4056,54,12,0,74.94943316985018
train,843,3,0,0,432.6514643283381
train,2078,4,0,0,177.49065020645594
train,3256,10,0,0,211.44500798568737
train,4148,14,1,0,152.24179962651783
val,584,6,0,0,163.64396665979658
test,277,9,0,0,371.6291805552931
val,395,11,0,0,239.70850948613077
train,1636,16,1,0,152.81110930272678
train,5374,1,0,0,NaN
val,167,7,0,0,309.40505151720544
train,1708,11,2,0,145.10160611201974
train,2691,8,1,0,165.5530886415785
train,1451,5,1,0,431.08711880590664
val,1041,12,0,0,53.5616469897419
train,4769,2,0,0,37.205784282497895
train,1233,2,0,0,1566.0364169714974
val,130,2,0,0,391.11930924477053
train,4381,8,1,0,139.48755968069048
train,4585,3,0,0,287.0192900023535
val,595,5,0,0,310.7799771158232
train,1203,2,0,0,761.1216679827077
train,1016,2,0,0,78.05486870371568
train,3367,5,0,0,482.52150947320047
train,4081,1,0,0,NaN
train,928,19,4,0,114.35507894503985
train,1033,6,0,0,460.99601227123026
test,233,4,0,0,548.705231981003
test,745,12,1,0,105.30336853551125
train,2110,6,2,0,356.1105951176553
val,910,2,0,0,422.5888145995396
val,1074,8,0,0,293.32824303180905
train,2899,3,0,0,228.95419363707683
test,449,3,0,0,710.0257455615606
train,131,4,1,0,222.7828724906206
train,4617,2,0,0,842.0238199768328
test,133,1,0,0,NaN
train,977,1,0,0,NaN
train,1397,3,0,0,295.7684303671857
train,5290,15,11,0,118.96168122733988
train,4816,2,0,0,475.5671156842433
train,1718,6,2,0,132.6939521391365
val,1134,3,0,0,159.8128446918224
train,1606,13,0,0,256.2823787653917
train,2173,5,1,0,176.1385318447818
train,5008,2,0,0,573.3152480934193
train,16,2,0,0,678.4579238008408
train,5318,21,0,0,67.41559274415299
train,3037,4,0,0,378.0983042694471
train,63,16,3,0,226.26329023966278
test,924,55,2,0,93.52052899926882
train,636,13,3,0,139.0150472446607
train,1051,6,0,0,274.40529672954824
train,1466,19,1,0,180.55527136301464
train,5131,7,0,0,206.53722860765512
train,4786,3,0,0,399.0371173715982
train,1683,2,0,0,531.5714308354087
train,1604,21,1,0,189.07235817040737
train,122,23,9,0,108.47628275637501
test,1083,3,0,0,80.44800875677916
train,54,9,0,0,219.82699870888655
train,1068,3,0,0,66.82290805119764
train,2846,8,1,0,315.2559981026859
train,3280,5,0,0,259.5949414952082
val,783,3,0,0,581.0016172234174
train,1021,1,0,0,NaN
train,2581,1,0,0,NaN
test,961,6,1,0,336.1204821131867
train,2216,5,1,0,302.3249443893958
train,4204,3,0,0,553.01733499069
train,1037,5,1,0,298.70726753798476
train,1640,12,0,0,278.02903463032254
train,405,8,0,0,309.9378140790518
val,1024,5,0,0,388.70924255646435
train,529,3,0,0,428.67249863858257
val,708,8,0,0,243.50794387038434
train,3351,5,0,0,409.51933731198386
train,1577,24,11,0,61.82137110318979
train,764,12,1,0,218.59008231282445
train,1609,10,0,0,320.09083800739364
train,5399,5,4,0,264.60715787885056
train,4541,1,0,0,NaN
train,2266,10,7,0,187.4025157907416
train,383,2,0,0,605.9953844049073
train,4282,2,0,0,367.12037637847806
val,12,1,0,0,NaN
test,1018,2,0,0,809.8645276939458
train,1407,9,0,0,320.0936721659088
train,1749,1,0,0,NaN
train,1787,1,0,0,NaN
train,3733,3,0,0,195.6075520021045
val,1011,1,0,0,NaN
test,970,1,0,0,NaN
train,2068,4,3,0,387.8063978985159
val,318,12,0,0,213.1404281515926
val,953,3,0,0,561.0643902441145
train,5286,17,4,0,74.55582713800057
train,2376,2,0,0,512.3532168341445
train,886,19,1,0,157.786158886295
train,3630,9,0,0,155.49968
train,2464,4,2,0,56.98889670229839
train,5356,4,1,0,230.04537198934204
train,2589,6,2,0,37.833659300608446
train,3159,5,0,0,349.90304138184797
train,3469,35,0,0,152.76452467768817
train,1786,1,0,0,NaN
train,3339,11,0,0,192.81811035477807
test,674,9,0,0,310.3243254929417
test,617,19,8,0,120.23494400694963
train,4326,14,1,0,124.19883454107898
train,5028,1,0,0,NaN
train,1628,10,2,0,256.71258920542647
train,650,1,0,0,NaN
train,115,18,2,0,223.79737876913381
test,945,21,0,0,124.80838529665131
val,284,19,1,0,166.20830169533187
train,745,10,0,0,323.56471189658936
train,2948,10,1,0,229.05471975434344
train,1423,22,0,0,109.04847635170843
train,2175,4,1,0,280.9844521294809
train,3939,31,10,0,105.62097367995543
train,5386,5,2,0,197.1830246245243
train,2467,7,5,0,189.63544491746669
train,3829,4,0,0,459.623284801394
train,3448,3,0,0,205.92590104755325
train,2091,9,2,0,272.6832775220175
train,2152,2,0,0,680.0778151719805
train,4967,3,0,0,645.8996381111004
train,3164,5,0,0,294.88397867703026
train,79,2,0,0,534.9461165986874
train,5203,8,0,0,141.58870491854924
test,457,5,2,0,319.8679657361347
train,2892,2,0,0,905.5976262778354
test,127,3,0,0,370.7324940493651
train,433,6,1,0,338.45914594256874
train,2426,2,0,0,804.6825551286829
train,3735,1,0,0,NaN
train,5214,3,0,0,168.83750384402325
test,128,1,0,0,NaN
train,2670,1,0,0,NaN
train,4390,8,3,0,65.09460623893392
train,2563,1,0,0,NaN
train,3087,3,1,0,51.39315613325717
train,3866,35,7,0,71.51438266832142
train,3927,16,0,0,167.37514887088633
train,4126,8,1,0,72.18828435791832
train,1840,2,1,0,124.30999882733322
train,2483,1,0,0,NaN
test,48,9,0,0,223.26271423618078
train,2436,9,9,0,73.38377968084495
train,2953,14,4,0,172.60166336895736
train,1850,18,2,0,201.50856535246857
train,4845,2,0,0,975.342032282371
train,4718,4,0,0,523.3118154063733
test,776,7,0,0,158.06395966266194
train,5043,7,0,0,356.28978726888664
train,3850,2,0,0,1132.321161953622
val,334,3,0,0,471.7672148508022
train,4587,2,0,0,365.01738994244545
test,380,28,17,0,75.43570737333762
train,4448,8,0,0,260.4713791462327
train,2680,5,0,0,334.32711339658226
val,723,19,0,0,51.62375949654439
train,1345,8,0,0,219.79970008634356
train,2182,3,2,0,111.20427898448766
train,4425,4,0,0,211.26824864836385
train,1792,3,0,0,274.25847262899185
train,5145,5,0,0,285.454695389833
train,2855,12,2,0,148.16501568286333
train,3535,6,0,0,341.5910095608972
train,568,4,0,0,268.9089844108354
train,4150,4,2,0,214.61714839651265
train,638,10,2,0,157.57645702274925
train,622,2,0,0,396.7521899020543
train,5021,12,0,0,90.86422741778757
train,4315,4,0,0,236.1579834846053
train,3206,10,1,0,159.33787848543597
train,3592,22,1,0,125.17189461071209
val,580,7,0,0,89.22193111737364
val,55,7,1,0,265.926949458139
val,1001,5,1,0,118.39010573555443
test,536,1,0,0,NaN
train,3029,9,0,0,104.73423852903119
train,837,1,0,0,NaN
val,1159,3,0,0,596.8043388584317
train,3899,3,0,0,341.01705688866156
train,2362,2,0,0,303.34917712821414
val,864,8,0,0,314.29539982703244
train,1150,3,0,0,736.3952632988428
train,3324,9,0,0,343.45381651721334
test,105,34,3,0,86.99668849040128
train,3302,12,0,0,245.29829654525548
train,406,10,1,0,308.9737431441821
train,4188,11,3,0,134.91158556786425
train,559,7,2,0,37.500095999999985
train,1468,11,0,0,234.78172460495549
test,203,11,0,0,246.45988411955875
train,345,4,0,0,472.6993288945277
train,825,5,0,0,307.53894135232133
val,1086,1,0,0,NaN
test,594,6,1,0,377.70605635425466
test,215,4,0,0,103.07958147271657
test,842,9,0,0,146.18432485187452
val,1023,3,0,0,411.3166748873838
train,4437,30,6,0,34.6761497411463
train,5065,1,0,0,NaN
train,4360,4,1,0,534.4631077809072
train,584,29,3,0,138.59417996566202
train,908,8,1,0,117.20734108048325
train,3241,6,0,0,119.9756655047967
train,802,6,2,0,181.05426174574288
train,5241,9,2,0,293.4700177677267
train,2333,3,0,0,80.05630858370985
train,4885,17,2,0,53.24029091042149
train,4495,9,0,0,171.53508585746525
train,2341,1,0,0,NaN
test,19,20,5,0,140.36555394480075
test,320,7,0,0,275.06512194779
train,382,4,2,0,501.6322020588266
train,5127,2,0,0,239.27036757700517
val,323,12,0,0,298.66511542717853
train,4214,9,6,0,98.07419477240687
train,1367,12,3,0,123.25081138073239
train,2711,2,0,0,419.7638116480071
val,53,17,2,0,235.2786663362982
train,3330,11,0,0,154.5731141447255
test,657,10,0,0,305.1983233183022
train,4094,9,0,0,234.54607854484348
val,635,4,0,0,415.08845166262483
train,4803,1,0,0,NaN
val,406,15,6,0,228.22412055184702
train,3667,8,0,0,235.87404062980485
train,4046,34,1,0,102.75768771376931
test,687,17,1,0,97.37147303036673
train,3261,11,0,0,174.34554792209633
train,4990,5,0,0,150.7200846672372
train,522,4,0,0,319.1368677654778
val,625,38,5,0,105.47593318358085
train,4489,3,0,0,75.44014496389202
test,183,8,1,0,264.03784342745973
train,2714,32,6,0,82.79116858874207
train,4592,3,0,0,442.6540845764027
train,2610,5,0,0,96.62890872014682
train,4631,2,0,0,383.07127251252416
train,5224,2,0,0,425.3491047133044
train,1387,7,0,0,299.16891696853804
train,1514,47,16,0,66.11621320556775
test,171,38,5,0,128.08960405843155
test,763,5,0,0,404.53073540636024
train,4717,3,0,0,380.24905512062486
val,545,2,0,0,725.6874464616496
train,699,82,4,0,60.57795385954876
train,3795,19,1,0,219.7384188893788
train,3662,7,0,0,284.3422273811304
train,2715,4,0,0,529.847479954132
train,68,66,53,0,105.45405128155825
train,507,21,1,0,126.08405951773626
test,60,2,0,0,795.1508479789476
train,3309,10,0,0,162.88185543223045
train,2835,3,1,0,273.186980861846
train,1638,14,2,0,215.1281774573279
train,5124,14,8,0,166.7737164185751
train,4903,19,11,0,68.20053478103249
test,220,3,0,0,254.85361100181726
test,762,7,0,0,299.5251810187609
train,3596,21,4,0,45.7216510679333
train,1905,15,0,0,182.19188324682318
train,3546,6,0,0,303.27925636417996
test,129,9,1,0,255.41106676507695
train,488,40,10,0,94.1265937537541
test,91,1,0,0,NaN
train,1444,7,1,0,129.0045379074144
train,3776,17,2,0,131.73582018929855
train,4675,13,0,0,42.038620540196256
train,1523,2,0,0,1061.2264095772587
val,1081,9,2,0,98.65588712758534
train,3650,5,0,0,260.4651840996518
train,5026,1,0,0,NaN
train,423,3,0,0,343.93490279789415
train,5094,22,6,0,73.47247099974982
test,479,1,0,0,NaN
train,2461,4,2,0,133.8077978844712
train,4810,1,0,0,NaN
train,298,2,0,0,1070.3067684734608
train,1295,2,0,0,430.233676320355
train,4602,3,0,0,445.25555851095464
train,248,3,0,0,426.25590837457196
val,93,6,2,0,160.79925790965547
train,1395,5,0,0,283.3221285535451
train,1303,4,0,0,182.16491639523215
train,2841,34,17,0,135.10094903030102
train,5370,11,5,0,154.37905412373553
train,1779,44,10,0,41.339069857703144
train,2016,4,0,0,187.0542103092684
val,481,1,0,0,NaN
train,2624,4,0,0,445.36476037646526
train,4860,4,0,0,124.92547357521926
train,3629,6,0,0,242.4046338833138
train,702,8,2,0,125.39040045049
train,3065,16,4,0,38.07939648918752
train,3618,29,0,0,179.71354041477701
train,1614,11,0,0,273.5659606604517
train,2896,8,0,0,378.8492257709506
train,2909,5,1,0,357.4067935116332
train,2981,7,1,0,90.08882230477954
val,502,8,6,0,303.3052467211643
train,1921,28,16,0,86.24730819215104
train,4601,4,0,0,344.54636378954905
train,3722,2,0,0,870.6622965812193
val,662,7,4,0,177.6907901747809
train,3199,6,1,0,113.23053581297111
train,1129,2,0,0,938.6696122926526
test,126,4,0,0,164.5142865078306
train,1799,1,0,0,NaN
train,2852,17,5,0,236.91521048851885
train,4963,2,0,0,658.8076036481792
train,3702,17,3,0,114.0000960000001
train,3486,5,0,0,175.55170192350624
train,2506,1,0,0,NaN
train,4637,17,4,0,39.32224184898028
val,649,61,4,0,69.29995763424789
train,260,3,0,0,622.0216842789771
test,97,9,2,0,260.6956800567589
train,2248,1,0,0,NaN
train,1494,6,0,0,274.5897234207195
train,3233,10,0,0,147.8325681046076
train,563,3,0,0,869.0039265275198
train,2278,2,0,0,572.0599980842073
train,986,1,0,0,NaN
train,108,6,2,0,82.26896742539328
train,2112,4,3,0,504.2226693980099
train,5079,9,1,0,183.50494271310313
train,1732,16,7,0,61.66018952964018
train,4431,3,0,0,284.959810808716
val,517,7,4,0,323.80057534300283
train,3271,7,0,0,253.38170971139016
train,2959,21,17,0,132.86561096123944
test,0,2,0,0,220.73699463450933
train,832,1,0,0,NaN
train,2527,2,1,0,60.59812077108601
test,1014,3,0,0,86.34765377400512
test,512,3,2,0,402.03717631168996
test,80,35,6,0,124.00448275890314
train,2697,42,28,0,41.19538107430478
train,3439,5,0,0,459.93388810136054
train,2808,5,1,0,347.80971880658143
train,1282,9,0,0,265.25491416393925
train,1956,5,0,0,616.640516606456
val,1014,3,0,0,20.24792257112972
test,337,15,0,0,220.6172082151345
train,3565,28,0,0,116.76470429341383
test,609,7,1,0,223.03035431086442
train,1932,2,0,0,568.4349643433312
val,101,3,0,0,372.03329287592453
val,257,1,0,0,NaN
train,3086,2,0,0,449.9032190864544
val,82,6,3,0,282.0991527612697
val,414,4,1,0,549.8211846821637
train,1657,32,7,0,57.8702770074813
train,1875,3,0,0,248.63344779024087
train,1007,3,0,0,562.2012171600437
train,2816,7,5,0,552.3711095417232
val,701,8,0,0,218.38524020749279
train,558,4,0,0,617.829190358563
train,2059,7,2,0,315.53260319855127
train,5178,6,1,0,95.13752815984091
train,5103,8,1,0,174.5455601402162
train,41,1,0,0,NaN
train,3701,13,0,0,196.31146053310542
train,2261,1,0,0,NaN
train,3142,9,0,0,373.74658815838677
train,2328,4,0,0,291.97191575382897
train,628,3,0,0,290.34091412875716
train,3149,12,0,0,296.99965156183464
train,1854,14,2,0,206.89714929006223
val,1120,12,5,0,149.7942765391129
train,2843,19,4,0,204.88087661038796
train,3874,5,0,0,397.4843771327888
train,2505,2,0,0,934.5870963286851
train,4174,6,0,0,96.06516987994377
train,4709,7,0,0,171.37739762496548
train,996,16,2,0,160.26658182436285
train,1176,20,0,0,109.12417323654061
test,1030,2,0,0,269.1175220754432
val,367,2,1,0,159.40854597121304
train,2517,1,0,0,NaN
val,601,4,1,0,484.4156879305035
train,4316,10,0,0,140.83121994753498
train,4480,2,0,0,661.985223182617
train,3460,10,0,0,178.05694904786648
train,4346,10,1,0,110.53712602693773
train,1496,13,0,0,291.12507401617205
train,2364,1,0,0,NaN
train,1910,25,6,0,117.00961252835967
val,341,10,4,0,275.0640327303695
train,4406,46,3,0,77.90684975992195
train,5319,26,1,0,49.60177981943221
train,1704,19,2,0,67.26717214899564
train,3730,3,0,0,650.1805421275934
test,818,12,1,0,110.81906547275739
val,974,9,2,0,373.38447425701213
train,4652,7,0,0,78.93814135141746
train,4756,5,0,0,208.91833505284873
train,1414,22,0,0,151.69323233930368
val,1015,2,0,0,530.5104121580957
train,5164,1,0,0,NaN
train,4123,1,0,0,NaN
train,1861,10,7,0,73.40969803856399
train,1803,1,0,0,NaN
train,3293,6,0,0,168.32683109055174
train,53,35,20,0,118.21807124655444
test,1060,11,0,0,127.56223384878655
train,3240,7,0,0,224.47459793956193
train,5036,2,0,0,485.10135740899676
train,395,13,5,0,176.44161627387498
train,2821,7,0,0,96.29205699449666
train,494,36,28,0,101.5590568191547
train,3085,4,1,0,134.754516565936
test,613,9,3,0,204.25658119547592
train,3584,18,7,0,96.73799469358997
train,738,30,0,0,105.02641740087334
train,3129,11,0,0,246.2886995379658
train,3545,8,0,0,269.7154362303811
train,3970,38,1,0,109.49865564358774
train,1501,12,0,0,264.76246540789015
val,925,3,0,0,365.296490364639
train,1529,1,0,0,NaN
train,2008,5,0,0,426.4955431243459
train,56,24,4,0,162.58011755661533
train,2245,3,1,0,231.82066931179352
train,3416,6,0,0,231.47624749444287
test,327,20,3,0,94.55801807009449
val,786,34,0,0,105.70786175064228
train,1916,15,4,0,156.79918994919245
train,3195,8,0,0,267.5145363032366
train,5100,11,2,0,142.58722832158236
train,1635,20,2,0,196.8482619011558
train,1082,2,0,0,19.608727039472548
train,3234,10,0,0,155.60697779998844
train,3531,10,0,0,237.796162768697
train,2518,3,0,0,615.3831820907793
train,2580,1,0,0,NaN
train,4547,1,0,0,NaN
train,1325,1,0,0,NaN
val,1146,1,0,0,NaN
train,550,19,1,0,147.50325783772155
train,2334,2,1,0,407.428729748853
train,4654,15,0,0,80.15623344705523
train,2115,3,0,0,493.77796892140657
train,3674,5,0,0,539.6973745647043
train,3642,7,0,0,291.1099316756992
train,2551,2,0,0,569.8210609095058
train,3374,3,0,0,427.1622231991151
train,427,1,0,0,NaN
val,227,4,0,0,532.5747338690248
train,959,9,0,0,232.0179573054608
train,2114,5,2,0,168.77199161229106
train,2457,3,0,0,129.32656556271323
train,302,2,0,0,489.9922765108985
test,785,3,0,0,360.584172055473
train,5293,16,16,0,151.49675708063688
train,4245,62,5,0,97.2735044663267
train,1133,1,0,0,NaN
train,1355,10,0,0,268.83003200947223
train,3509,7,0,0,230.8149768131688
val,900,17,1,0,172.1804094327995
train,2815,20,22,0,135.7226323938993
train,1315,13,1,0,171.7914463530198
train,4687,10,0,0,60.46266275140344
train,2350,4,3,0,393.1450216253552
val,822,15,0,0,182.3639067396748
train,1358,9,0,0,183.76791981254897
val,923,3,0,0,75.12132128919525
train,2374,1,0,0,NaN
train,4992,7,0,0,72.3493318860258
train,506,11,0,0,197.4043438238176
train,3830,1,0,0,NaN
val,2,4,0,0,253.35420023387337
test,249,17,3,0,205.42253703050994
test,1061,11,0,0,49.87318944004519
train,4565,2,0,0,293.17342482594336
train,3676,3,0,0,535.327806847733
train,4114,3,0,0,376.79762710560385
train,2906,7,2,0,223.8428648540637
train,420,5,0,0,455.37010986682907
train,4576,3,0,0,313.3882785814422
train,1975,23,12,0,163.06244335331883
train,3239,10,0,0,203.19775175978302
train,719,2,0,0,884.1453958529838
train,2511,1,0,0,NaN
val,1094,1,0,0,NaN
train,3213,38,7,0,38.518649641282565
train,2780,10,3,0,305.68777857368275
val,487,1,0,0,NaN
train,306,13,0,0,184.74330143269037
val,1009,4,1,0,117.95418044327626
train,2777,25,9,0,154.61677854704922
train,2220,2,1,0,199.38686235621446
test,109,15,3,0,116.78796438307073
test,709,16,0,0,129.58065769597928
val,784,10,0,0,172.2128372752906
train,1401,7,0,0,351.61448159217986
train,3427,8,1,0,309.9201206959142
train,4069,8,1,0,185.25197527295234
train,5398,10,7,0,170.92464009778723
val,780,9,1,0,257.03334949520263
train,667,4,0,0,563.0526415776176
train,3998,20,1,0,135.97616979260386
train,2572,2,0,0,967.976244006085
val,35,8,0,0,232.1591192394391
train,907,10,0,0,267.9141760792554
train,2921,8,0,0,244.05528531866673
train,4048,44,2,0,83.34936986900018
test,466,5,0,0,341.19281819096307
train,2373,1,0,0,NaN
test,703,8,0,0,180.34124339687125
train,3450,3,0,0,590.6657633146133
test,414,5,0,0,200.82974425134947
train,1723,4,1,0,188.63533531433703
test,633,4,0,0,191.306469566701
test,728,16,0,0,118.8205415123714
train,3069,29,5,0,47.461106269843455
train,1565,3,0,0,551.2847819576401
train,864,8,0,0,216.3745474291324
train,2648,2,0,0,697.7076700281012
train,5402,21,6,0,70.09248610313928
val,1068,1,0,0,NaN
val,404,9,4,0,234.07690469597844
test,51,15,1,0,206.8866637764674
test,290,14,0,0,201.656135923855
train,2797,4,0,0,528.6004429131067
train,734,5,0,0,432.44241484862295
train,4641,3,0,0,212.03369177791475
train,257,6,0,0,569.0972886376665
train,2632,7,0,0,73.57254401135722
train,1149,5,0,0,421.5866912521529
train,2578,3,2,0,609.9437215351254
test,30,4,0,0,482.421379618407
train,5348,9,0,0,123.81530212393774
train,3157,14,0,0,159.8946494668408
train,1099,6,1,0,151.53798844590546
train,4622,1,0,0,NaN
train,592,3,0,0,349.6814712163554
train,97,8,0,0,328.29853497101027
train,1137,6,0,0,364.4197879375017
train,3523,9,0,0,264.2509909932803
test,977,7,1,0,261.0229230110997
test,575,2,1,0,474.6584715775468
train,2134,5,1,0,430.977123253789
train,3049,4,0,0,280.08245067494795
test,581,2,0,0,334.8316421849454
train,1419,22,0,0,160.23240671463282
val,435,2,0,0,426.92976621453903
val,1148,1,0,0,NaN
test,312,1,0,0,NaN
train,4647,3,0,0,156.72007927546014
test,791,4,0,0,457.21815795297186
train,1272,3,0,0,425.60411349592994
val,429,4,0,0,502.71162465277655
train,4946,1,0,0,NaN
train,3075,4,0,0,343.3257865690111
train,2476,2,0,0,872.7421709170026
train,509,17,1,0,155.18027457547524
train,3537,10,0,0,349.2305118867737
train,3898,5,0,0,404.17626669609785
train,2941,10,0,0,249.90860968155027
train,1563,5,1,0,240.57951367534872
val,500,1,0,0,NaN
train,3494,11,0,0,223.67744544469733
train,5033,3,0,0,356.9549212332792
val,300,9,0,0,267.0669593345472
train,4100,1,0,0,NaN
train,1403,4,0,0,487.3513224435793
train,1084,3,0,0,431.17041902248536
train,599,3,0,0,406.0019561533883
val,498,2,0,0,762.0331193539512
val,1005,1,0,0,NaN
val,805,11,0,0,169.29970561159595
train,2033,3,0,0,468.43766297821577
test,698,8,0,0,251.31112589876818
train,1744,3,0,0,436.6459083333311
train,2939,6,0,0,115.61326394769767
test,346,36,12,0,52.45930935810057
train,336,11,2,0,202.00103694829235
val,801,9,0,0,282.0720525264281
train,3632,8,1,0,195.22902343928786
train,5080,8,1,0,210.4460425935597
train,362,29,4,0,150.8531116030206
train,1200,1,0,0,NaN
train,897,8,2,0,157.8760311800191
train,1338,9,0,0,356.68622284689894
train,2611,6,0,0,124.791259958675
val,827,4,0,0,489.46433127544185
train,2270,5,1,0,183.74763297735095
train,4455,4,0,0,347.3594276635185
train,1887,2,0,0,1012.0941656745962
val,832,19,0,0,135.2368330892294
train,4929,8,1,0,219.95465758238183
train,2098,7,3,0,104.01645893185821
train,4983,13,0,0,149.83346574153185
test,329,27,18,0,74.31899838085003
train,1342,11,0,0,138.62634918572374
train,2486,2,1,0,80.6498834278811
val,29,4,0,0,255.4644959175435
train,824,5,0,0,282.192820179292
train,1210,5,0,0,434.57118078449594
train,7,1,0,0,NaN
val,930,16,1,0,151.37403951853494
train,377,3,1,0,346.01218244700686
train,4528,2,0,0,747.08087099606
val,203,2,0,0,504.3827302364172
train,4555,1,0,0,NaN
test,411,2,0,0,144.60086788229634
test,1044,17,8,0,74.36673901923024
train,3921,6,0,0,264.2718421487548
train,1713,15,2,0,73.52724219056144
test,544,1,0,0,NaN
train,496,11,2,0,169.7424754387986
train,2688,13,2,0,87.75613583702003
train,2089,4,0,0,262.3693247200297
train,2166,20,11,0,115.05577814210207
train,2878,9,0,0,270.11325728303524
train,3479,18,1,0,111.97109572784737
train,1634,6,0,0,259.6080518628704
test,914,16,2,0,65.30057921856681
train,4826,2,0,0,676.9822036894669
train,5147,2,0,0,299.8854124895314
val,664,8,0,0,159.61553708994623
train,591,7,0,0,387.8480063531943
train,207,82,3,0,75.26588001833952
test,425,4,1,0,289.74870723667175
val,673,8,1,0,173.79434801045196
train,2103,17,6,0,115.57953992123124
train,3109,11,0,0,282.27671833160895
val,846,17,1,0,219.77903088547484
train,3699,36,1,0,86.81653336084459
train,324,6,2,0,182.06719093693675
train,3373,4,0,0,265.6928558326648
train,3055,1,0,0,NaN
train,927,14,1,0,168.50338936774438
train,5376,1,0,0,NaN
test,77,8,0,0,242.37499004109674
train,2881,17,8,0,263.432457226085
val,347,10,2,0,305.55923449786155
train,2299,5,1,0,369.24136955912786
train,2488,1,0,0,NaN
train,3492,11,0,0,207.38715316309904
test,55,2,0,0,546.6165541589827
val,194,31,3,0,100.43082387531953
train,5388,6,1,0,235.01149221274784
train,1571,27,16,0,53.67734822492424
test,1124,2,0,0,349.70660029316014
train,5262,2,0,0,948.441144953182
train,941,6,1,0,298.9853533984617
val,605,21,7,0,100.82325089078086
test,786,3,0,0,443.4295323144829
train,1619,10,2,0,334.0993312176052
train,5385,1,0,0,NaN
train,3908,8,1,0,232.96447804769463
train,1650,10,0,0,302.29839409565966
train,3849,5,0,0,250.30231720861076
train,863,6,0,0,399.6490359313978
val,977,4,0,0,490.2046669443531
train,3734,4,1,0,256.9520148416153
train,1351,8,0,0,275.8010318383752
train,3873,10,2,0,180.77165475812927
train,5046,5,0,0,424.36130728437837
val,811,9,0,0,226.12253135015249
train,3104,5,0,0,209.07471154822082
train,5111,23,5,0,52.689979768851565
train,3542,5,1,0,364.7768936322711
val,525,31,10,0,102.6164770408756
train,3832,7,1,0,144.92811034603358
val,674,12,6,0,166.0983561670664
train,2844,19,9,0,193.6457788856932
val,1025,2,0,0,471.2941064437886
train,3181,3,0,0,237.19969052353278
test,124,2,0,0,432.15917384257386
train,3974,40,1,0,82.26536412134976
train,4442,2,1,0,369.50343379222727
train,297,3,1,0,572.8673420331866
val,547,1,0,0,NaN
train,4492,7,0,0,106.34057475913143
train,168,5,0,0,577.9503485249646
train,1843,12,1,0,188.46166260500388
test,486,2,0,0,533.5848719295916
train,3928,11,1,0,101.07433779456736
train,4088,2,0,0,934.977844332169
train,637,19,8,0,116.05437139658284
train,1509,3,0,0,161.03814678524336
train,4057,48,8,0,89.25688758342214
train,2031,2,0,0,422.92110780172067
train,2836,20,2,0,81.43997114788974
train,4676,8,0,0,72.31821818398237
train,3485,5,0,0,186.45422233102977
test,366,3,0,0,274.0426193720007
train,4656,18,1,0,80.4060775291446
train,554,4,0,0,397.0910004211186
train,587,7,0,0,316.2600581041283
train,1399,11,0,0,280.49990191855966
test,994,2,0,0,529.710290207771
train,2507,4,0,0,128.85656192535896
train,4892,15,4,0,42.921844336159815
train,1679,5,1,0,207.39855725857385
train,3549,6,0,0,291.5524720410487
train,4906,6,2,0,53.89353921102395
val,967,9,1,0,274.9275505147436
val,754,19,0,0,109.13807731692539
train,1236,3,0,0,648.2096012497458
train,3310,10,0,0,293.1530222226141
train,1369,14,0,0,169.76554515052808
train,3099,8,0,0,175.5169526192446
train,80,12,0,0,124.79878167210134
val,873,16,0,0,85.46735275174697
train,3856,7,0,0,184.03052559836175
train,4531,3,0,0,419.7153655897277
test,362,4,0,0,298.35173461852503
train,5253,1,0,0,NaN
train,1748,4,0,0,260.51877671112663
test,180,6,0,0,308.32655239575115
train,3163,5,0,0,422.0633499374348
train,2009,6,0,0,450.25111469950804
train,146,1,0,0,NaN
test,21,4,0,0,359.72484259914154
train,3756,8,0,0,295.7401068908348
train,4288,23,7,0,48.52314647714001
train,218,2,0,0,843.9320586787117
train,3831,5,1,0,190.62026851369043
train,1696,5,1,0,61.193156747348304
train,4283,8,0,0,305.4196144568438
train,185,6,0,0,326.50407691277854
train,4849,7,0,0,201.65854796774613
train,1825,1,0,0,NaN
train,531,4,0,0,250.17470830029148
val,878,16,1,0,132.17985401172024
test,1094,1,0,0,NaN
train,1182,4,0,0,274.67245126854607
val,699,15,0,0,131.90175938354704
test,672,11,0,0,309.01474326001033
train,4459,34,4,0,83.33881544890077
val,793,16,2,0,77.02862030300128
train,2510,4,0,0,257.55987812693763
train,119,16,3,0,191.57761848463463
train,2829,13,9,0,137.2775368091892
train,1590,19,12,0,61.49974400000008
train,1672,32,5,0,53.36925362203468
train,2102,2,1,0,580.3096885353685
train,2298,5,0,0,376.29607936361236
train,3260,7,0,0,233.32416701263335
train,4626,8,0,0,83.74828465797731
test,473,3,0,0,409.1490211065292
test,1029,3,0,0,418.6326339885661
train,1390,6,0,0,256.4681817934663
train,5016,3,0,0,238.36555895613782
train,1393,10,1,0,195.96074202781315
train,2251,4,0,0,378.59798724589757
val,728,5,0,0,291.4969671200691
test,65,9,1,0,265.4245444575765
train,4912,2,0,0,667.1801044040837
train,309,23,1,0,188.7619470574662
test,656,5,0,0,276.5596680645969
train,2029,3,0,0,397.8545921315074
train,3781,9,0,0,181.0593142602988
train,1022,1,0,0,NaN
train,1982,26,11,0,119.77379499828163
train,1999,5,0,0,426.4994418763881
test,450,3,1,0,295.00201447467913
train,1616,15,6,0,237.17071320068993
test,596,3,0,0,830.5368941499138
train,2526,3,1,0,70.23009577132994
val,388,2,0,0,516.4906135067704
train,3340,10,0,0,162.1492615608468
train,1664,53,29,0,44.6341169988527
test,940,6,0,0,223.2227385910841
train,5210,5,0,0,152.5525223655989
train,5373,4,0,0,368.2878809969602
test,509,4,3,0,380.3471150387235
train,2311,6,2,0,227.2886663264575
val,938,19,0,0,72.11053204882454
train,2447,2,0,0,899.7821425661468
train,4986,17,0,0,67.19019952553036
val,1057,7,3,0,51.92359310020068
train,201,3,0,0,228.3548775051884
train,882,33,0,0,149.27219958322343
train,2718,2,0,0,628.1151797563347
train,409,3,1,0,232.24636670795417
train,5325,5,1,0,321.48682951644156
test,438,19,7,0,84.59993948472562
train,4667,5,1,0,119.23921207409155
test,408,66,31,0,60.79869867050295
train,4748,3,0,0,119.94235208830594
train,4169,16,2,0,88.66565159305195
train,1268,2,0,0,642.94892691787
train,2264,1,0,0,NaN
test,405,9,1,0,241.0318050715341
train,3589,21,1,0,83.81517380772293
val,391,3,1,0,213.09881174731788
train,3248,7,0,0,393.07106858700246
val,491,3,0,0,135.07497811216192
val,418,25,3,1,152.24031082566762
train,1128,3,0,0,254.1593577583545
val,137,1,0,0,NaN
train,183,10,1,0,185.37338139020386
val,34,2,1,0,454.46816770476084
train,3823,13,0,0,77.21716078845684
train,3483,1,0,0,NaN
train,2079,2,0,0,549.0706619735158
train,3274,7,0,0,394.80781433000647
train,4332,10,0,0,243.9156289109104
train,4600,2,0,0,332.9151103830092
train,4620,1,0,0,NaN
train,1865,11,3,0,98.88375494488983
train,369,23,5,0,84.71293218941231
train,1389,7,0,0,300.93401442858266
val,929,12,2,0,81.75983466113422
test,224,11,1,0,247.1825669905338
test,319,5,1,0,369.1801046224851
train,3713,12,0,0,250.62243969953522
val,417,6,2,0,284.50202341648776
train,1949,5,2,0,294.8514174158001
train,3996,12,1,0,197.81121420178033
train,1767,22,0,0,57.74702243539158
train,2169,4,1,0,505.10788455171183
val,114,18,1,0,150.45817763491635
test,739,12,1,0,81.9366334585589
test,292,32,1,0,107.82378903920109
train,2522,1,0,0,NaN
test,269,69,16,0,82.03841100487513
train,4262,23,4,0,138.5477841646554
test,175,43,0,0,80.9831027348116
train,2466,4,0,0,89.35943589976308
train,2713,4,3,0,334.564905776952
test,1057,7,0,0,84.9028272794917
train,3834,5,0,0,152.27834987436927
train,4076,27,9,0,94.42953707453829
val,917,2,0,0,91.00169449188995
train,1266,1,0,0,NaN
val,948,11,2,0,179.72532211135325
test,688,8,1,0,53.29993599384085
train,2370,1,0,0,NaN
test,12,2,0,0,310.3827792905528
train,5272,24,9,0,71.28988382653615
train,5035,2,0,0,1054.1261691088152
train,5400,7,3,0,98.23038804807699
train,173,2,0,0,504.21252527094504
train,2255,6,5,0,71.77863961691804
val,1018,1,0,0,NaN
val,488,7,1,0,258.6935037453831
train,1093,3,0,0,29.56853653333127
train,440,2,0,0,596.0474135659368
train,245,9,0,0,161.38975184523207
train,3208,2,0,0,605.1093165252665
test,1076,13,7,0,119.54923979717705
train,1309,146,23,0,56.13057465844171
train,2272,3,0,0,131.30916428236648
train,2111,19,13,0,154.23690557227866
train,2090,4,0,0,393.43913622029686
train,299,3,0,0,459.83041326123805
train,2492,10,3,0,198.93093611682252
train,1044,6,0,0,207.1167330840645
test,973,8,0,0,94.3032393625335
train,3750,14,1,0,168.00262378941576
val,991,31,3,0,42.617096105145286
train,1207,1,0,0,NaN
train,4930,7,1,0,275.71098546191064
test,321,3,0,0,420.1298673696928
train,4545,2,0,0,97.7663907085045
train,1816,3,0,0,129.16366876202278
val,769,10,0,0,285.4206383727564
train,5274,25,9,0,81.56755266895924
test,417,3,0,0,189.93196091271074
train,4418,9,0,0,106.35943121627348
val,996,4,0,0,263.763856245255
train,1566,3,0,0,465.725947570165
train,662,2,0,0,819.0006103441049
train,6,1,0,0,NaN
val,568,2,0,0,269.0471024940036
val,1149,1,0,0,NaN
train,2449,1,0,0,NaN
test,597,7,2,0,257.757355388065
val,598,3,0,0,265.8067249428825
train,242,5,0,0,477.6016964798536
train,3326,10,0,0,318.4930443880338
val,503,5,2,0,95.52486721559508
test,441,7,1,0,115.35415144903257
train,968,17,2,0,159.07973462650955
train,2738,6,0,0,252.8633101781955
train,61,7,2,0,224.68094196137147
train,2864,2,0,0,623.5800242471391
val,174,6,2,0,212.64064224940546
train,2077,3,0,0,502.340712727955
train,4822,1,0,0,NaN
train,1573,39,5,0,59.927576960301046
train,267,37,3,0,94.42729859540943
train,2635,3,1,0,58.619164512550846
train,4815,2,0,0,448.8219149553111
train,5073,9,0,0,84.59536318643067
test,612,4,0,0,246.5623241866632
train,1692,3,1,0,79.66377094162692
train,471,11,3,0,195.35615504101915
test,526,9,4,0,65.94666402560861
val,1053,3,0,0,85.87399094394064
train,3574,6,0,0,312.62230042135906
train,918,17,0,0,154.23139410849288
val,138,1,0,0,NaN
train,994,6,1,0,408.10720975628004
train,4798,2,0,0,294.96095036479386
train,5119,15,9,0,73.00708919075255
train,669,11,0,0,223.70148695135393
train,1219,4,0,0,307.23722512719075
train,1931,1,0,0,NaN
val,1147,4,0,0,462.3054707915521
train,4863,10,2,0,97.19981583147364
train,1911,17,4,0,211.7955918335022
train,227,1,0,0,NaN
train,1926,2,0,0,950.6170541537928
train,518,4,0,0,453.76991832954036
train,4926,6,0,0,231.9770101374185
train,3436,6,0,0,199.80987223088252
train,1555,9,2,0,173.535084821665
train,4457,30,0,0,69.15124306461101
train,2107,23,8,0,71.89046768740172
train,1174,21,4,0,221.54618097415138
train,4614,1,0,0,NaN
val,961,6,1,0,136.06102807441084
val,40,6,2,0,177.42623314678238
val,219,4,0,0,194.36582135735506
train,3050,2,0,0,393.0114472838512
train,1848,10,0,0,248.89261511309667
test,169,5,0,0,445.0952817546553
test,972,5,2,0,47.56301269274918
train,2154,12,1,0,229.76642854265418
val,642,13,14,0,213.69337839090556
train,1218,5,0,0,424.18408681164175
val,1131,4,0,0,459.69050936795384
train,860,4,0,0,370.80215027597706
train,3277,5,0,0,212.86721111536838
train,887,23,0,0,128.39897376583193
train,1983,19,6,0,158.91649681531248
train,2620,2,0,0,1046.6546374502902
train,4669,7,0,0,190.00001772740356
train,491,11,6,0,134.35201631651586
test,325,15,9,0,65.94058259941518
train,1785,2,0,0,489.2633918699027
train,3077,7,1,0,169.71858627809286
train,1612,4,0,0,330.23674214662447
train,618,2,0,0,336.4999040000001
train,3138,6,0,0,508.22628235189654
val,1138,1,0,0,NaN
test,138,3,0,0,492.0019273622824
train,1939,2,0,0,573.8996112773342
test,760,15,0,0,159.38035211437585
train,5156,5,0,0,459.0988482149803
train,2652,5,0,0,384.08792826709856
train,4294,15,2,0,83.18265732972947
train,2257,1,0,0,NaN
train,4191,4,0,0,216.04586051155016
train,1901,22,3,0,122.70987955175889
val,233,1,0,0,NaN
train,5232,5,1,0,196.68920002950543
train,4814,3,0,0,333.1785938863817
test,392,14,7,0,216.3729258602532
train,881,19,0,0,210.85798030048187
test,99,1,0,0,NaN
train,3590,21,1,0,113.68522514448654
train,2789,9,1,0,268.5168311149915
train,4465,10,1,0,194.85186364213644
val,899,37,6,0,115.46725181048342
train,737,14,0,0,242.9004548705002
train,200,4,0,0,552.5827193300842
train,4988,9,0,0,59.03609621894136
train,2385,1,0,0,NaN
train,3906,4,0,0,280.93265440433566
val,883,48,3,0,75.98971888786261
train,4760,4,0,0,63.84068328304511
train,4870,35,5,0,44.10252709470594
train,3747,11,1,0,126.06110715415291
test,873,23,0,0,189.8646705421411
val,562,3,1,0,30.40108183622845
train,2894,21,5,0,151.10988695659464
val,1059,2,0,0,757.8045251069968
test,783,9,0,0,191.3901830296632
train,3264,9,0,0,298.1359946340154
val,295,7,0,0,307.71619254111573
val,762,4,0,0,415.1122965011125
train,4186,9,4,0,128.84493924319523
train,282,7,0,0,247.9939983815553
test,191,20,1,0,150.71911310858889
train,5275,21,17,0,71.38171519792732
train,3855,12,0,0,102.1878774841607
train,4098,10,1,0,98.1051833933564
test,927,21,3,0,160.44038992770015
train,1467,12,0,0,194.74353277929947
test,86,35,17,0,88.11826417348009
val,906,1,0,0,NaN
train,4201,19,2,0,133.18610966626673
train,3327,12,0,0,241.7995890934858
train,2564,1,0,0,NaN
train,3420,2,0,0,872.9953860130363
train,3989,10,1,0,288.4948169899601
val,574,1,0,0,NaN
train,1525,1,0,0,NaN
train,3016,24,15,0,128.4079835803409
train,2052,12,2,0,208.88986176517506
train,2616,1,0,0,NaN
train,216,2,0,0,630.6671182803208
train,5114,13,1,0,79.33636795381042
val,781,3,0,0,390.28479888429257
train,4307,5,0,0,334.55368939534486
train,4936,5,0,0,59.49950117979225
test,453,1,0,0,NaN
train,2614,4,0,0,332.67268341751907
train,721,5,0,0,472.74767284058134
train,3080,9,0,0,278.75606793064173
train,1518,53,14,0,61.74550866497028
train,2493,10,5,0,249.99942355332985
val,1006,5,0,0,136.35952244030284
val,779,8,0,0,261.81687695049686
test,421,3,0,0,114.50423189278551
train,147,1,0,0,NaN
train,1688,24,2,0,33.137004346637326
test,681,4,0,0,385.10414589762524
train,3235,4,0,0,305.49349348647684
train,3392,19,1,0,75.82429658530556
train,2349,5,5,0,180.60140792426373
test,841,19,0,0,142.9771595771241
test,626,10,2,0,133.49305983578893
val,924,45,4,0,65.29940887953263
train,4073,10,2,0,188.11871175524755
train,3017,53,19,0,62.661628705505514
train,4017,18,1,0,140.2005091576434
test,717,2,0,0,778.3841890482205
train,4339,14,0,0,132.9103926396938
train,3278,3,0,0,255.7832506168292
train,490,56,10,0,99.58577214007474
val,17,74,8,0,72.91978737787008
test,534,3,0,0,70.43628440017545
train,4767,6,0,0,280.7208382372353
train,2139,8,7,0,242.33331027814606
val,985,10,1,0,164.85350393696797
train,5268,12,6,0,150.8667440513292
train,5071,5,0,0,211.60548579506144
train,4618,2,0,0,898.9997028791726
val,144,3,0,0,729.1752598768642
train,951,5,0,0,383.8260250687168
train,4049,51,0,0,94.70076181335439
test,53,9,0,0,230.90315362084203
train,224,3,0,0,464.9613531295537
val,686,17,1,0,86.14276930942006
train,52,3,0,0,359.73094174417713
train,162,4,0,0,603.4022577072444
test,947,24,8,0,78.91313923000936
test,800,8,0,0,294.69145436637444
train,1297,70,4,0,81.92114873232225
train,2201,1,0,0,NaN
train,3141,12,0,0,192.8180854568088
test,516,1,0,0,NaN
train,4516,7,0,0,352.12305246993185
train,2465,1,0,0,NaN
train,610,4,0,0,231.5463942156719
test,50,5,0,0,413.0584759771357
train,3754,39,0,0,77.93591418677265
train,2560,5,0,0,216.66872379896395
train,2633,2,0,0,431.5486687919551
train,3026,8,0,0,69.39188728355492
train,1539,5,0,0,331.55477006413366
val,56,3,0,0,145.18346611320484
val,536,2,1,0,37.84518252119373
val,733,4,0,0,369.8069435341272
test,620,28,5,0,129.40357594977115
train,2121,4,0,0,488.67461824859095
test,443,3,0,0,250.52937181925915
train,5320,31,3,0,53.1603864660287
test,166,3,0,0,192.84481885948387
train,4788,9,2,0,142.1488359718523
val,1054,5,0,0,299.91755867344614
train,2222,2,0,0,137.38381243818804
train,2308,6,0,0,150.26673414999894
train,936,49,7,0,55.316891887988966
train,2766,2,0,0,498.24720812063174
train,4503,5,0,0,213.5649560766023
train,5023,7,1,0,155.50366020222077
train,5024,13,2,0,101.11829144255826
train,3684,3,0,0,375.35335620725465
train,5403,27,5,0,54.45453223079907
train,1960,4,2,0,299.4825952008563
train,1540,6,0,0,382.7742704001052
val,171,6,0,0,261.42446844975024
val,307,22,1,0,142.556479891866
test,6,1,0,0,NaN
test,375,12,0,0,209.32632609812475
train,2285,3,0,0,749.8615460368153
train,4823,4,0,0,286.2530232972739
train,4920,3,0,0,486.19093039711225
train,3727,3,0,0,451.4086345127401
train,4762,2,0,0,248.41751303932674
train,5271,15,10,0,111.86623011674942
test,242,2,0,0,773.6366919327768
test,810,30,1,0,116.15957719842103
test,812,20,3,0,115.84181069147941
train,4170,19,0,0,153.91287764320995
train,1107,5,0,0,214.98427414238083
test,680,5,0,0,210.9326753641928
train,3030,14,0,0,54.313655665034204
train,3941,17,7,0,118.6640285866517
val,952,4,0,0,387.87268137207053
val,913,3,0,0,416.4729914898846
train,1512,41,10,0,69.01629824930387
train,1846,11,0,0,174.5868267200393
test,446,3,0,0,733.9770831083812
test,999,11,0,0,57.1001920870487
train,451,1,0,0,NaN
train,32,2,0,0,568.7395161658221
val,456,6,2,0,76.37218882229665
train,4010,33,2,0,129.4998694054543
test,165,3,0,0,218.50547196885674
train,340,2,0,0,734.0548542773262
val,134,5,0,0,438.151960178235
test,1027,2,0,0,433.7267117444537
train,4821,1,0,0,NaN
train,2289,1,0,0,NaN
train,2247,1,0,0,NaN
train,4566,2,0,0,372.41114877071414
train,4261,19,3,0,154.9660254895955
val,185,2,0,0,914.0233058653304
val,1140,10,1,0,132.97458988787199
train,2663,7,0,0,203.52993772915787
train,608,6,0,0,312.1936521142628
val,230,1,0,0,NaN
train,1326,19,0,0,116.77434972159824
train,1138,9,0,0,285.77876788907633
train,5246,6,0,0,362.83991548954435
train,5346,11,2,0,136.262873187921
val,751,9,1,0,126.90878488282522
train,5105,13,3,0,105.22048036492855
train,560,5,0,0,538.6133643203256
val,1119,6,1,0,290.512729435762
train,3982,17,14,0,123.88850516703005
train,1422,28,1,0,140.3763944119765
train,3645,6,0,0,271.83914466166306
train,3796,11,0,0,192.75991305284205
val,871,14,2,0,240.51980710122638
train,852,8,1,0,232.37110214211413
val,249,50,24,0,109.35526076154864
train,2057,64,44,0,50.76744706942251
train,4147,8,1,0,247.1643337395704
train,3653,10,1,0,225.79587241632618
val,182,51,1,0,86.81175634729664
train,4674,7,1,0,57.71723278411738
test,890,7,0,0,182.03865325874048
train,2442,5,2,0,217.81975649658233
train,1936,2,0,0,597.5924678242527
val,472,5,1,0,401.9496155293413
val,713,3,0,0,232.110570375714
test,508,1,0,0,NaN
train,652,2,0,0,712.2393386390111
val,1129,2,0,0,346.0808873095103
train,2542,16,19,0,31.838244693752795
train,4570,3,0,0,376.3474790144237
train,4546,4,0,0,340.239663219366
val,1040,8,3,0,96.26097405452842
train,4512,5,0,0,103.47946656221222
test,922,3,0,0,326.84715694099225
train,5012,3,0,0,476.3252631899109
train,2519,2,0,0,336.7730220788595
train,5337,4,0,0,219.2691297526001
test,33,1,0,0,NaN
train,3931,12,0,0,165.20388135907533
test,676,3,0,0,170.72985894873915
train,1243,3,1,0,97.94881928896541
train,4221,10,1,0,247.47656422577722
train,1426,42,2,0,88.79968207478358
val,1153,12,7,0,160.4310098706569
train,2515,2,0,0,572.2317380790106
train,5363,3,0,0,149.3031885033221
train,4086,1,0,0,NaN
train,1794,1,0,0,NaN
train,2588,1,0,0,NaN
train,3792,12,1,0,135.50808507338596
train,2885,17,4,0,186.74170036788175
val,1090,8,0,0,94.68584755923257
train,3177,8,0,0,237.6069029509457
train,437,3,0,0,245.5653778871133
train,5330,3,0,0,736.8117223176644
val,281,5,0,0,394.96425494992263
train,588,14,1,0,136.90322351294176
train,4501,8,1,0,119.95129645356178
val,187,4,0,0,409.87338180923246
train,3445,6,0,0,288.10970798086714
test,690,4,0,0,250.3659056211314
train,2641,2,1,0,127.20082012354477
train,2978,6,1,0,317.49543054640037
train,4,2,0,0,893.6477234529033
train,1284,11,0,0,174.56177377755
train,1262,1,0,0,NaN
train,4657,7,0,0,76.94053975454871
train,950,5,0,0,375.774499509054
train,1480,5,0,0,277.1148615004502
train,2496,1,0,0,NaN
train,2415,2,0,0,720.0027785724739
train,4292,1,0,0,NaN
val,623,7,1,0,193.24674759511768
val,266,2,0,0,335.03648326780757
test,141,11,0,0,297.6746867574388
train,2371,1,0,0,NaN
train,4234,5,1,0,330.1152800099723
train,1191,13,0,0,187.2809013667474
train,567,2,0,0,877.7979165434472
train,3817,25,2,0,82.39732102730763
train,4594,1,0,0,NaN
val,294,10,0,0,191.1211192541299
train,4343,6,0,0,437.59657265070416
train,2491,1,0,0,NaN
val,815,5,0,0,327.3418329520777
train,4331,2,0,0,852.6309329504968
train,3660,4,0,0,573.3133242716689
test,860,21,2,0,230.24767412594989
val,263,5,0,0,254.73745992310543
val,1162,15,3,0,81.22947474947601
train,2570,1,0,0,NaN
train,3114,15,0,0,243.70384148087106
train,1450,3,0,0,587.8243168845114
val,550,2,0,0,551.4794983099125
test,241,2,0,0,392.15400444278526
test,891,1,0,0,NaN
train,4661,22,2,0,64.35226419191082
train,2700,7,1,0,281.5338547032864
train,3444,4,0,0,578.6667365367928
test,547,24,1,0,40.400133306520914
train,2931,7,2,0,94.63265694378259
train,2307,1,0,0,NaN
train,2710,3,0,0,647.4267299148212
train,4485,4,0,0,77.47639663180422
train,1877,22,6,0,73.09446270075617
train,3686,5,0,0,371.87369417147715
test,1072,2,0,0,1128.2638067049033
train,1667,25,8,0,59.80056442747206
val,829,9,0,0,204.46666807285
train,2153,4,0,0,480.63263932632594
train,1094,1,0,0,NaN
train,4938,2,0,0,657.8687416325982
train,858,6,0,0,326.70356949420676
train,3779,15,2,0,127.8691746454993
test,279,26,0,0,165.59871610558162
val,111,7,0,0,451.6712746237644
train,2038,20,8,0,118.04624527769472
train,2239,2,0,0,159.1327944079502
train,5295,9,2,0,87.02047998114863
train,3437,5,0,0,275.646731104943
train,2283,4,2,0,149.94143998880006
val,155,28,0,0,148.93720958898268
train,589,22,1,0,143.01016512283238
train,685,3,0,0,163.52703365614457
train,4491,9,0,0,25.499520005802626
train,1461,11,0,0,229.32805864133775
train,4487,3,0,0,51.80962767770496
train,1764,2,0,0,861.2714039245019
test,571,1,0,0,NaN
train,4051,19,2,0,208.56441571940758
val,146,18,1,0,165.74072745121754
test,481,3,0,0,498.90068486636505
train,4859,3,0,0,165.99593334862328
test,218,4,0,0,576.3666741428849
test,721,6,0,0,527.8170227279302
train,5172,3,0,0,278.0014780970036
train,4887,12,1,0,67.203218615652
test,16,107,11,0,59.2980948112735
test,992,3,0,0,163.747548085463
train,4323,3,0,0,587.5132621483132
train,3295,3,0,0,229.03429249003443
train,1827,2,0,0,1077.485384424971
train,1783,3,0,0,403.316891787243
train,1507,6,0,0,96.0173980080195
train,958,14,0,0,272.91553590120924
train,217,3,0,0,385.24226715179634
val,39,10,1,0,167.71842389089664
train,3219,22,1,0,86.47556506728547
train,3748,11,1,0,264.46771172305046
train,2398,18,13,0,168.3280462914026
val,573,2,0,0,709.9201824544162
train,4888,22,1,0,53.924230631598306
val,819,21,3,0,146.6322911231931
val,776,4,0,0,457.99502734691487
train,2346,3,0,0,676.9967037440674
train,3020,7,0,0,78.10417771205191
train,462,5,0,0,654.1856339726779
train,2861,12,8,0,196.0416782625418
train,81,3,0,0,119.69201163028156
train,2215,1,0,0,NaN
train,3966,10,2,0,119.18230459376359
train,3449,4,0,0,316.32403927837277
train,3148,17,0,0,224.34818350078854
train,5333,2,0,0,553.9424537765644
test,31,4,0,0,534.0564353214744
test,330,14,1,0,281.8595677569092
train,4059,22,4,0,75.63516449111087
val,1089,4,0,0,350.07112549309124
train,3627,4,0,0,395.8940438550936
train,5010,4,0,0,284.95249034902156
train,3074,27,0,0,35.35588121371516
val,529,6,1,0,240.90697381360653
val,280,118,8,0,64.04935235349475
val,297,9,0,0,331.04468237592687
train,3912,8,1,0,210.50167591539883
test,969,14,4,0,240.59433588776818
train,5128,5,1,0,491.82951246139794
train,1671,12,2,0,76.39369999563833
train,4005,41,3,0,145.69285907099416
test,588,23,11,0,195.28262288309827
train,3890,4,0,0,320.5952514020247
train,2064,2,0,0,587.6401894085066
val,561,1,0,0,NaN
train,1996,2,0,0,982.1306596253469
train,5134,1,0,0,NaN
test,478,1,0,0,NaN
train,5142,3,0,0,280.79066921841974
train,4171,1,0,0,NaN
train,1693,9,2,0,46.553996005805416
train,2129,4,0,0,329.1510253108719
train,1542,6,0,0,262.08506527467324
train,1433,6,0,0,242.30205661537832
train,2474,1,0,0,NaN
train,4421,8,1,0,210.1290801551795
train,3092,6,0,0,224.07818800143238
train,4890,17,3,0,64.0402572187296
val,963,3,0,0,55.699989515819965
train,4351,7,5,0,98.81358546498784
train,876,77,16,0,72.18010717894887
train,1879,1,0,0,NaN
train,4427,2,0,0,293.15531839756767
val,459,4,0,0,460.94099206513863
train,4329,14,1,0,49.65903905685424
val,947,12,5,0,133.54003636516882
val,1078,7,2,0,71.54889986887613
test,100,11,3,0,96.55178913011565
train,4716,9,0,0,140.22201978455374
train,3430,3,0,0,311.6699203717886
train,2601,3,0,0,554.2099472799471
val,250,16,1,0,187.40885067697718
train,1897,9,2,0,146.50073605290194
train,426,3,0,0,341.834139383454
train,2755,2,0,0,437.99063144506016
val,799,25,0,0,169.45829962630816
train,540,4,0,0,731.3652462108279
train,384,2,1,0,435.83093272509427
train,1306,38,0,0,81.92419593278518
train,3526,13,0,0,158.57883768062894
test,5,7,0,0,455.1341265000445
test,119,14,2,0,133.6175710356007
val,392,2,0,0,1047.6705046455395
train,2140,6,3,0,334.1165118671762
val,328,1,0,0,NaN
train,4218,5,0,0,261.95031709145394
train,2,6,0,0,167.2129785433455
val,1020,3,0,0,533.5578383645545
train,1105,1,0,0,NaN
train,3162,5,0,0,59.840877004268584
train,3621,20,0,0,163.5309640299635
train,240,7,0,0,356.743818603841
test,755,13,0,0,298.6142275246241
test,759,10,0,0,180.42452126027925
val,1058,2,0,0,770.6905790533829
val,539,2,0,0,1218.354572705342
train,2615,1,0,0,NaN
train,3987,9,0,0,304.28009951375805
train,572,27,5,0,137.09286207782733
test,227,11,0,0,244.93446071988168
train,3107,9,0,0,208.38591123429424
val,243,5,0,0,340.41354931912156
val,778,15,0,0,261.6199247458055
val,914,15,0,0,77.62198246255511
train,4524,2,0,0,142.72455604060264
test,702,4,0,0,265.13705395747365
train,1041,5,0,0,229.49203454957652
train,4445,3,0,0,592.9187257089185
train,1125,7,0,0,427.7286478322986
train,3184,7,1,0,147.65579081102678
train,441,2,0,0,388.40584965815947
test,383,3,0,0,318.96841975358996
train,4610,1,0,0,NaN
train,2383,2,0,0,460.9982330381327
train,578,11,0,0,211.97224973190106
train,740,24,1,0,92.66734717628522
val,73,6,3,0,333.480869468052
train,2180,1,0,0,NaN
test,391,6,1,0,220.04050530218336
train,4824,2,0,0,438.3947848235206
test,595,8,5,0,260.73696655455615
train,3273,10,0,0,284.95770672969917
val,959,3,0,0,761.6600926924291
test,483,1,0,0,NaN
val,727,8,0,0,219.16085179772767
train,3089,5,0,0,539.6075747433673
train,1622,10,0,0,305.2726121992123
val,615,29,23,0,155.70076449605628
val,242,7,0,0,357.27736965001975
train,4104,4,0,0,230.01635038329678
test,809,21,0,0,156.63411460062875
train,4273,4,0,0,533.7331082517102
train,2768,5,3,0,444.77501080909013
train,3193,7,0,0,195.42639727634997
train,5347,6,0,0,356.31697637406535
train,372,2,0,0,534.154152806236
test,733,4,0,0,228.01302676392118
train,2774,4,1,0,292.57601700121165
train,1366,10,0,0,236.5009958754687
train,2762,6,3,0,236.14996730522014
train,1722,2,0,0,240.3020625797922
train,1181,25,0,0,162.11542924797757
train,3564,13,0,0,204.3684913100177
train,137,1,0,0,NaN
train,2719,1,0,0,NaN
val,936,61,16,0,75.04800756917832
train,3532,4,0,0,301.2273068664632
train,4124,5,0,0,130.101643710182
train,631,3,0,0,346.0727957872981
train,2800,29,8,0,124.50855353857122
test,264,4,0,0,319.50497601028434
train,364,7,3,0,305.0147390537321
train,2382,1,0,0,NaN
test,730,3,0,0,546.8330533828673
train,3945,25,7,0,115.11030035694995
train,1198,6,0,0,284.6941853685942
train,3815,1,0,0,NaN
test,442,4,0,0,283.9874615829196
train,2053,13,4,0,201.5973266102969
train,4831,1,0,0,NaN
val,826,1,0,0,NaN
train,3368,6,0,0,372.52144612631645
test,500,4,4,0,251.87571823660977
train,3774,38,5,0,105.61261640058922
train,167,6,1,0,258.8877651552762
train,2970,2,0,0,718.516916488568
train,2345,3,0,0,685.5516478049693
train,1832,4,0,0,665.6571768505034
train,140,1,0,0,NaN
train,495,11,3,0,160.20736088085846
train,376,3,0,0,590.2130396797725
train,1839,3,0,0,307.68176614275166
train,4847,2,0,0,898.1017964664713
train,3883,10,2,0,220.47979713022193
train,1596,26,6,0,56.58635651848302
train,833,2,1,0,93.03966010692996
train,3187,7,0,0,423.7772345942296
test,177,24,1,0,115.00105147624105
train,511,11,0,0,325.2227456769401
test,915,11,2,0,201.79251224984134
val,687,25,2,0,77.13044960965243
train,4471,1,0,0,NaN
train,4848,6,0,0,108.44890299216871
train,694,27,3,0,126.53030599862812
train,5175,1,0,0,NaN
test,781,6,0,0,374.1969261962687
train,265,20,0,0,164.14374183642354
train,487,45,8,0,88.18919979408778
val,74,71,22,0,104.82923005579113
train,1567,3,0,0,503.0918700204667
test,521,2,0,0,664.8956802399463
train,1593,28,14,0,62.59756672689441
train,365,10,2,0,265.7191422876789
train,4362,5,0,0,464.1762946300252
train,4705,3,0,0,118.80458227124106
train,3957,5,0,0,133.67305176465365
test,159,3,0,0,350.52430945820583
train,279,31,1,0,126.27446646099605
train,640,12,3,0,129.87873835121965
train,2977,18,0,0,133.32492371755285
test,819,4,1,0,73.34866448608254
train,2863,9,5,0,284.0363590812075
val,882,9,0,0,297.1084688939735
train,3822,23,1,0,81.68619976913448
train,3605,13,0,0,216.3064186209947
train,4078,22,3,0,123.48284208153571
train,4836,1,0,0,NaN
train,3811,2,0,0,562.1313333809495
train,39,3,0,0,502.01529627732526
train,3471,41,1,0,113.87860835420396
train,2101,13,10,0,207.3184013459885
test,150,3,0,0,683.4924118971236
train,413,2,0,0,491.6881478662751
train,1058,18,5,0,220.73782141646026
train,499,10,2,0,219.00068745196006
train,3350,6,0,0,312.09323576181623
val,302,7,0,0,340.2282771321052
val,191,52,9,0,101.6669247100383
train,3071,19,1,0,79.12837842457938
val,301,7,0,0,281.44270163589533
train,1771,21,2,0,55.08405896651314
train,1301,2,0,0,395.1153877036865
test,181,7,0,0,197.47735120828324
test,569,3,0,0,340.53002080907856
val,565,4,0,0,93.5058095638672
val,980,9,0,0,169.23982037432216
train,1637,9,3,0,245.5053845779434
test,854,17,0,0,229.46084291712964
test,816,18,4,0,63.104798043440496
train,435,3,0,0,437.29327186272087
train,4267,20,5,0,101.28173713764147
train,5270,9,4,0,213.2107019466895
train,3451,6,0,0,207.2476080841467
train,4239,5,0,0,325.2646429479626
train,787,5,0,0,298.39746044517193
train,3753,13,1,0,137.15739158005854
train,3096,5,0,0,235.89642917245135
train,749,11,0,0,340.28699217031715
train,3323,9,0,0,149.47000121900925
train,1551,8,0,0,316.3127861025751
train,5255,2,0,0,222.94469305475752
train,3644,6,0,0,163.50371616704982
train,2401,10,2,0,138.56139361727236
train,690,37,5,1,85.33026464274576
train,3136,9,0,0,228.10299200224858
val,1125,4,0,0,160.71972988484677
test,271,26,4,0,102.72817754880074
test,990,4,0,0,273.56811875925075
test,844,26,6,0,84.9600833338951
val,427,4,0,0,149.64390476319474
train,901,8,0,0,290.9240119386849
val,452,2,0,0,900.7302164533611
train,2546,2,0,0,716.292188202784
train,3328,21,1,0,117.91755872929559
val,788,8,0,0,239.6740616435302
train,4305,8,2,0,251.06831852685497
train,3870,7,4,0,172.79110292047778
train,1474,4,0,0,642.5526232909147
test,840,12,0,0,152.55024173611545
train,3186,6,0,0,281.68214030948985
train,5389,11,6,0,190.26223386150548
test,270,21,0,0,161.18378315459222
train,2001,4,0,0,480.24988088058876
train,635,11,1,0,155.08029899412267
train,2092,6,2,0,322.9734688274241
train,508,14,0,0,195.13332976229043
val,314,2,0,0,699.0853178264525
train,380,3,0,0,491.6350770888294
train,1469,17,1,0,128.69449759956112
train,617,1,0,0,NaN
train,2240,4,2,0,447.08878410463603
test,599,3,0,0,425.90220642777973
train,866,34,7,0,169.27706913676374
train,3137,8,0,0,263.69645974796776
val,767,3,0,0,189.84210095792446
train,3683,3,0,0,474.0493386141489
train,2664,6,0,0,262.1692595380114
train,4071,18,3,0,132.25183939754794
train,4407,14,0,0,133.2750704737685
train,525,4,0,0,362.54130626066427
test,897,10,0,0,104.07253635339936
train,2241,5,0,0,358.21374747555006
train,4414,6,1,0,194.31112351612603
train,4523,3,0,0,56.87099492958231
train,877,41,17,0,86.26947084720071
val,823,10,0,0,176.5002693257203
train,955,12,1,0,163.1641418535874
train,1489,12,0,0,292.9618901210688
val,527,2,0,0,719.5917408086693
test,20,11,3,0,355.98054949149576
val,474,8,1,0,164.19732077015186
train,2567,4,0,0,393.42726724488466
val,837,41,1,0,81.64709141176448
train,1156,2,0,0,331.84461093817015
val,602,14,2,0,220.50274944409065
test,173,36,8,0,132.09426921647204
val,798,14,0,0,164.95274766346864
test,482,1,0,0,NaN
val,868,4,0,0,449.6724975344134
val,0,1,0,0,NaN
train,3813,2,0,0,552.0260678340068
train,1054,5,1,0,168.54238550677204
train,1541,10,0,0,286.23811447181146
train,1822,2,0,0,806.4686727208738
val,271,3,0,0,37.336300836033374
train,5233,9,1,0,183.32049391191515
train,2344,1,0,0,NaN
train,3994,15,0,0,204.84536431402893
train,1914,10,0,0,423.76996496439114
train,3212,16,0,0,81.10846047293046
train,2521,2,0,0,239.38725209167697
train,3611,25,0,0,150.25527558211064
train,3429,5,0,0,459.7430684199083
train,1990,9,2,0,37.60690724090861
train,660,1,0,0,NaN
train,1140,6,0,0,391.51186201216757
test,1101,4,0,0,340.83460012073
train,4730,8,1,0,47.522671162692454
test,1025,2,0,0,306.298490026144
train,3685,3,0,0,356.89846677312096
train,206,24,11,0,178.66010578352285
train,2132,1,0,0,NaN
train,2193,4,1,0,304.7965250598682
train,1110,15,5,0,83.6485937264866
train,1333,8,0,0,319.9500427801971
test,821,4,0,0,123.3302116256337
train,2813,8,5,0,298.4511439567366
val,940,2,0,0,464.54829930177107
val,26,4,0,0,510.9858204040953
train,2075,2,0,0,208.31775586393337
test,767,12,0,0,179.14033806001373
test,294,18,0,0,181.06839282557075
train,3606,14,0,0,164.90244598845544
train,1103,2,0,0,939.7037449412749
train,2208,5,1,0,426.81221290887754
train,1392,5,0,0,276.05482409120594
val,370,18,2,0,94.16701229276414
train,251,8,0,0,324.31776200029253
train,2233,5,1,0,323.2041231921327
train,1135,14,0,0,183.4382489669147
train,1458,9,0,0,303.92307845244187
train,1595,30,4,0,52.91054142650754
train,2045,2,0,0,830.1727872593357
test,713,9,0,0,231.02069289142665
val,1093,5,0,0,388.70628907712387
train,4084,6,0,0,462.826793983411
train,1497,12,0,0,295.86881266794614
train,5193,10,0,0,91.99143178633106
train,5371,13,10,0,177.79990551300978
train,1804,1,0,0,NaN
train,3337,9,0,0,124.66460546767321
train,1179,28,0,0,86.82110084772368
train,555,3,0,0,568.6844008272783
train,1856,33,20,0,54.452790277069
val,670,17,1,0,172.51560361517298
train,1623,21,1,0,198.70156830843425
val,33,4,1,0,344.5804183200735
train,1234,1,0,0,NaN
train,3464,7,0,0,248.49674686605368
train,4478,4,0,0,109.28682821205136
val,876,20,0,0,91.05470997350878
test,288,10,0,0,317.35296995643307
val,861,6,1,0,361.0056837229512
train,2967,46,5,0,80.506461554808
train,3833,5,0,0,281.20594047824824
val,526,3,0,0,583.3503134144544
test,660,17,0,0,203.50325634902356
val,532,5,0,0,91.56741953686365
train,4039,14,3,0,257.6545338532733
train,1142,5,0,0,353.836049717958
train,3769,12,3,0,153.8670749127309
test,856,28,0,0,140.054059767444
train,4122,3,0,0,432.1034927712279
test,837,12,2,0,175.01078531472015
test,685,36,8,0,45.44345156601302
train,571,4,0,0,407.36078562772974
train,3028,1,0,0,NaN
test,1085,5,1,0,232.17452966249553
train,1368,3,1,0,81.34550933500734
test,247,4,0,0,417.92234026169353
train,1343,10,0,0,247.62321878399692
train,2081,6,0,0,111.06089961922434
train,3097,7,1,0,158.6440431158619
test,898,9,1,0,66.59763299193146
train,4423,4,0,0,244.04931910884582
val,254,3,0,0,803.9930329549958
train,812,2,0,0,456.9530551818766
test,855,26,1,0,161.38872348781194
train,4919,3,0,0,641.3925641728904
train,23,2,0,0,234.51235570057824
train,2651,6,1,0,224.6276827484493
val,376,1,0,0,NaN
train,5322,14,2,0,100.92096241499335
val,471,3,1,0,140.0734598153558
train,102,2,0,0,630.2211136801104
train,27,4,0,0,272.6869874458933
train,5088,9,3,0,187.61456553352346
train,3183,4,1,0,221.98076450545403
val,117,9,1,0,193.42062181847126
val,814,3,0,0,358.7102515178569
train,1844,31,6,0,127.66489059110735
train,2887,3,2,0,310.5192467339819
test,463,4,0,0,426.9903712310629
train,5162,4,1,0,148.59721208651047
val,782,6,0,0,478.6099566462434
test,101,7,2,0,212.84938419598564
test,503,1,0,0,NaN
train,3583,13,0,0,269.82337772715533
train,4754,2,0,0,185.14993759664623
train,871,47,4,0,98.8692805704645
train,4152,5,1,0,174.24405082529853
test,469,6,1,0,205.19267336858073
train,3594,11,0,0,202.1586760544955
train,4776,3,0,0,194.76342769800718
val,764,41,0,0,120.51722167604117
train,5122,12,9,0,148.8494619424507
train,4625,13,1,0,60.46681007159631
val,943,7,0,0,83.33756464200748
train,134,2,1,0,177.12380646386828
train,4627,6,0,0,102.53899075018019
train,2964,29,3,0,88.4561210100774
test,400,2,0,0,1342.496535640996
train,970,14,1,0,200.59245885040264
train,3765,13,0,0,176.31913838395653
train,1961,4,2,0,494.54138910493526
train,1286,11,0,0,287.64039148909706
val,736,9,0,0,166.0114047180948
test,624,30,2,0,175.2071574796032
train,513,8,0,0,180.99956111593704
val,746,6,0,0,287.0503936806707
train,422,3,0,0,575.1955687172876
train,2915,21,1,0,169.74279366184604
val,18,63,3,0,67.39600403667573
train,1997,5,0,0,203.70892143676664
val,252,2,0,0,532.345889812494
train,455,1,0,0,NaN
train,337,9,0,0,240.00096616571147
train,673,15,4,0,194.6944461934241
train,1304,40,1,0,82.30760023267865
test,639,5,0,0,384.90453147783677
train,3812,2,0,0,1293.7063009323413
train,226,6,0,0,218.86178235653787
train,4072,20,3,0,130.71896358832066
train,3067,30,4,0,51.64045881767992
train,1012,4,0,0,728.551468848998
train,4176,7,0,0,177.4676739484599
train,2982,13,1,0,245.1144531032774
train,4571,1,0,0,NaN
train,2889,2,0,0,537.5433457648896
val,241,7,0,0,386.25171167007466
train,2785,6,4,0,368.1989584387147
train,2602,5,2,0,217.8463254315215
train,1171,25,1,0,153.2360174382407
val,703,11,3,0,164.46845154056936
train,533,1,0,0,NaN
train,1307,95,4,0,62.891534189936166
train,2963,64,8,0,80.15615919029102
train,4444,2,0,0,32.90104922533627
train,1774,23,2,0,42.85242864671274
train,1852,9,3,0,250.51394356415702
train,3886,2,0,0,1020.8377245623515
train,3607,13,0,0,273.4377744210816
train,547,5,0,0,439.4200215374853
train,1721,6,0,0,193.02186045410235
train,4443,5,3,0,269.8745149287625
train,1714,6,1,0,281.1377762670365
val,668,35,12,0,107.68650612142632
train,3267,8,0,0,218.9124119362074
train,208,3,0,0,461.2289116006424
train,701,4,0,0,346.44993472217385
val,1083,24,3,0,51.192495975167645
test,176,41,2,0,126.51551765734696
train,3659,10,0,0,191.89452182001835
val,483,1,0,0,NaN
val,149,2,0,0,515.5699128537522
train,4349,13,4,0,160.818036401524
test,1008,5,0,0,82.86112140325396
train,5215,9,0,0,128.8030934411285
train,2850,23,15,0,186.17259540611724
val,286,10,1,0,175.17702033384361
train,4286,4,0,0,498.4014360886422
train,2643,1,0,0,NaN
train,1516,55,20,0,57.71726743450789
train,2040,16,4,0,101.45379645339992
train,2360,2,1,0,161.2338189842145
train,59,14,1,0,188.46987409154525
train,2747,36,19,0,141.12478374870562
train,516,5,0,0,281.69866439167083
test,640,3,0,0,329.0196379553292
train,1478,14,9,0,256.9497958408255
test,817,2,0,0,607.7569636757927
train,5299,6,0,0,205.59912996222081
train,2573,3,0,0,420.90559321593713
val,941,3,0,0,246.71444118251569
val,439,26,26,0,112.43002146419727
test,239,32,0,0,95.9433083465186
train,321,2,0,0,634.5258230713788
train,3022,9,0,0,49.905898022196276
train,1886,1,0,0,NaN
train,341,2,0,0,744.0864518052778
test,273,7,0,0,72.06934882470067
train,4724,3,0,0,46.63157831369894
train,4027,36,10,0,110.32775310180374
test,297,2,0,0,61.29327115775046
val,902,4,0,0,450.87134863997466
train,2528,2,0,0,755.6692479756218
train,2489,1,0,0,NaN
train,4494,10,0,0,44.60076537529891
train,2321,4,0,0,290.83412642902255
train,4736,8,0,0,87.88732905653818
train,4392,9,3,0,128.5086209724732
train,796,3,0,0,709.0883327203516
train,2335,1,0,0,NaN
test,824,2,0,0,415.804375985345
train,2749,28,17,0,80.62963824758495
train,2427,2,0,0,791.2643230789871
train,128,8,3,0,232.13174921174272
val,661,4,1,0,663.9170144910667
val,1099,3,0,0,425.1173063521872
test,355,4,0,0,413.9507698091646
train,3885,4,0,0,494.96815984979304
train,5032,2,0,0,263.05813973423284
val,411,5,0,0,319.1885480402629
train,4682,4,0,0,153.65014772514897
train,2301,3,1,0,94.72289843643223
train,4747,1,0,0,NaN
train,2165,3,0,0,780.4027956485717
train,2912,34,18,0,99.5746887538956
train,4388,30,6,0,50.50199679474072
train,117,16,5,0,190.06595166968597
train,3246,4,0,0,208.13078667308827
val,23,1,0,0,NaN
train,776,6,1,0,257.5737864973236
test,511,2,1,0,587.4777735916708
train,3299,11,0,0,218.50034844840815
train,5254,3,0,0,620.2264710897888
train,2351,4,2,0,214.8101518853823
train,139,3,0,0,396.6776430313037
train,4216,7,3,0,114.12796327677077
train,3672,7,0,0,197.47381882190476
test,384,7,1,0,359.5530891777893
train,2425,11,0,0,132.3409922301468
train,2763,9,5,0,186.7724440078501
val,176,1,0,0,NaN
train,1192,11,0,0,217.13175926251597
train,5068,3,0,0,407.41576984778766
train,643,7,0,0,323.96090206136574
test,523,2,0,0,293.7211852082312
train,1126,4,0,0,382.33006523749293
train,3743,10,0,0,162.70399901878733
train,456,5,2,0,183.3939821953364
test,436,12,2,0,162.28459904752634
train,2940,3,0,0,551.5579213975723
train,4577,2,0,0,611.2618753236944
val,1163,7,0,0,273.32154900827095
train,683,2,0,0,558.6787471599112
val,253,22,0,0,85.57269827032223
train,141,3,1,0,237.80083582717356
test,513,2,0,0,891.388634076184
train,5102,13,3,0,139.43874222090307
train,1104,1,0,0,NaN
val,684,2,0,0,289.7733068192912
train,914,35,2,0,96.30390197830395
train,2847,2,0,0,821.7951823565444
train,2645,1,0,0,NaN
train,4889,13,0,0,42.57362639054825
train,1588,28,14,0,65.36136856316502
train,3863,20,1,0,71.01247437133847
train,3210,3,0,0,439.1254363670616
val,463,3,0,0,250.44997265009667
test,262,7,0,0,310.029740999391
train,5207,8,0,0,69.40374149847021
test,991,2,0,0,606.7675314979778
train,3751,36,2,0,90.47122468534144
test,317,4,0,0,408.34806368279624
val,848,32,1,0,104.40076564983862
train,1324,13,0,0,158.05729366358264
train,3599,16,1,0,227.54275379442117
test,1070,1,0,0,NaN
train,1835,6,0,0,246.00988382563162
train,1800,1,0,0,NaN
train,1379,7,0,0,220.62782743849758
train,2405,1,0,0,NaN
val,147,8,0,0,353.4359783703803
train,2966,49,8,0,83.18702360679254
train,410,3,0,0,635.4954958896641
train,1074,1,0,0,NaN
train,5176,3,0,0,729.9202589657613
val,197,6,0,0,313.7738443405485
test,822,3,0,0,458.9035679447545
train,2734,4,0,0,485.7640734170213
train,4877,18,5,0,81.63117097113476
train,2469,3,2,0,441.29393025534
train,514,5,0,0,290.0966358996178
train,3152,4,0,0,392.7398778520692
train,1864,13,5,0,96.84712068403199
train,3857,21,3,0,72.84574057871052
train,4068,23,0,0,172.99149477877833
train,3838,3,1,0,75.20802032179127
train,3041,1,0,0,NaN
train,767,10,0,0,272.8588727022709
test,1064,2,0,0,1010.9573433771099
train,4904,12,1,0,64.06986536717496
val,368,3,1,0,124.70939647065791
train,1986,13,11,0,202.83542787211127
train,3802,42,4,0,99.41386102517866
