split,image_id,n_boxes,n_pairs_iou_gt0,n_pairs_iou_gt0.5,median_nn_dist
train,1838,40,23,0,69.00724599634447
train,4842,6,0,0,243.96157484325272
val,947,4,0,0,245.50017745082758
train,2309,3,1,0,189.56595158413865
test,71,2,0,0,418.43159536535956
val,1296,2,1,0,465.16798041137787
test,989,14,3,0,135.93439730967737
test,984,5,0,0,255.41387981078867
val,1083,3,0,0,829.0024125417248
test,175,3,0,0,374.4866486271573
train,650,3,0,0,495.3708206989992
train,2952,13,1,0,68.98731767506257
val,815,4,0,0,403.1638083361224
train,2351,1,0,0,NaN
test,939,15,1,0,100.94800641914628
train,2085,1,0,0,NaN
train,562,2,0,0,397.90733845959664
train,4533,5,0,0,107.2240644631605
train,4734,5,0,0,369.23738976436283
train,1323,12,0,0,286.3627690313229
train,4901,15,4,0,95.45286795062786
train,4020,23,9,0,50.61867244406949
train,1710,4,0,0,409.24880568289393
test,499,11,10,0,62.50199996800102
test,572,1,0,0,NaN
test,594,1,0,0,NaN
train,4782,28,8,0,43.00947845791933
val,1140,12,0,0,82.22361519082617
train,4156,23,3,0,136.67936932836645
train,2235,1,0,0,NaN
train,1739,13,6,0,159.7310239120754
test,29,1,0,0,NaN
val,287,5,0,0,241.3565826738521
train,2281,3,1,0,104.00120191613172
train,2089,6,1,0,116.586877477699
train,3875,19,1,0,145.623658792107
train,1123,16,0,0,175.93701083146038
train,2908,2,0,0,615.8222146041827
train,4229,15,3,0,99.14761721796445
train,368,59,19,0,75.8946638440411
test,341,1,0,0,NaN
val,674,20,3,0,97.36657049859491
test,641,13,0,0,233.73328817265204
test,642,10,3,0,199.40909504786947
train,2410,2,0,0,567.3887556164644
train,3021,9,0,0,222.81887262976625
train,2272,18,14,0,158.6584381619837
val,1177,3,0,0,150.71247459981538
train,3362,11,0,0,235.2557119391578
test,1208,4,0,0,310.8178931488758
train,879,8,0,0,292.78815027977146
train,4858,4,1,0,431.92639484804545
val,994,3,0,0,365.31116873153496
val,1120,4,0,0,285.52404957487073
val,805,4,0,0,578.440406773442
train,3560,30,0,0,126.33784072873812
test,1202,19,6,0,43.35031718453742
train,4495,6,0,0,47.37931989750565
train,3358,8,0,0,200.90297415811472
train,1584,8,3,0,123.17162822663343
val,15,17,9,0,130.1047654776719
train,2961,6,0,0,200.24984394500785
train,4567,2,0,0,494.32479201431926
train,2717,2,0,0,623.0724275716267
test,762,7,0,0,205.11947737842937
train,2481,1,0,0,NaN
test,143,8,0,0,249.78859400909124
train,2402,1,0,0,NaN
train,2993,5,1,0,134.34656675925888
train,984,1,0,0,NaN
test,861,32,1,0,104.5
train,3406,10,1,0,166.45551164868408
train,2621,7,2,0,197.8920160087314
val,773,18,5,0,112.96993607983705
test,781,4,0,0,301.5971372872487
train,5040,4,0,0,451.6929260963126
train,1589,1,0,0,NaN
train,1848,64,46,0,51.39309292113095
train,46,2,0,0,659.0950234981296
train,3883,20,2,0,82.07387487370042
val,389,9,0,0,302.36153855938755
train,1988,6,3,0,215.52262062252305
val,841,11,1,0,170.25422168040356
test,406,21,3,0,55.285622000661256
train,4123,3,0,0,227.5
train,2564,8,0,0,438.9140208574205
train,3066,4,0,0,393.06797288883547
val,585,15,3,0,96.89685237405806
train,407,3,0,0,437.29309393129
test,358,4,0,0,182.04524746047966
test,983,10,2,0,176.644416837895
train,2927,16,0,0,74.56393793678092
val,297,1,0,0,NaN
val,498,1,0,0,NaN
val,450,18,7,0,73.78830825220194
test,331,3,3,0,25.83118270617898
train,1539,6,1,0,281.2913828354085
train,420,14,7,0,83.4810562561766
test,283,5,0,0,359.06823863995544
val,1361,12,0,0,240.18534509832193
val,185,5,0,0,380.54730323574756
test,1138,6,0,0,286.506980717748
train,3666,10,2,0,187.37226324983573
train,253,3,1,0,638.2133264042674
train,2361,2,0,0,888.7160682692758
train,612,2,0,0,1048.512398591452
train,1805,4,1,0,207.88901329026154
train,634,7,0,0,281.0097863064559
train,4808,14,3,0,112.5409479277282
train,2891,20,0,0,40.78163023233902
train,1424,17,4,0,283.425475213503
train,954,1,0,0,NaN
train,4693,3,0,0,208.94616531537497
train,1698,1,0,0,NaN
train,4954,2,0,0,948.9395396968133
val,1010,30,9,0,112.70934130667261
test,216,1,0,0,NaN
train,135,4,1,0,237.00468271752206
train,5008,10,3,0,131.9566788638793
train,4697,3,0,0,222.5589809466246
test,181,2,0,0,359.7558199668214
train,2423,1,0,0,NaN
test,751,10,0,0,278.18091489817084
train,2653,3,1,0,644.5246310266195
train,1346,53,20,0,58.345951016330176
val,1325,1,0,0,NaN
train,4384,4,0,0,322.1563111063329
val,628,2,0,0,718.0043523544965
test,1192,4,0,0,233.89579526278683
train,2292,2,0,0,742.3578988601118
test,862,44,2,0,117.55550919428694
val,953,5,0,0,264.2087243071281
val,172,6,1,0,361.63746559264655
train,2428,2,0,0,711.2429261511147
train,2005,4,0,0,427.19820713790955
train,1209,12,3,0,122.79575314639843
train,4970,5,1,0,270.8394358286843
train,3733,4,0,0,322.0286538518171
val,465,10,4,0,334.1201451572514
train,1034,25,1,0,153.57408635573907
train,1418,10,3,0,257.22967974965434
test,456,3,1,0,143.2105093908963
train,3719,14,3,0,184.9836504596385
train,3744,24,3,0,173.19125319225867
val,227,3,0,0,664.2478829473226
test,204,7,0,0,251.61180417460545
train,2230,1,0,0,NaN
train,4410,3,0,0,533.5583379537799
train,2048,2,0,0,659.8342594924881
train,4420,2,0,0,311.49077032875306
val,1295,2,0,0,1054.354067664179
train,901,10,2,0,278.9436985724308
val,662,6,0,0,123.08635180230179
train,77,43,40,0,145.60391478253598
train,3509,17,1,0,197.10022831037006
train,5071,10,9,0,176.99755847180933
train,1223,7,0,0,220.62751414998084
val,899,13,1,0,130.15855715242083
train,4028,1,0,0,NaN
train,1297,4,0,0,381.4183165026478
train,1732,6,4,0,242.53865671269807
train,3083,5,0,0,59.7599364122821
train,861,9,1,0,218.4702496908904
train,4198,3,2,0,482.58393052400737
train,4240,19,9,0,165.6479701052808
test,932,12,0,0,175.00533136088202
train,5049,1,0,0,NaN
val,553,3,0,0,307.55527958401234
test,1169,1,0,0,NaN
train,535,2,0,0,338.1124073440666
train,1552,8,3,0,84.18580640464282
test,1249,14,2,0,100.49323265357484
train,4940,1,0,0,NaN
val,397,6,0,0,345.9096006995202
val,1316,2,0,0,419.95386651393034
test,898,12,0,0,191.12822920751398
train,3747,17,1,0,112.14388079605592
train,1874,4,1,0,347.80274938965243
train,3114,5,0,0,378.9775718957522
train,3612,5,0,0,539.4036058463088
val,1215,10,0,0,100.71370313914586
test,317,5,0,0,450.7992901502841
train,4062,15,3,0,150.3146699427571
test,1212,2,0,0,651.8147743032525
train,162,17,1,0,118.17465887405811
test,589,8,0,0,333.715822220044
train,414,4,0,0,349.7208222984729
train,4395,2,0,0,155.1684568461
test,58,5,0,0,287.34343563060565
test,1102,6,0,0,223.6515146382872
train,981,4,0,0,841.2683736122515
val,385,9,0,0,275.7834295239654
train,1508,15,4,0,116.4398986602101
val,263,3,0,0,565.0035398119201
train,2213,4,2,0,214.5605032467725
train,4805,13,1,0,89.1852005660132
train,2579,5,0,0,288.2208354716917
train,5070,11,15,0,150.06082100268543
train,758,33,2,0,95.83449274660977
train,3641,13,1,0,248.7433416194291
train,4853,2,0,0,96.00520819205592
val,906,26,8,0,92.6733413190914
test,210,1,0,0,NaN
train,2359,3,2,0,401.5448293777421
train,2302,3,0,0,470.66601746886295
train,575,14,6,0,99.5025430178531
val,1294,2,0,0,974.9379467432786
train,3788,22,4,0,53.57121552033998
test,211,2,0,0,578.4126986849442
train,343,1,0,0,NaN
val,641,7,0,0,169.34358564764122
train,582,5,0,0,367.2063452610807
train,3917,29,1,0,172.57244855422317
test,1234,9,5,0,188.29896441563346
train,2537,3,0,0,315.15393064342385
train,4897,11,1,0,83.85254915624212
train,4760,6,1,0,96.6048653019091
train,4405,2,0,0,530.5101318542371
train,2734,11,9,0,202.71408436514716
train,824,5,0,0,355.5365663331973
train,4012,8,1,0,96.75138473234361
train,3791,42,10,0,59.609143593915185
train,4380,4,0,0,319.01112290246755
test,1222,32,15,0,69.74417538404192
train,4360,3,0,0,155.6092863552815
test,155,7,1,0,218.55720075074169
test,353,1,0,0,NaN
test,1225,21,19,0,71.38101988624148
train,4138,5,1,0,518.6070284907446
val,267,14,0,0,284.5039278950994
train,4483,7,1,0,57.34544445725397
val,693,8,3,0,163.74751906517545
train,3569,9,0,0,112.17062895428553
train,1690,28,20,0,89.1200025687998
train,4619,9,2,0,136.444127759314
train,1270,2,0,0,699.6659917417738
test,1117,1,0,0,NaN
train,1027,41,21,0,89.26925562588724
train,4682,5,1,0,237.93539038991236
val,1072,4,1,0,447.2801124343165
train,4714,11,0,0,66.06814663663572
train,170,8,1,0,249.27380346890556
test,1160,1,0,0,NaN
val,1196,4,1,0,63.890758318780215
val,1262,7,2,0,149.64290828502365
test,549,1,0,0,NaN
test,776,13,0,0,219.69524346239268
val,986,5,4,0,206.3492185592182
train,2727,13,0,0,49.11720676097125
train,4329,8,0,0,93.57581004969265
train,435,41,7,0,107.18675291284833
val,1330,2,0,0,272.1810059500846
train,4188,11,2,0,177.90517136946863
train,2937,22,4,0,52.48866501530751
val,1315,9,2,0,50.480194135918296
test,173,2,0,0,831.3558203320646
train,1228,7,0,0,179.1430992251725
train,2605,7,1,0,288.2416520907414
train,1482,27,13,0,53.90037105623671
train,775,5,1,0,399.900612652694
train,98,17,2,0,174.42763542512407
train,4854,5,1,0,77.5
test,1064,11,3,0,65.37010019879119
train,3155,38,8,0,40.44246133028008
test,421,12,0,0,209.57586995909975
train,38,4,0,0,273.0083342084305
test,379,9,1,0,170.511729801794
test,1094,5,0,0,83.33816652650813
val,786,8,0,0,246.8764873372918
train,1331,6,0,0,96.01692559127271
train,4342,7,0,0,67.57403347440494
train,300,1,0,0,NaN
test,1037,4,0,0,118.59637048144316
train,3948,32,5,0,113.13312251281029
test,821,1,0,0,NaN
train,3672,26,0,0,113.09162787057986
test,1096,4,0,0,284.8625948236235
train,1254,44,4,0,107.03618895435031
train,2300,3,0,0,642.6585407508408
test,9,2,0,0,457.54234776684876
train,1289,4,1,0,338.8094504785481
train,3860,19,1,0,79.7950499717871
train,3264,2,0,0,777.9384615764926
train,3326,15,0,0,112.26976440698537
val,748,9,0,0,401.58498477906267
test,695,2,0,0,289.14226602141724
train,1047,25,0,0,162.33992115311625
train,4925,10,2,0,128.6165963198032
train,1781,6,0,0,317.9716968536665
train,777,8,1,0,263.7046452697182
train,3935,42,1,0,100.20603774224385
val,528,3,0,0,328.9213431810104
test,840,4,1,0,256.8292338748064
train,3660,16,1,0,86.50144507463445
val,962,10,0,0,158.23791804918912
val,865,2,0,0,557.0143624719204
train,2591,3,0,0,642.8257928863776
test,501,4,0,0,177.81833644395402
train,4641,22,2,0,53.63754691851003
train,2922,1,0,0,NaN
val,922,41,3,0,145.45188207788857
val,1193,8,5,0,122.35481217160206
val,634,2,0,0,477.2682683774399
train,2001,5,2,0,155.58438224963328
train,1504,3,0,0,348.7871843975922
test,227,27,3,0,126.70142067080384
test,34,2,0,0,550.643487203835
val,315,7,0,0,178.50630240974687
train,4463,1,0,0,NaN
train,5007,24,3,0,87.43283136213765
train,2151,6,0,0,150.2664300500947
train,2817,8,1,0,307.94382908016115
train,4907,1,0,0,NaN
val,715,14,13,0,56.68553607402862
val,1105,1,0,0,NaN
test,959,26,6,0,136.5027219540101
test,765,10,2,0,190.50752785383207
test,138,2,0,0,918.2403007927718
test,699,3,0,0,229.0349318335524
val,112,3,0,0,602.7671606847871
train,4075,6,1,0,339.9779527223123
val,336,10,2,0,159.03495998584816
train,1284,24,6,0,112.91700491954256
val,518,4,0,0,401.1616134722457
test,166,6,0,0,313.2989786130813
train,336,2,1,0,435.8308157989749
train,2381,1,0,0,NaN
train,2439,2,0,0,335.87199942835366
val,1055,8,3,0,79.12806076228584
train,3176,17,3,0,89.44551414129162
train,4126,1,0,0,NaN
train,1240,26,2,0,153.14125267065174
train,4283,39,10,0,54.637441374939954
train,4037,7,0,0,222.9585163208618
val,969,2,0,0,91.48223871331527
test,330,4,0,0,514.8523997104469
train,2730,8,5,0,260.73626280981387
train,483,3,0,0,547.8037969930475
train,3381,13,0,0,187.8430195668713
test,643,21,1,0,169.8241737798244
train,178,24,13,0,177.49606658761058
val,595,3,0,0,733.4809131804317
train,3312,35,22,0,48.5025772511111
train,173,11,2,0,175.48361746898198
train,3449,13,2,0,122.11879462228572
train,4178,23,9,0,48.52319033204639
train,3379,6,0,0,514.5468880481156
val,1065,2,0,0,1194.8352396878827
train,5020,2,0,0,626.5341171875639
test,1215,3,0,0,447.60054736338293
test,486,20,11,0,173.91262965043862
train,5046,1,0,0,NaN
train,1896,2,1,0,580.3096156363429
train,327,29,6,0,150.5199322349037
train,136,4,0,0,486.14381473848914
train,4743,2,0,0,1040.6974824606812
val,411,58,34,0,50.30159043211258
train,3957,13,0,0,248.42906432219237
test,1153,8,0,0,102.7562307373311
test,1193,2,0,0,466.5300097528561
val,105,3,0,0,349.2978671563856
train,3352,3,0,0,371.7452084425568
val,1194,1,0,0,NaN
train,892,6,1,0,407.94641773775936
train,2664,3,0,0,314.350123270216
train,1218,24,1,0,113.86025060822517
train,2487,6,0,0,402.4030939244876
train,3336,31,6,0,57.14017850864661
test,62,4,1,0,162.85702611828538
test,135,1,0,0,NaN
test,438,9,3,0,230.14886486793716
test,1262,32,5,0,46.75467891024384
train,3389,1,0,0,NaN
val,1066,1,0,0,NaN
train,1910,4,0,0,511.2145487896316
train,4991,3,0,0,558.3245024177248
test,558,3,0,0,399.7211528053025
train,2586,6,0,0,198.40883664528846
train,1462,17,6,0,64.08002808988148
val,1062,4,1,0,201.79675092174372
test,1016,8,0,0,158.28394106555407
val,1125,8,1,0,98.02469589822212
train,1708,3,0,0,742.3291049123698
train,2415,2,0,0,573.2730588471779
test,1164,3,0,0,483.05408599865916
val,41,2,0,0,811.8152499183543
train,1922,12,4,0,55.99998432907738
train,2624,6,0,0,251.89779673510446
test,935,19,7,0,52.6806416058119
train,184,3,0,0,464.60359447597904
train,3645,15,0,0,182.5335585584196
train,1571,5,1,0,371.9250596558398
train,4719,1,0,0,NaN
train,2876,5,0,0,88.62984824538515
test,601,12,1,0,195.78539280465878
train,2948,19,1,0,79.1580697086532
test,1115,2,0,0,757.3072361994173
train,378,3,1,0,109.33091968880532
train,3766,18,4,0,62.40392615853589
train,4486,8,1,0,37.54232700424533
train,2834,35,12,0,107.68588579753616
train,4443,1,0,0,NaN
test,21,16,6,0,144.37939479206892
train,4356,8,1,0,120.06349958399697
val,1220,9,1,0,146.5127980757995
train,3736,11,0,0,192.75956526201236
train,2028,1,0,0,NaN
train,3335,23,3,0,72.8920434615466
test,1261,21,3,0,85.34928236370826
test,1165,2,0,0,686.339930355214
train,195,5,0,0,436.41637228683345
train,4113,11,1,0,74.4194195086202
train,5034,5,0,0,145.67171997337027
train,715,1,0,0,NaN
val,550,2,0,0,516.411657498163
train,993,9,0,0,328.85293065441886
train,4614,5,2,0,56.925389765903226
val,470,21,2,0,198.62842193402233
test,306,13,0,0,93.31934418972307
train,2796,6,0,0,480.28064311606903
val,1128,8,0,0,108.74589176626802
train,4196,4,0,0,385.76761472281044
train,3636,21,3,0,146.2027701515946
train,4538,6,0,0,62.86423881055414
train,951,1,0,0,NaN
train,3643,14,4,0,92.5
train,1243,16,0,0,184.04048656504506
test,47,3,0,0,663.2062273531515
train,2539,9,0,0,107.97800701994828
val,62,10,4,0,191.3720198984167
val,955,2,0,0,423.2452007997255
train,4597,6,0,0,108.584068813063
test,65,3,0,0,379.95295761449205
test,543,1,0,0,NaN
train,3945,26,10,0,108.90018365457425
train,482,4,0,0,731.3747750391835
test,61,1,0,0,NaN
train,891,13,1,0,131.18021954547874
train,4461,2,0,0,899.1552980436694
train,965,2,1,0,26.92582403567252
train,3511,13,0,0,252.72564175405708
val,731,10,2,0,332.9294219500584
val,142,20,0,0,171.82440381211967
val,963,7,0,0,182.03914414213224
train,779,7,1,0,227.9309105847647
train,3348,13,0,0,186.7839661212921
val,1223,9,2,0,98.7484177088423
test,1248,20,0,0,125.35170525022843
train,356,65,23,0,109.29432739168122
val,862,21,0,0,177.62953020261017
test,1182,14,4,0,84.64761508743197
train,1352,1,0,0,NaN
train,72,13,1,0,295.80441173180634
train,3846,6,0,0,194.06764284650853
test,1189,1,0,0,NaN
val,964,9,1,0,126.65010856687017
train,4716,1,0,0,NaN
train,2241,2,0,0,513.0443450619059
train,4456,1,0,0,NaN
train,623,5,0,0,307.8250314708016
val,750,4,1,0,663.9226122197933
val,362,10,0,0,239.17619028657515
train,3392,4,0,0,155.51905571655445
train,1899,1,0,0,NaN
train,3903,6,0,0,338.479162370458
test,1125,1,0,0,NaN
train,2673,21,10,0,181.9958790742252
train,4222,7,1,0,242.7385424690525
train,3793,19,5,0,65.30122510336234
test,986,8,5,0,238.00680862728962
train,3234,5,0,0,208.45443147124504
val,567,10,7,0,73.62508873311641
test,89,44,4,0,90.98785545725808
train,3527,18,7,0,58.91873829589523
val,1076,21,6,0,198.53085402526227
train,1727,9,1,0,281.9968971460502
train,2366,6,6,0,250.04331772367738
val,655,3,0,0,535.8127004840404
test,505,6,0,0,77.10058365537839
train,293,6,0,0,150.2167589314197
train,571,13,2,0,141.59802258506295
val,234,1,0,0,NaN
train,2814,10,0,0,250.04164037196153
train,877,10,0,0,351.62995682376703
train,685,3,0,0,198.72845795205075
train,1912,6,3,0,353.8501824546434
val,626,5,3,0,278.9646034894033
val,295,3,0,0,298.590857194255
train,2701,19,4,0,205.41178155110774
train,3265,5,0,0,409.024754752081
train,2233,7,7,0,269.1714137868284
train,4158,19,4,0,160.77468706236067
train,4740,4,0,0,343.31318303308575
train,2188,2,1,0,310.09071253425185
train,3696,13,0,0,164.5189958636996
val,684,2,0,0,750.480179618356
train,4165,13,3,0,87.86353054595519
train,4580,2,0,0,773.9974160163586
train,3203,4,0,0,505.80320438746264
test,1085,9,0,0,68.54560525664647
train,2527,7,0,0,73.57309290766564
val,245,14,2,0,228.6610961287369
train,4975,3,0,0,445.9117065070169
train,3318,14,0,0,73.49319696407281
train,87,12,0,0,124.79871989818784
train,1299,5,0,0,277.60133284982624
train,402,3,0,0,867.6119524303477
train,4226,7,1,0,209.65745872732504
val,925,24,3,0,152.8806724213365
train,4300,6,0,0,140.80216617651874
train,190,1,0,0,NaN
train,3639,16,1,0,175.26565694672604
train,652,9,0,0,228.2131678935289
train,1071,3,0,0,97.40764857032532
test,787,15,0,0,160.01406188207335
train,1861,4,3,0,407.3965474897149
val,482,12,6,0,291.94734114219983
train,4819,12,5,0,150.18380989774676
test,79,17,1,0,233.70119811417314
train,331,10,2,0,270.8161591624808
train,1366,2,0,0,507.7716021992565
train,400,6,0,0,389.0902851524309
train,4110,16,1,0,99.73590125927574
test,663,9,3,0,260.27149286850454
test,887,4,0,0,453.363013013121
val,1104,2,0,0,183.13519596189042
train,1408,15,11,0,64.1404708432983
train,3667,12,0,0,251.01792764661252
val,733,44,41,0,58.283459317728344
train,2998,10,0,0,305.26057407553765
test,621,11,7,0,271.1540152754519
train,3812,5,0,0,231.32012450281968
test,1095,1,0,0,NaN
train,2749,14,3,0,232.42687021943053
train,2818,7,0,0,349.12068114049043
val,801,6,0,0,281.5097980864159
val,541,3,0,0,991.5124810107031
train,3441,20,0,0,145.86038626085343
train,4074,5,1,0,174.7176293337338
test,37,1,0,0,NaN
train,3028,12,0,0,175.34537347760278
train,4712,17,1,0,67.53702688155587
val,1003,55,3,0,93.5200513259055
val,1139,12,1,0,62.96427558544607
val,762,21,19,0,132.7949547234382
train,97,20,3,0,172.96914277278103
train,1744,26,16,0,119.68220745131393
train,174,14,0,0,165.8750363408447
val,601,7,6,0,259.5308266853863
train,520,14,2,0,133.43371258014855
val,1286,2,0,0,560.6728101129927
val,1017,20,3,0,88.77640452282351
test,103,5,0,0,231.2671615253666
train,5061,8,6,0,183.5944538664234
train,2186,2,0,0,545.4000825082446
train,2296,4,0,0,499.624594527307
test,826,2,0,0,741.8303377457679
train,2343,1,0,0,NaN
val,779,9,2,0,126.41696879770532
train,3711,9,0,0,147.02125696646726
test,734,7,0,0,251.92310334703325
val,686,3,0,0,490.58460024750065
train,510,5,0,0,392.4299300512131
train,1083,4,0,0,408.3790539874447
train,3105,4,0,0,280.7046736318073
test,137,1,0,0,NaN
train,4111,16,2,0,65.22679499871425
train,3307,3,0,0,620.4051095856641
train,2643,18,7,0,177.50633791501645
train,2684,6,0,0,133.09395177843356
train,3977,15,2,0,187.59597543657486
train,1940,2,0,0,930.5162545598008
train,2267,1,0,0,NaN
train,1803,3,1,0,36.62308015445998
train,1234,14,0,0,168.27507242607265
train,4149,31,6,0,119.05145946186464
train,4581,4,0,0,347.06053969535515
val,895,14,3,0,113.88593013885941
test,685,5,0,0,336.92877585626314
train,1873,4,1,0,344.96999800215576
train,498,4,0,0,617.4798258391688
train,716,1,0,0,NaN
test,794,6,0,0,389.9700258532997
train,2081,3,0,0,409.2239606865659
train,3371,2,0,0,645.2451084665423
train,730,34,7,0,168.87168272954324
test,1031,18,1,0,127.08363387942603
train,2470,3,1,0,153.1216836375567
train,4670,4,0,0,304.5465702919265
train,1430,12,5,0,284.7170439466828
train,2311,11,1,0,97.52051066314203
train,1795,2,0,0,505.58480989839876
train,3543,13,0,0,170.0823330037544
val,187,5,0,0,437.0449061595387
train,1401,34,14,0,68.40070578644239
val,180,4,0,0,464.4222201113859
train,491,1,0,0,NaN
test,732,12,0,0,185.72291188757515
train,3334,21,2,0,115.78644134785385
train,4683,10,0,0,135.34076184016493
train,2681,11,3,0,105.10114176354128
val,344,6,0,0,293.8132910540298
train,4876,3,1,0,132.43866504914644
test,906,9,0,0,299.6539671020559
val,683,11,1,0,108.00231479000809
train,943,5,0,0,486.5439342957633
val,1197,6,1,0,171.94632823562023
test,469,4,1,0,480.01755513401855
train,2930,14,0,0,117.1855109906929
train,3577,13,0,0,242.43813643896868
val,348,7,0,0,458.9172038614373
train,2912,5,0,0,213.30025785263365
train,4625,7,2,0,71.06335201775947
train,4041,9,1,0,66.12866246946176
test,995,7,1,0,347.9403684541361
train,2052,3,1,0,378.14051621057484
train,3552,25,0,0,149.83073783439764
train,1548,2,0,0,240.72650456482768
train,1826,14,9,0,151.2370866456635
train,4622,10,3,0,82.97740656347365
train,48,3,0,0,382.7940046552454
train,1806,5,1,0,49.11466176204413
train,4414,2,0,0,439.2541974756758
train,4513,18,5,0,58.952165352432004
train,1012,2,0,0,332.0858322783434
train,2955,7,1,0,169.36130018395585
train,1774,5,0,0,277.1154993860863
test,535,2,1,0,38.20013088982812
train,2301,2,0,0,311.0100480691902
val,1070,3,0,0,607.6224156497191
val,440,20,4,0,96.08521037963601
test,381,4,0,0,476.05451815276217
train,978,7,0,0,218.2487113364017
train,3480,6,0,0,445.64700156065226
val,299,2,0,0,79.26695402246764
test,119,3,1,0,436.9579499219576
test,52,1,0,0,NaN
train,4209,6,0,0,437.09470647334297
train,929,1,0,0,NaN
train,2731,4,1,0,317.57859474379984
train,299,1,0,0,NaN
train,3814,5,1,0,397.2964887838804
train,2836,9,0,0,194.1043533772491
train,3410,13,1,0,278.62250447514106
train,3323,14,0,0,133.12118539135685
train,3926,18,1,0,168.11135842587203
val,1002,74,12,0,68.82041848172678
train,4425,2,0,0,611.2614007116758
test,665,19,4,0,172.27449027641904
test,874,4,0,0,123.0144340162293
val,918,26,1,0,171.27882840109737
train,7,1,0,0,NaN
train,376,5,1,0,399.7355375745319
val,1145,1,0,0,NaN
train,4836,3,0,0,281.1427573315735
train,863,11,2,0,214.04730785506274
train,2859,4,0,0,285.08706800677646
train,360,35,17,0,88.61292230820514
train,4603,15,5,0,56.890245209526036
train,736,47,8,0,93.75766635321082
train,2181,5,1,0,233.84022322945214
test,389,6,0,0,382.7940046552454
train,3653,19,0,0,151.16629915427578
test,162,6,3,0,198.62624209794527
val,956,7,1,0,113.51761977772438
train,4180,13,1,0,60.41522986797286
test,99,2,0,0,316.5193516990707
train,4968,7,3,0,104.50119616540282
train,4114,11,0,0,221.62186263994803
train,4434,6,0,0,376.90084903061705
train,1066,1,0,0,NaN
train,4019,12,4,0,49.653351166794444
train,4769,9,4,0,165.53624980650008
train,832,5,0,0,339.4675978646563
train,744,39,5,0,122.1607547455401
train,4071,4,2,0,214.72287943051327
test,944,21,15,0,64.11318117204917
test,66,2,0,0,697.2248561260564
train,3396,5,0,0,186.07592536381486
test,903,24,2,0,59.39926532411187
test,1223,23,10,0,107.79726341609977
train,2111,3,1,0,116.92732785794773
train,2689,7,2,0,328.84228742666295
train,893,7,0,0,320.00976547599294
train,1096,4,0,0,312.4188664510254
train,1230,8,0,0,277.6540515304678
train,2463,2,0,0,970.3464587455348
val,289,4,0,0,168.1693179651451
train,2263,3,0,0,635.5070809991026
train,1486,31,18,0,50.00999900019995
test,848,39,0,0,78.21285060653396
train,1268,2,0,0,527.5533148412585
train,3039,9,0,0,227.65983396286663
train,1458,31,16,0,45.89117562233506
train,3922,12,2,0,111.8905264563391
train,70,24,6,0,162.3922719836138
train,2741,13,0,0,139.52060779684126
train,2652,1,0,0,NaN
train,2698,34,20,0,131.87681518429218
test,1080,5,0,0,259.46194325950773
train,1215,7,0,0,266.37614382673235
train,2671,13,2,0,185.49191357037643
train,2262,1,0,0,NaN
train,3000,19,0,0,203.2695255073913
val,539,2,0,0,1047.2255010264025
train,2694,38,5,0,105.4442980914568
train,2506,6,0,0,141.1523999087511
train,4334,6,0,0,107.93580756810361
val,104,3,0,0,481.96109801518213
train,4518,1,0,0,NaN
train,3609,7,0,0,197.88948936211847
train,639,11,0,0,339.8028840372018
train,2450,2,0,0,989.4823141420973
train,2346,7,6,0,188.81273791775808
train,2725,7,2,0,387.2757415589053
train,4024,9,1,0,117.12920216581345
train,1363,1,0,0,NaN
train,2331,1,0,0,NaN
train,2668,19,5,0,138.86774283468426
train,4318,6,0,0,60.84650727888547
val,60,4,0,0,443.4330719870262
train,4778,13,7,0,119.70066833564464
train,2156,6,2,0,227.614806196785
train,171,4,0,0,557.0856235289003
train,1529,22,16,0,59.80343242724904
train,4583,2,0,0,482.72378230205317
train,1427,14,2,0,281.8598942737331
train,1347,54,19,0,53.68379675313443
val,1365,138,56,0,54.82928049865327
test,818,1,0,0,NaN
test,1141,4,0,0,327.8277359009695
test,814,6,0,0,367.60196741867634
test,801,3,0,0,313.10900657758157
train,4985,5,1,0,313.12138221462936
train,3395,7,0,0,92.08284313595014
train,4202,3,0,0,111.03603018840326
val,433,14,2,0,170.7351750518914
train,4867,2,0,0,374.95366380394256
train,1729,9,3,0,241.49792959775039
train,808,96,31,0,37.40285300401865
val,620,9,10,0,115.10212856415819
train,1974,5,1,0,169.3465381990432
val,218,4,0,0,492.5533353533916
val,1302,1,0,0,NaN
train,3364,8,1,0,263.53453300201943
train,73,66,69,0,96.37613185853479
train,3955,11,1,0,250.56186860733618
train,3960,17,1,0,172.40214615833528
test,386,5,2,0,339.77382182858054
train,3,1,0,0,NaN
train,3892,62,3,0,79.18547099766289
train,3163,18,3,0,65.64518392074156
train,1093,4,0,0,269.4155025559778
train,2695,9,2,0,280.40149785619906
test,749,10,1,0,151.47607071745688
train,1843,13,4,0,202.07053224060158
train,2616,8,1,0,252.4476759465067
train,2986,6,0,0,345.6837814043155
train,4728,5,0,0,125.96924227762902
train,3990,1,0,0,NaN
train,321,1,0,0,NaN
test,81,31,0,0,116.9283968931414
train,985,3,0,0,835.5909585437123
train,3104,8,0,0,237.8071600440167
val,202,3,0,0,378.038357842164
test,1233,10,6,0,159.94559694039043
train,907,8,4,0,151.747197011722
test,196,15,1,0,153.05227865013967
test,1055,2,0,0,501.7897966280303
train,2693,7,3,0,229.65299910952612
train,632,4,0,0,561.06974796638
train,1523,23,9,0,47.885279575251516
train,2547,2,0,0,844.099075938364
val,571,11,3,0,98.88377015466189
train,3737,42,5,0,99.38122325687331
train,3755,2,0,0,925.294682790299
train,3574,10,0,0,199.72105547487976
train,27,4,0,0,253.48150177811513
train,4759,11,3,0,113.4471242473779
val,329,12,0,0,185.724331778867
val,475,23,14,0,170.82886173009524
test,110,6,1,0,261.5219945570732
train,3018,6,0,0,302.07541204213385
train,2449,2,0,0,716.4462645586199
test,325,5,0,0,229.49074055394914
train,4266,14,4,0,81.1326075015465
train,166,15,2,0,213.13962559786953
test,909,8,4,0,157.8171410208663
train,2546,2,0,0,696.7325527058427
val,1298,3,1,0,443.72316820287847
train,931,3,0,0,156.43289296052797
train,1553,9,4,0,209.6503040780051
test,654,19,8,0,119.74660746760219
test,526,1,0,0,NaN
train,84,17,4,0,105.661014570181
train,154,10,1,0,186.92118069334714
test,1086,9,0,0,65.3490627323759
train,320,5,0,0,875.7225588050134
test,1154,6,0,0,255.02646921447194
val,13,16,3,0,189.52143597841905
test,1151,4,0,0,272.2084389922427
train,600,1,0,0,NaN
train,1475,44,31,0,52.11765535785354
train,4475,7,1,0,75.17978451685
train,1875,4,0,0,392.5267924041537
train,66,3,0,0,361.68114410347687
train,3202,7,0,0,392.78651962611957
train,1272,4,1,0,277.9447632410079
train,2369,2,0,0,838.5482991456128
train,179,82,5,0,75.37086057459376
train,2871,14,1,0,144.88702495392747
train,4602,10,1,0,73.99493225890541
val,520,1,0,0,NaN
train,4303,4,0,0,347.1240011194012
val,165,8,1,0,246.18336661927427
train,3313,27,11,0,70.44501401802685
train,3344,6,0,0,309.9262008930513
val,672,2,0,0,714.3364053441487
val,424,12,2,0,212.18215364319033
train,5050,4,0,0,368.13796533968696
val,448,23,17,0,71.22148552227762
train,313,21,10,0,130.6981254647518
train,3611,3,0,0,358.2251387046978
train,4654,23,13,0,59.34854673873658
test,245,5,0,0,470.1778918664722
test,808,4,0,0,345.6669177728309
test,190,2,0,0,527.7433088159432
train,3259,11,0,0,193.4696358605143
train,4661,6,2,0,53.33854141237835
train,868,7,1,0,104.1453311483525
val,1324,4,0,0,375.74556352684465
train,1514,5,2,0,151.29854592824083
train,884,4,0,0,194.40589425138347
test,334,13,1,0,87.5
train,2291,2,0,0,512.7621280866987
val,408,6,0,0,364.156559737704
train,2220,1,0,0,NaN
test,277,6,1,0,255.05888942867892
test,879,3,0,0,458.59840819610355
val,968,1,0,0,NaN
train,193,9,0,0,220.1618722667483
train,3630,15,2,0,167.33872833268455
train,3065,11,0,0,231.927251525128
val,66,3,1,0,346.4336155744705
train,3504,13,0,0,213.8369706107903
val,155,7,1,0,268.07181873520386
train,4705,12,0,0,74.82236265901295
train,2625,3,1,0,111.5437134042076
train,4588,1,0,0,NaN
train,370,3,0,0,611.6964116291675
train,507,7,0,0,451.80637445702337
train,3576,11,0,0,172.97181851388393
train,3981,22,4,0,123.02946801478092
train,910,2,0,0,953.2470823453907
train,3572,9,0,0,177.56407294269863
val,206,2,0,0,674.2842501497421
val,852,19,1,0,146.48976073432573
train,212,5,0,0,422.07019558362566
val,866,4,0,0,201.05275322836587
train,3153,16,1,0,81.10791233995099
test,803,9,0,0,282.39024416576433
val,605,6,3,0,346.83605637245967
test,1149,6,3,0,269.99639236479845
test,680,19,8,0,171.82112792087008
train,647,3,0,0,93.04837451562494
train,1450,13,2,0,227.8299804678919
val,1059,4,1,0,531.6928098280698
val,153,13,1,0,88.05963888183962
test,651,12,1,0,148.0624173360228
train,2899,3,0,0,367.26591184045384
train,2010,1,0,0,NaN
val,504,2,0,0,426.21972033213103
train,4779,17,2,0,82.00762159701988
train,3861,15,2,0,81.64710650108796
train,3625,3,0,0,375.5083221447961
train,3220,11,0,0,244.41818672103759
train,4956,5,1,0,272.0606550017845
val,328,8,0,0,225.68891750137186
val,692,8,5,0,224.3784861826474
train,3139,5,0,0,276.4172570589615
train,3845,4,1,0,502.11893408852217
test,760,11,0,0,202.36415196373096
train,3538,21,5,0,46.219584593546486
train,4408,2,0,0,293.61752331902807
train,1238,18,1,0,158.5339080449353
train,1465,29,20,0,55.78530272392541
val,819,2,0,0,542.6232578870905
train,57,8,0,0,226.796058933874
train,3833,6,0,0,218.41760460182692
test,217,3,0,0,163.51911203281406
train,970,23,2,0,122.40302283849039
train,2553,6,0,0,162.6476252516464
train,1683,3,1,0,153.8286384260096
train,596,2,0,0,627.8544815480734
test,796,14,0,0,156.40973474484377
train,797,18,1,0,178.72954428409423
train,807,35,12,0,45.54667935206693
train,2846,1,0,0,NaN
test,702,7,0,0,294.357775504572
train,3796,20,6,0,59.93276619070609
train,1405,33,13,0,58.58754133772811
train,2385,10,5,0,250.79213940232967
test,242,2,0,0,516.561951754095
val,455,28,18,0,61.316388466505245
train,228,16,5,0,191.59302222919735
train,3160,39,17,0,52.02403290787826
train,2531,3,1,0,59.188258970846576
train,1867,3,0,0,391.71035217364374
test,268,8,2,0,202.87790481120487
train,3431,15,0,0,147.53050532008626
test,159,3,0,0,185.5006738532235
train,2251,2,0,0,858.0472014988453
test,929,13,1,0,99.90495483208028
test,705,14,0,0,164.63975826026956
test,128,17,3,0,99.8624053385457
train,290,7,1,0,265.92715167880095
train,1020,119,17,0,57.11610981150589
train,3851,16,1,0,85.22948795558958
test,795,4,0,0,327.75052375450684
train,1308,14,1,0,233.52622979014583
test,691,6,0,0,309.294762322287
train,4278,23,14,0,90.11381692060324
train,2975,5,0,0,301.01494979485653
val,280,4,0,0,548.6701026554393
train,4341,7,1,0,85.86180757473022
train,4246,12,0,0,198.19003253075766
train,4390,1,0,0,NaN
train,3011,13,0,0,265.8726198765115
train,4464,1,0,0,NaN
train,302,9,1,0,128.9728653632228
train,699,4,0,0,500.13909567892654
train,4244,14,0,0,133.4879142169968
test,67,1,0,0,NaN
train,1029,51,46,0,106.18027123717475
train,766,8,1,0,366.88724425905025
train,925,6,0,0,84.23330695158536
train,2987,4,0,0,551.7274061121203
test,552,2,0,0,1015.6629608290341
val,580,28,19,0,59.464274989274024
train,4291,7,0,0,521.1921430720153
test,1099,1,0,0,NaN
val,467,10,3,0,318.2263345482269
train,913,2,0,0,938.7258652024029
train,2350,3,2,0,441.2938363494328
train,637,2,0,0,368.3890606410565
train,3700,51,3,0,76.16101364871662
train,4215,4,1,0,199.41920490212283
test,674,16,9,0,187.78661819280808
train,2328,1,0,0,NaN
test,524,1,0,0,NaN
test,273,4,0,0,341.61660610810566
train,1339,43,12,0,56.64141594275341
test,811,9,0,0,190.68363852202947
test,1091,10,1,0,59.25580140374443
val,407,4,0,0,185.00874136960024
train,4568,1,0,0,NaN
test,788,16,0,0,157.8935510518463
train,243,2,0,0,1012.6486310660771
val,677,35,31,0,50.55937104039171
train,1868,2,0,0,404.9459840521943
train,3880,19,2,0,158.66001386612822
train,1138,4,0,0,374.23244513792855
val,1277,3,0,0,503.4689662729968
train,1412,24,10,0,65.10803577314255
train,798,14,1,0,168.13746523537534
test,508,12,1,0,229.51647900262122
train,2947,19,4,0,61.72924752497798
val,1251,1,0,0,NaN
test,72,5,1,0,432.5996994913427
val,117,2,0,0,390.61553988544796
val,59,10,2,0,266.8058709908904
val,884,10,2,0,220.79763277818736
val,709,11,5,0,119.32413837945782
train,2847,35,9,0,53.150729063673246
train,4032,1,0,0,NaN
val,524,1,0,0,NaN
train,3461,8,0,0,174.98674039014617
val,119,3,0,0,416.44717552169806
test,736,14,0,0,128.9688463999379
train,4950,1,0,0,NaN
test,768,18,2,0,112.16659697157789
train,220,15,1,0,206.7685904580287
train,826,4,0,0,357.4194836890268
test,978,7,0,0,83.01355311032049
train,1052,17,0,0,204.84445318338499
test,11,2,0,0,309.7519168625111
test,214,2,0,0,558.3307711383997
train,4157,12,0,0,170.3177526943981
train,1201,10,0,0,225.96327071412423
train,1824,16,7,0,101.73504091010659
train,2973,7,0,0,106.26617523934885
train,3211,10,0,0,214.90114006212252
train,4348,5,0,0,30.103986446980738
train,3608,6,0,0,347.82480552058064
train,1700,1,0,0,NaN
val,1036,3,1,0,536.4405838487614
val,224,4,0,0,603.4532735645889
val,1245,1,0,0,NaN
val,1293,3,0,0,356.9541287056363
train,5032,7,0,0,299.54799281584246
test,116,8,1,0,370.8493629494326
test,4,11,3,0,122.6835359777342
train,4183,7,1,0,185.21878954360974
train,3007,8,0,0,219.23161268393753
test,891,12,1,0,120.37481458745962
val,115,3,0,0,381.48820427373636
val,1267,5,0,0,151.1241211719691
train,2872,53,24,0,62.54998001598402
train,2558,4,0,0,328.2054442645845
test,402,22,0,0,57.93161442036349
test,784,7,0,0,287.7572761894997
train,731,31,2,0,120.37649272179348
train,4105,22,6,0,51.712819692737085
train,2461,1,0,0,NaN
train,2015,4,2,0,174.96125588955695
train,3252,4,0,0,368.4187204291266
train,3809,7,4,0,172.89664542726098
train,2484,3,0,0,73.92563831310488
test,255,30,0,0,105.02618721061904
test,885,12,0,0,266.73816749764177
train,3027,16,0,0,152.35515658876685
train,873,14,1,0,185.39956850003725
train,1511,11,1,0,79.72609359550987
train,1013,3,0,0,365.79946692142676
train,3436,28,2,0,139.32455083574985
train,2161,1,0,0,NaN
train,2422,1,0,0,NaN
train,3887,52,7,0,67.43215357032514
test,383,4,0,0,408.0529968251766
test,463,4,2,0,550.5465268194548
train,4017,24,3,0,44.54822822734981
val,719,13,9,0,136.45237264335128
test,413,13,0,0,61.0
test,587,3,0,0,189.55803860559436
test,433,16,3,0,193.39402782919643
val,706,2,0,0,560.3307059228505
train,4723,3,0,0,95.66216598007804
test,927,18,1,0,140.20074892809953
train,3803,16,2,0,260.5882767892677
train,430,33,8,0,142.0563268566381
test,648,14,0,0,149.37899956441154
train,2222,5,3,0,30.516389039334257
train,1371,10,0,0,361.6212972950782
train,3268,5,0,0,479.4906151323506
val,904,21,1,0,131.0267148332736
val,780,9,1,0,391.75023931071183
train,1555,5,0,0,227.87112585845534
val,1005,70,9,0,97.56664389021486
val,647,2,0,0,570.0668820410461
test,254,14,0,0,242.7447218787671
train,3149,4,0,0,556.5815154244123
train,3678,10,0,0,162.3060380885443
train,462,21,3,0,126.15070352558483
test,970,4,0,0,267.24705367577883
train,3107,5,0,0,311.81765504858765
val,34,4,0,0,303.47200537200524
train,2205,3,0,0,79.33788502348673
val,728,9,3,0,247.26352339154272
train,2800,7,1,0,394.78855099913926
train,3369,5,0,0,232.39244824219224
train,4185,26,15,0,92.98850422812907
val,1338,2,0,0,297.2036338943385
train,2585,5,1,0,83.5374167663808
val,1045,6,1,0,136.34698383169317
train,2102,3,1,0,129.33000425268685
val,892,11,5,0,126.24579200908045
train,1383,7,5,0,156.50958437105376
train,5001,7,0,0,182.21210168372463
train,1667,16,0,0,230.15781068910235
train,4846,4,1,0,314.2404728228994
train,1253,44,2,0,95.54934792602748
val,972,1,0,0,NaN
val,412,13,2,0,34.15406271587613
test,802,6,0,0,242.90378753737045
train,3428,6,0,0,291.7074733358746
val,1202,10,2,0,38.926489060377456
train,4500,7,3,0,58.105507484230785
test,1121,1,0,0,NaN
train,4470,13,1,0,60.466933112239126
train,1820,13,7,0,123.20105519028643
train,1032,23,1,0,157.90265988893285
val,88,2,0,0,441.3776727475009
train,3855,10,1,0,103.11401456640121
train,1972,12,1,0,77.02596964660685
val,130,1,0,0,NaN
test,12,2,0,0,322.0423108847656
val,56,3,0,0,621.0414639941523
train,540,2,0,0,522.3564396080516
train,706,5,0,0,210.10057115581574
train,1833,2,0,0,829.1953931372267
train,4233,15,3,0,146.60576387031992
train,2893,22,1,0,39.04484601070928
train,3505,14,0,0,210.7916729763615
train,841,18,1,0,140.96985493359918
val,230,3,0,0,615.9652993472928
train,2729,9,6,0,270.2059399791204
val,593,3,0,0,648.7048635550684
train,2885,7,1,0,47.447339229929426
test,87,16,0,0,144.79235699304883
train,4613,9,2,0,75.16648189186454
train,2391,1,0,0,NaN
train,2541,1,0,0,NaN
train,4653,19,6,0,78.805139426309
train,1882,15,10,0,50.98284025042151
train,3008,16,0,0,257.96172196665145
train,3710,23,2,0,135.41510255506952
train,781,7,0,0,278.11148843584294
train,4544,3,1,0,77.89736837660179
train,1526,10,4,0,67.89698078707183
train,2176,3,1,0,128.8351660068011
val,983,3,0,0,414.93674216680307
val,427,11,0,0,228.95905747534863
train,782,10,3,0,155.5565014315418
train,2641,18,7,0,193.14502323383846
train,2032,5,1,0,299.19266368011097
val,973,1,0,0,NaN
train,922,3,0,0,139.68983499167004
train,1859,5,4,0,307.85101916349083
val,1161,3,0,0,99.35416448242117
test,689,8,1,0,230.00489125233838
val,510,4,0,0,335.74173208590344
test,996,4,1,0,271.019039799053
test,229,43,3,0,73.98986417070923
train,2858,19,7,0,179.36694232773218
train,1286,14,6,0,154.0203899005195
train,324,8,0,0,242.4204897885789
train,204,5,0,0,476.2365483664604
train,12,7,2,0,100.76333658628023
train,765,28,2,0,134.0977923177757
train,2364,3,1,0,142.05720678656186
train,2406,4,1,0,259.44232577153304
train,339,6,4,0,385.68511593871335
test,858,42,0,0,109.52282867055617
test,1077,5,0,0,224.95555116511352
train,606,1,0,0,NaN
val,109,1,0,0,NaN
val,68,5,0,0,182.00274723201295
val,259,2,1,0,46.32493928760188
test,1235,10,8,0,181.61773041198373
val,1001,21,4,0,169.23947530053383
train,3111,4,1,0,221.81530931418558
train,2793,10,3,0,218.895903980638
train,3618,5,0,0,327.9622691713179
train,4174,10,1,0,126.51679730375726
train,2127,4,2,0,72.0335193537662
train,1818,1,0,0,NaN
val,1211,9,0,0,64.92495668077107
train,4199,2,0,0,852.5881186129677
test,1226,16,8,0,103.0109217510454
train,3893,19,1,0,135.85378169193524
val,752,8,3,0,287.0873971878155
train,3038,10,0,0,193.84457721226136
train,4871,4,0,0,385.3104574172634
test,24,3,0,0,155.68236894394946
train,1827,32,19,0,108.22448034729149
train,4161,2,0,0,361.96166924137145
val,1339,4,0,0,355.36226228653913
test,878,3,1,0,73.81395532011545
train,381,1,0,0,NaN
train,1334,6,0,0,265.19760782344423
train,3226,11,0,0,174.34592051436132
train,3465,8,0,0,261.8167297939534
val,444,24,16,0,69.977526077411
train,2797,8,0,0,243.77826954131262
train,1236,14,0,0,227.09139129434212
test,684,24,17,0,127.89412260405417
train,3043,6,0,0,508.29486910137854
test,97,25,0,0,147.85127662620977
val,1162,7,0,0,171.86113580446278
train,3899,9,0,0,304.94302746578745
val,46,45,23,0,96.75355290634035
val,367,10,1,0,196.02550854416882
test,539,1,0,0,NaN
train,4905,6,1,0,164.8104972384951
test,744,12,0,0,100.40061841069421
test,1106,17,0,0,41.048751503547585
train,1298,4,0,0,517.3467443382627
train,1305,13,2,0,247.91379550158155
train,3537,17,0,0,180.38361899019546
val,1025,14,1,0,179.14981783519687
test,271,4,0,0,345.0543512937106
train,346,2,0,0,541.4886887091918
val,65,1,0,0,NaN
train,2626,5,1,0,340.11064376170293
train,2225,1,0,0,NaN
train,3489,16,0,0,153.42433500899267
train,3457,6,0,0,394.5101603469626
test,126,23,6,0,85.0411665018772
train,32,2,0,0,233.82097852844598
train,1374,11,1,0,271.5188759552455
train,4093,9,4,0,122.6234072271685
train,620,7,0,0,276.51808259135606
train,2615,2,0,0,670.2173155029643
test,22,8,1,0,204.3947403019242
train,4703,9,2,0,94.69028461251978
train,4350,2,0,0,70.94540154231281
test,971,2,0,0,402.824093122544
train,3752,2,0,0,561.749054293819
train,3143,5,1,0,259.59439516291565
train,4532,17,0,0,71.44403404063911
test,1116,2,0,0,348.1127690849619
train,4315,5,1,0,118.39024453053554
train,2224,2,1,0,156.80003188775186
train,1174,10,0,0,247.62320165929523
val,776,27,2,0,35.55980877338909
train,3186,8,1,0,53.56193626976293
train,4799,4,0,0,290.0906894111805
val,710,6,6,0,348.89539015802245
test,1124,1,0,0,NaN
test,809,5,0,0,356.11374587342175
train,1208,26,0,0,165.2469499236101
train,2444,1,0,0,NaN
train,4730,3,0,0,208.29366288968083
val,72,2,0,0,596.007550287746
test,154,10,5,0,284.3240102648236
train,1565,16,8,0,61.89663009270156
train,974,29,1,0,105.64563407921787
train,911,2,0,0,887.1027279858855
train,4411,2,0,0,372.4113988588427
train,2478,6,3,0,37.70127290417242
train,3691,37,1,0,117.4148627729897
train,4868,2,1,0,110.94705944728774
train,2074,1,0,0,NaN
val,624,3,1,0,433.44665185002873
train,1737,57,50,0,87.01293007363905
val,650,5,2,0,117.92476415070755
train,4103,8,2,0,314.66768172728393
train,3161,34,10,0,60.848171706305195
train,4802,22,7,0,63.324560795950255
train,3995,3,0,0,489.2938789725455
test,1063,4,0,0,387.22178612454144
train,769,6,0,0,307.37355123692737
val,1089,3,0,0,309.4721312170128
train,3722,8,0,0,181.7470770053813
train,697,8,0,0,240.26913414736887
train,4648,15,1,0,87.66413177577246
val,1234,5,0,0,181.05316898635053
train,393,1,0,0,NaN
test,694,4,0,0,223.95981772949347
train,1564,18,2,0,93.93478707986105
train,1267,9,6,0,51.19570294468082
val,837,9,0,0,155.50080385644313
train,411,2,0,0,598.2819151537175
train,132,8,3,0,232.13142829009604
train,2567,2,0,0,753.7111515693529
test,147,5,2,0,339.46612496683673
train,3244,7,0,0,395.2903995798532
train,4692,5,1,0,69.18092222571191
train,3055,10,0,0,238.77043705888903
train,2466,2,0,0,269.5296829664592
test,1103,1,0,0,NaN
test,1161,1,0,0,NaN
train,1900,12,2,0,161.71657305298058
train,2045,3,0,0,421.09618853653853
train,475,4,0,0,453.97503023474803
train,2126,1,0,0,NaN
train,4325,5,0,0,71.16881339463234
test,388,7,0,0,324.62478340385536
train,2130,1,0,0,NaN
train,810,67,39,0,44.384682042344295
train,1172,16,0,0,146.71826743797106
test,570,1,0,0,NaN
val,279,3,0,0,328.70959827787203
val,960,1,0,0,NaN
train,4896,16,2,0,113.55064468929807
val,17,11,0,0,223.5050335003666
test,36,3,0,0,396.4205468943304
train,1144,4,0,0,450.90233226039527
val,1123,2,0,0,459.5786113386914
train,2754,2,0,0,537.5434866129438
val,163,5,1,0,413.928133859007
train,4931,1,0,0,NaN
train,2279,10,11,0,151.28780519261954
test,924,24,2,0,152.38520269369988
val,830,21,0,0,140.30769757928465
train,437,34,4,0,87.21381771256203
train,3357,16,1,0,163.47702288991155
train,4169,13,5,0,53.92819299772615
val,1224,6,1,0,71.449282711585
test,276,3,0,0,350.64654568382673
train,4368,3,0,0,456.537238349732
val,478,11,5,0,218.47768764796098
train,272,20,0,0,179.3777302195416
train,2378,2,1,0,92.04890004774636
train,341,2,0,0,945.8568866377196
val,1340,4,0,0,346.73017800139417
val,1231,10,4,0,83.00150601043333
train,1984,7,2,0,105.21525554785295
train,1251,22,0,0,109.29179080248309
train,2107,2,0,0,758.2321544223774
val,10,11,3,0,361.4000553403389
val,301,3,0,0,383.5430223586397
train,2077,4,1,0,266.3030060587217
test,1152,5,1,0,430.5275833207438
train,2392,1,0,0,NaN
train,3301,4,0,0,392.31622272629545
train,4417,1,0,0,NaN
train,4781,33,9,0,46.71723450719231
train,202,7,0,0,357.0504166080751
train,216,13,1,0,198.00568173666127
val,1039,14,1,0,124.78825962206605
test,645,4,0,0,196.38734019825412
train,177,13,5,0,154.33162346065046
train,3249,5,0,0,212.22865028077618
val,1233,5,0,0,31.575306807693888
test,1159,6,0,0,69.00724599634447
val,995,2,0,0,849.737753662858
train,3015,7,0,0,260.7321422456387
val,828,33,1,0,120.03749414245534
train,2884,8,0,0,69.63989464281491
val,1203,11,2,0,35.92352989337211
test,1190,1,0,0,NaN
test,517,3,0,0,400.34547580808254
train,2595,4,3,0,329.7942999549775
train,4917,2,0,0,425.3577905716551
test,1036,46,3,0,78.04100732445107
test,234,82,7,0,60.14374906899463
train,2265,1,0,0,NaN
train,3869,20,1,0,90.9032113372978
train,238,5,1,0,479.72935078020816
test,721,6,0,0,212.6805115660577
val,797,2,0,0,389.50770210613297
train,2985,7,0,0,111.70161144764207
test,475,25,3,1,152.19231255224423
val,834,6,0,0,237.57156816420604
val,269,7,0,0,242.24213093514513
test,407,21,1,0,58.25160941982633
train,887,7,1,0,281.05382046860706
train,4943,3,0,0,620.7497482883098
train,137,7,0,0,169.24907680693565
train,4960,9,8,0,90.44335243676011
train,2443,1,0,0,NaN
train,2775,6,0,0,414.20383250841303
test,550,3,0,0,401.7617453167984
train,1635,17,8,0,243.22674606218783
val,249,4,1,0,207.1808356969936
test,966,4,0,0,631.0554356089207
train,904,8,2,0,113.36275062268905
train,2322,1,0,0,NaN
train,3125,6,0,0,222.74312559538174
train,2261,1,0,0,NaN
train,1404,19,10,0,80.95986660068061
train,517,8,0,0,299.2456662825325
train,729,15,4,0,171.2140473208901
train,1540,6,0,0,211.6505569221012
val,399,9,0,0,319.6412051034722
train,5014,6,0,0,356.0272297418675
test,500,3,0,0,502.8404319463581
train,4084,5,0,0,166.61107406172016
test,742,21,1,0,118.35645314050265
train,5059,6,1,0,235.16005187956563
train,318,4,0,0,314.4376876697969
train,3891,51,1,0,120.01666550941998
train,738,66,21,0,90.33628121364103
val,562,7,2,0,161.45665052886486
train,4739,4,0,0,335.5489999906651
train,4973,4,1,0,317.94427991084336
train,3451,13,0,0,158.66395305802766
val,469,18,3,0,205.43393302326422
train,3255,6,0,0,421.88416656708034
test,244,7,1,1,114.99673908420186
val,159,5,0,0,633.3965977174175
val,488,10,0,0,302.06325316388757
train,1435,12,2,0,222.6863190039288
train,4412,3,0,0,256.5345980564805
test,881,3,0,0,111.40242367201891
train,3965,25,2,0,152.48606493709516
train,4421,2,0,0,367.4568001820078
train,5072,5,4,0,264.15383775368474
val,1227,14,5,0,84.62860036654276
train,613,1,0,0,NaN
val,879,8,0,0,409.2358733053592
train,4576,3,0,0,71.43703521283621
val,961,1,0,0,NaN
train,303,5,0,0,360.33352605606933
test,519,2,0,0,661.1448404094219
train,667,6,0,0,261.4239851276084
val,1303,1,0,0,NaN
train,4830,3,0,0,484.5415358872756
test,941,9,0,0,242.90944814889355
train,2544,5,0,0,444.4482534559001
train,3303,6,0,0,284.84425569071954
val,732,23,16,0,183.8212446916841
train,2675,5,1,0,347.665428249632
train,1615,2,0,0,1068.3866341357889
train,3680,7,0,0,388.592974717763
val,144,15,1,0,202.97044119772713
train,516,5,0,0,391.7247120108712
val,116,3,0,0,402.582289724722
train,2735,17,10,0,92.72000862812729
train,539,1,0,0,NaN
test,352,2,0,0,524.9030862930795
train,1823,15,6,0,151.90951253953781
train,3314,31,14,0,58.81538914263851
train,1150,2,0,0,335.67581086518584
train,1340,41,13,0,67.41290677607664
val,1287,1,0,0,NaN
train,2786,5,0,0,367.72000217556837
train,2007,5,2,0,460.61372102880307
train,2229,1,0,0,NaN
train,2432,1,0,0,NaN
test,1163,4,0,0,294.0773300422032
train,4731,3,0,0,300.1836937610036
train,292,1,0,0,NaN
val,559,28,20,0,74.83190316057247
val,1188,3,1,0,86.61697293256097
train,2306,5,1,0,89.73572309844057
test,1025,27,4,0,72.70660217614353
train,3372,4,0,0,227.53213202022593
train,2636,4,1,0,351.25330360134126
train,4034,3,0,0,416.473288459176
val,18,24,14,0,131.1235083546614
train,4937,1,0,0,NaN
test,444,1,0,0,NaN
train,1943,3,0,0,250.44959572736389
train,1313,12,0,0,298.4161880694926
train,4525,2,0,0,511.3340395475349
val,310,3,0,0,425.2023047914957
train,1249,28,1,0,140.4865883036564
train,3811,12,4,0,146.09825247244646
train,574,10,3,0,155.02846418297642
test,773,11,0,0,264.4602994780124
train,2376,2,1,0,72.29280738773394
train,1596,2,0,0,489.89080415945756
train,4788,7,0,0,193.59752064528098
train,1666,15,0,0,182.0
train,380,3,0,0,533.9768253398269
train,1590,8,0,0,240.84619635597994
train,1434,12,1,0,247.32637052670236
train,2360,1,0,0,NaN
train,4745,3,0,0,440.8446438372593
val,428,18,2,0,185.61384646625908
train,467,11,0,0,324.2606975876047
train,1916,3,0,0,416.7136306865903
test,362,38,0,0,82.15494987639396
train,47,2,0,0,371.56459734479546
train,4815,14,4,0,150.48132408999078
train,2778,8,1,0,227.09978011081563
test,1039,11,0,0,188.52055590836773
train,917,4,0,0,75.14971847986328
train,4636,19,2,0,50.32891812864648
train,3095,5,0,0,315.671110493184
train,1221,10,1,0,180.59828107725312
val,1044,7,1,0,149.23220161881952
train,1660,15,10,0,121.00413216084813
train,2568,1,0,0,NaN
train,412,3,0,0,302.9129412884171
val,872,2,0,0,198.59506539690256
train,1597,1,0,0,NaN
train,2003,4,2,0,184.18195079591587
train,4817,20,18,0,64.32958198565436
train,3106,7,0,0,187.58531392409162
train,955,6,1,0,151.0576565596237
train,4555,2,0,0,345.00905785210915
train,4634,9,0,0,80.08901297930946
test,707,13,0,0,178.13758727455584
train,2268,4,3,0,260.1995732294655
train,1669,16,5,0,130.70515795307242
val,1171,4,0,0,523.2665900724198
train,5063,25,8,0,67.57403347440494
train,4116,19,2,0,159.46237800810573
train,182,15,1,0,181.67622299024163
train,4933,2,1,0,328.5620184987912
val,552,3,0,0,411.8507011041744
test,420,5,3,0,281.7454524921387
train,4986,3,0,0,446.6086094109696
train,83,1,0,0,NaN
train,1812,2,0,0,422.9213874941772
train,3759,2,0,0,71.48601261785413
train,2503,1,0,0,NaN
test,618,5,4,0,608.6626734078574
test,743,19,0,0,128.80702620587124
train,1829,26,34,0,113.46701096691434
train,5018,10,1,0,126.16626929272223
train,5002,17,2,0,88.09086218218096
train,2866,8,0,0,201.25347951437917
train,2832,28,5,0,130.25859586729194
train,2073,2,0,0,458.4672834565188
val,1169,9,1,0,139.97321172281502
test,19,16,3,0,226.52293732795022
train,2925,12,2,0,66.53800688046704
train,4874,1,0,0,NaN
test,1047,1,0,0,NaN
train,645,7,0,0,328.3245345690754
train,1391,3,0,0,514.369759997611
train,4939,1,0,0,NaN
train,2030,1,0,0,NaN
train,2114,5,0,0,389.51797134407036
train,3598,8,0,0,236.20347862514092
train,4171,19,0,0,72.6102609828666
train,3091,5,0,0,225.6213642366343
val,630,2,0,0,686.4125945814222
test,291,51,3,0,86.81157756889343
train,469,12,1,0,200.6211783242892
train,4339,3,0,0,601.3146015190384
train,4903,3,0,0,168.75574064309635
train,1231,17,0,0,167.77738226590614
train,2298,1,0,0,NaN
train,3498,12,0,0,167.53903639743243
train,890,7,0,0,169.44763202830543
val,902,22,5,0,141.46237886822973
val,96,5,0,0,480.69793009747815
train,4620,10,2,0,96.96303861510782
val,800,5,0,0,460.341177823579
val,458,9,2,0,298.5016750371763
val,606,3,1,0,528.0946884792537
train,167,8,0,0,284.64556317580957
val,371,7,0,0,325.97737651561033
test,195,15,0,0,173.83469158945232
train,3260,7,0,0,293.29038511345715
train,870,10,0,0,167.03667262011658
train,142,4,0,0,539.9714123460822
train,3198,3,0,0,350.24598498769404
train,749,18,2,0,189.47559209565753
train,1287,30,18,0,100.84889687051614
train,2404,6,0,0,72.85667730885784
val,167,11,0,0,180.6059245982811
train,3360,7,0,0,214.9843017524768
train,4848,5,1,0,232.71495439700476
test,102,5,0,0,334.67073370702735
train,3191,10,0,0,202.73751502866952
train,4852,9,0,0,165.04090402079117
train,4148,53,2,0,83.79289946051514
train,2199,1,0,0,NaN
train,3753,2,0,0,1293.8966342022843
train,4893,17,4,0,109.74743732771167
train,1306,19,4,0,215.95427756819265
train,2914,6,0,0,352.19701297725646
train,3804,7,0,0,182.35473670842774
train,4134,3,0,0,639.0649419268749
train,239,3,0,0,592.2313737045682
train,2798,5,0,0,153.7936929786134
test,623,5,2,0,443.1568571059236
val,506,2,0,0,215.25159697433142
train,3669,5,0,0,352.570914852601
val,231,3,0,0,599.6569852840872
train,898,7,2,0,200.44014069043158
val,1230,12,2,0,94.05151291136501
train,1077,5,0,0,434.5716281581208
train,1853,8,3,0,241.4295461083357
train,1921,1,0,0,NaN
train,3239,6,0,0,297.10814529393167
train,4094,11,6,0,103.25938214031692
train,1766,5,0,0,203.70812453115363
train,2149,1,0,0,NaN
train,2543,4,0,0,383.11886160482163
val,554,2,1,0,123.74368670764582
train,2055,5,2,0,321.50466559600653
test,290,33,1,0,122.7538186778725
train,4200,3,0,0,763.4109312814429
train,865,15,0,0,167.4044503590033
test,847,33,1,0,114.65709746893124
train,1129,7,0,0,391.97512676189035
train,494,4,0,0,396.6644772519606
test,171,3,0,0,270.1855843674862
train,1293,1,0,0,NaN
train,764,24,2,0,115.00978219264655
train,714,1,0,0,NaN
val,987,11,3,0,186.113540614325
train,933,18,5,0,221.26027656502225
train,1053,8,0,0,274.16890275967586
train,2582,3,0,0,727.1982191947392
train,607,1,0,0,NaN
train,310,16,1,0,251.1050730629176
test,344,4,2,0,172.39885858715192
train,3040,8,0,0,218.50834424651197
val,873,5,0,0,249.8049238906231
train,1593,3,0,0,223.97879363904076
train,2245,2,0,0,959.5337409387957
train,4902,3,1,0,91.46857383823145
val,477,24,12,0,160.5801980320114
val,1176,4,0,0,155.26577572292598
train,1139,2,0,0,360.9629482370732
train,1876,4,1,0,367.48303360851656
train,3914,20,2,0,191.61028156129828
train,2068,3,1,0,232.29776150449663
train,2765,7,2,0,257.0957992655656
train,2260,3,2,0,152.45327152934436
train,4501,8,3,0,96.47279942399234
train,4715,1,0,0,NaN
test,895,4,0,0,107.84387223704584
train,4364,7,0,0,281.0907326825273
train,4043,19,4,0,80.2807573457052
train,2185,2,0,0,715.8863387437981
train,2911,1,0,0,NaN
train,3620,3,0,0,251.85908758669004
train,2634,46,7,0,85.78665451027196
train,2330,1,0,0,NaN
train,3417,12,1,0,124.2427060233316
train,3305,2,0,0,277.7669886793605
test,779,10,0,0,180.05901810239885
train,1515,8,1,0,141.67620362289824
test,490,8,3,0,93.60555539069249
train,279,1,0,0,NaN
train,1237,13,0,0,268.6084510956422
train,4361,2,0,0,667.5509343862834
val,812,3,0,0,589.9637700740614
train,3477,14,1,0,97.18538984847466
train,1283,3,0,0,638.4876662865149
train,2212,4,3,0,393.04201384932674
val,1034,5,0,0,398.63830724103775
train,512,7,0,0,264.1727654395888
train,4445,3,0,0,260.5263902179585
train,2373,1,0,0,NaN
val,1200,6,1,0,158.77479814486804
test,1104,2,0,0,154.0397675926577
train,4058,8,3,0,211.3462798347773
train,3048,9,0,0,374.44492251865296
train,3257,8,0,0,179.7425798036029
train,3749,3,0,0,482.73621161044053
val,1198,2,0,0,248.41749133263542
val,1129,8,0,0,159.07095151669552
train,668,6,0,0,310.5016103017825
train,1890,10,8,0,200.4717264009588
train,1956,8,10,0,256.897322882923
train,1863,6,3,0,210.91404122673242
train,1275,4,0,0,384.60377851021826
train,2057,1,0,0,NaN
val,503,3,0,0,317.0567772497538
train,1777,7,0,0,222.52752638718653
val,402,7,0,0,328.0099083869266
train,1353,2,0,0,1061.4415904796647
train,812,13,2,0,180.56716202011927
val,1132,7,0,0,78.93826701923471
train,1332,3,0,0,664.7896283787827
train,2561,4,0,0,270.3129187593082
val,253,3,0,0,53.75872022286245
train,2781,4,1,0,567.1340193421505
train,1675,16,10,0,111.75885878336575
test,1200,2,0,0,278.25887227544064
train,3130,5,0,0,337.01780368401904
test,260,26,0,0,90.37190753731966
train,4101,8,0,0,303.3916610587707
train,2158,1,0,0,NaN
test,1231,8,5,0,123.1852727264907
test,1066,17,4,0,39.322385482063524
train,4047,24,4,0,74.00127294133321
train,3801,20,0,0,130.10764773832474
train,1464,31,27,0,50.00999900019995
val,394,4,0,0,345.0810237634526
test,1034,30,2,0,82.64237869475431
train,2323,1,0,0,NaN
val,247,15,2,0,242.69837247085115
train,3686,37,2,0,103.88575455759081
test,25,2,0,0,160.13119621110684
val,577,8,2,0,167.52959003360854
test,455,4,0,0,454.16164745988715
train,1059,9,0,0,183.559935715831
val,4,10,5,0,149.04110171358772
test,100,4,0,0,171.30624848423375
train,4449,3,0,0,423.4161664367576
train,4064,1,0,0,NaN
val,1035,3,0,0,587.7656846056939
train,756,33,1,0,148.74306706532576
train,3077,4,0,0,511.21954867018604
train,424,1,0,0,NaN
train,4963,10,11,2,110.96170510586073
train,3909,15,1,0,184.54335533960577
test,1114,2,0,0,765.383074022414
train,3006,15,0,0,243.28172968803062
train,1165,10,0,0,296.3178289393675
train,595,2,0,0,632.6067103659271
val,965,4,1,0,175.1547192018423
train,3526,30,5,0,96.18991631143048
train,979,7,0,0,428.19680054853285
test,418,23,2,0,42.101068870041765
train,4033,3,0,0,432.11572524035734
train,1487,26,7,0,78.34718185457884
train,4280,27,10,0,42.97964634568321
val,327,9,0,0,265.21783499606505
train,1428,10,1,0,259.1307583187481
train,208,9,0,0,161.38928093278065
train,1644,5,0,0,548.5036462959932
val,1096,1,0,0,NaN
train,3622,3,0,0,443.7668306667365
train,2611,4,0,0,710.6959437330559
train,4399,4,0,0,339.74239391976755
train,2691,2,0,0,809.8027537616799
train,773,4,0,0,365.7441887849807
train,4489,7,0,0,165.10375525711098
val,1232,25,17,0,58.5
train,1634,13,6,0,313.26865467199235
train,3525,27,11,0,58.23443998185266
train,4560,3,0,0,418.6051241922392
train,110,33,3,0,97.24453712162962
train,2175,2,0,0,511.1408807755451
train,4920,3,0,0,55.84129296497351
train,836,4,0,0,417.80512218920376
train,3141,7,0,0,146.24038429927623
train,4460,4,0,0,623.3298430282591
train,113,7,3,0,519.5117900490806
train,2716,9,5,0,284.0360892562774
train,4528,1,0,0,NaN
train,4038,1,0,0,NaN
train,41,1,0,0,NaN
val,216,8,1,0,235.35717537394095
train,4243,3,0,0,599.6753288238561
train,1856,2,0,0,601.8778945932472
train,2190,2,0,0,533.0902831603668
train,271,24,2,0,119.21828718783037
train,5069,21,4,0,70.0
train,2196,1,0,0,NaN
train,2726,6,1,0,377.27605166522255
train,2768,10,3,0,238.1205100040773
train,2996,8,0,0,230.78167754099212
val,110,2,0,0,650.135562786716
train,3697,13,0,0,177.00282483621552
train,4428,2,0,0,342.527371169079
train,3721,3,0,0,138.51353724455961
val,578,8,0,0,361.4895340157617
train,677,5,1,0,418.8952733082578
test,1251,4,0,0,396.52734640551466
train,1572,6,0,0,202.87869640816297
train,4775,9,4,0,187.8430195668713
test,219,2,0,0,565.514367633573
test,735,9,0,0,147.4262527503158
train,4750,3,0,0,389.15324744886817
train,1955,4,1,0,338.1188943997347
train,2170,4,1,0,497.6280497528092
test,664,9,3,0,367.5965859471494
val,509,3,0,0,530.3079294145997
val,508,7,1,0,477.7794993509035
test,682,8,2,0,175.76728991025539
train,2465,2,0,0,530.4724309518828
val,912,25,12,0,84.83218728760917
train,3088,2,0,0,262.1535809406387
train,373,8,0,0,309.7076958541952
train,1015,119,20,0,48.703182647543684
val,741,8,1,0,280.548660908448
train,222,6,2,0,177.42674544724085
train,2792,34,19,0,99.57534835490158
train,3581,6,0,0,163.09889637885354
train,1888,9,3,0,65.27059062089143
train,2066,5,1,0,310.446452709642
train,2950,25,10,0,39.319206502675
val,1207,2,0,0,770.722550597814
test,1105,3,0,0,119.63277142990545
train,3493,25,0,0,179.85341253365198
train,2429,2,0,0,690.196529982584
train,484,3,0,0,469.3980187431558
train,3681,9,0,0,227.90184290610728
train,1695,1,0,0,NaN
train,2095,5,0,0,414.472254801211
train,4717,2,0,0,713.0476842399812
train,3553,36,0,0,102.56935296643493
train,2139,5,3,0,274.7744529609694
test,731,13,0,0,246.83040736505703
train,2502,3,0,0,71.34423592694787
train,2313,2,0,0,799.442305610605
train,4806,13,2,0,79.42921376924235
train,2197,2,1,0,83.06924822098729
train,3491,34,0,0,105.66790279325738
test,266,7,0,0,309.3428518650463
train,805,37,11,0,34.48187929913333
train,2576,13,2,0,87.75676612090945
train,3269,7,0,0,305.5687320391273
train,1141,2,0,0,133.73948556802512
test,537,1,0,0,NaN
train,4013,18,6,0,63.6299828631016
train,4387,2,0,0,50.44799302251776
val,78,2,0,0,579.3384157813117
train,130,11,1,0,233.0219946700311
test,1081,4,0,0,110.94027978011162
val,126,2,0,0,490.1805789706483
train,3047,8,0,0,190.39020339676478
val,1008,20,6,0,101.19814449762804
train,3817,3,0,0,524.3484051658783
train,3999,7,0,0,410.2880085988378
train,4623,17,6,0,76.93666226188917
train,2918,2,0,0,392.50796170268956
test,339,6,0,0,422.2454109385733
test,834,3,0,0,649.8034318161147
train,3034,8,0,0,250.10332133523121
train,333,4,2,0,501.1487975512704
val,768,7,3,0,350.130332876202
val,140,10,0,0,272.8295063097684
train,4776,20,19,0,60.68009971112277
val,920,26,3,0,120.80705518123546
test,222,5,1,0,235.41665191740367
train,3158,38,7,0,51.218658203231854
train,258,4,0,0,455.63803279353897
train,1085,4,0,0,408.2705694849267
test,890,6,0,0,111.19015244166185
train,3206,5,0,0,269.14029798601325
train,2128,1,0,0,NaN
train,2519,6,0,0,402.810290794171
val,633,2,0,0,492.213876277376
test,280,10,0,0,190.64233527734598
train,4027,5,0,0,362.10633797270106
train,2116,2,1,0,254.9607812978302
train,1881,8,4,0,249.75982105041265
train,881,2,0,0,509.10141425849525
val,499,5,0,0,424.02034149318825
train,3036,16,0,0,124.66148057472269
test,287,2,0,0,429.80228012424504
train,4879,3,0,0,730.0714006177752
train,1414,23,13,0,64.0956316764255
val,588,4,3,0,433.3501358836945
train,3783,12,0,0,102.41215748142405
train,227,6,0,0,568.7659416867454
test,1131,1,0,0,NaN
train,3502,3,0,0,493.8466361128726
train,1760,4,0,0,364.59619367232585
test,142,2,0,0,702.0498557794881
val,61,7,2,0,218.54976549975981
train,4587,1,0,0,NaN
train,4662,3,1,0,78.5573039252239
train,4005,7,0,0,131.5342160808358
val,688,3,0,0,265.4373749116729
train,4,2,0,0,1132.1577849398907
train,2234,1,0,0,NaN
train,1386,4,2,0,229.81068235010991
train,3555,24,0,0,107.18066862885888
test,1043,5,3,0,269.4559333174907
train,1400,39,11,0,60.21627686929839
train,3658,6,0,0,240.29849439312056
train,2061,2,0,0,158.6544988331563
train,1705,7,0,0,339.3615328819694
train,3912,33,1,0,106.47652323399745
train,3067,11,1,0,202.02103850836923
train,183,10,0,0,181.11046352985792
test,917,14,0,0,197.10324327103473
train,2623,7,0,0,231.50647939096652
test,1150,7,0,0,152.04029071269233
val,162,5,1,0,522.0656089037086
test,1017,10,0,0,120.73317688191594
train,2132,1,0,0,NaN
train,2764,21,7,0,150.6154042586614
val,787,6,0,0,399.1021172582275
train,2312,4,4,0,245.38466438168984
train,3435,20,0,0,215.6490501712803
train,2894,23,2,0,40.718546143004666
test,553,1,0,0,NaN
test,209,4,0,0,426.12325196413616
test,318,5,1,0,298.4313153809432
val,1270,7,0,0,71.69379331573968
train,1769,4,0,0,399.11256746840036
val,1004,53,1,0,96.80005165287878
train,2848,19,0,0,205.00243900988104
train,4695,6,0,0,120.74974120055082
train,3503,9,0,0,269.87126560639985
val,454,27,24,0,72.91261893527073
test,573,1,0,0,NaN
train,1607,1,0,0,NaN
train,106,63,5,0,67.75322870535396
train,2401,1,0,0,NaN
val,742,5,1,0,261.42541957506734
train,4004,16,2,0,68.96375859826666
train,3874,20,4,0,119.66646970160363
val,802,5,0,0,253.3658422124024
val,984,8,0,0,288.3215776455569
train,506,5,0,0,392.4009429142596
train,2888,9,0,0,104.27847332982968
train,4225,4,0,0,241.5657442614527
test,106,3,0,0,243.18922673506736
train,2399,2,0,0,933.2054971976966
train,372,3,0,0,349.91320352338806
train,468,8,0,0,221.89034225967345
train,4039,10,0,0,104.03725685683
train,2084,1,0,0,NaN
test,907,10,2,0,118.7360518124129
test,122,27,8,0,102.63649448417459
train,306,13,3,0,211.29363454680788
train,426,3,0,0,533.2225145284096
test,215,3,0,0,729.6754415491863
train,1664,10,0,0,200.59513166411534
train,124,4,0,0,437.5397737118696
train,4182,13,1,0,46.502688094345686
val,121,1,0,0,NaN
test,54,2,0,0,819.4635440335342
train,104,56,4,0,98.67243789427725
train,3241,7,0,0,252.76866894455097
train,4059,5,0,0,89.27485648266257
train,2838,46,7,0,80.99691352144228
train,4480,8,0,0,117.61271771317634
train,4814,12,9,0,139.31362743035092
val,991,9,7,0,130.36966671737716
train,4877,4,0,0,264.4235317280731
train,1406,26,13,0,60.74742789423985
test,871,5,0,0,281.12497220986967
test,1260,27,6,0,52.822817039608935
test,480,14,5,0,274.9401677063569
test,1175,11,0,0,141.06027080648894
train,712,3,0,0,218.9120828095151
train,1927,6,2,0,70.4561693831572
train,451,18,9,0,185.50808607713034
train,1846,8,1,0,416.09853814158896
train,1971,7,2,0,450.85280302999115
val,1117,2,0,0,218.57950498617203
test,1181,10,2,0,105.70950761402685
test,129,17,9,0,94.50529085717899
train,456,17,6,0,167.36188335460378
val,1175,3,0,0,149.02097167848558
train,4175,10,1,0,107.39250260435793
test,405,31,7,0,34.2235299172952
test,1241,18,1,0,70.07088043906866
test,598,17,8,0,168.76759167565316
val,1113,4,0,0,344.5115065625772
train,4258,6,1,0,336.12051410171324
train,2946,32,9,0,48.72338223209248
train,2270,8,5,0,265.25903963565304
train,3026,16,0,0,152.04658379967123
val,164,4,0,0,343.36446667683765
val,1013,13,8,0,91.39201278011114
train,3528,21,1,0,84.2926449934987
train,1291,4,0,0,642.5455990940679
val,810,3,0,0,205.87860500790265
test,199,15,1,0,164.14932226482082
train,4230,13,1,0,129.05909499140307
test,592,17,1,0,193.99097917171304
train,547,5,0,0,411.03071661373434
train,2248,2,0,0,738.7545262128687
train,3135,4,0,0,423.38903795982816
train,3214,8,0,0,219.16032943943117
train,4235,16,14,0,119.87441658968824
train,4302,4,0,0,263.85709318169575
train,1413,25,13,0,66.19101147436864
train,3068,9,1,0,208.94616531537497
train,821,6,1,0,298.985158279333
train,4323,4,0,0,508.1755773068562
train,4343,1,0,0,NaN
train,1162,8,0,0,319.72102983535115
val,532,4,0,0,579.0949075268637
train,4688,6,0,0,92.91393867445294
train,3857,6,0,0,264.2115705961004
train,3407,11,0,0,207.38611332488009
train,1470,28,15,0,64.20669746996803
train,421,11,3,0,92.64178322981483
train,3782,2,0,0,618.1328740651155
train,5056,1,0,0,NaN
train,1257,30,1,0,131.1494668429499
train,1440,16,3,0,247.36370806070062
test,1203,12,0,0,55.1290546118545
train,2117,1,0,0,NaN
train,834,4,1,0,325.0311644267449
train,3447,17,0,0,143.27072275939702
val,1345,5,0,0,429.900569899599
train,3108,3,0,0,223.1014343297685
train,1246,22,0,0,159.6874589540246
train,4787,6,1,0,290.4873178246026
train,727,1,0,0,NaN
train,3282,14,0,0,199.51253093477612
train,388,3,0,0,564.8805183399406
test,131,5,1,0,386.33922917560415
train,3798,24,7,0,54.645886710667796
train,4195,11,0,0,82.46969140235703
test,298,8,1,0,232.4516511815287
train,3101,5,0,0,246.60291969074495
train,207,6,0,0,379.903450915122
train,489,4,0,0,266.55576604410544
train,288,6,2,0,183.21713704596834
train,4955,1,0,0,NaN
val,660,6,0,0,100.73976374798583
train,54,2,0,0,897.8128981029399
train,3868,8,0,0,56.948028599328694
train,4194,18,2,0,105.04879818446283
train,4911,3,0,0,229.97228093837745
train,2217,4,3,0,151.08161038179998
test,576,20,0,0,117.16140099766722
val,938,66,7,0,73.03729010494705
train,3867,23,7,0,84.17244204607586
train,4873,3,1,0,118.06777714516353
test,786,14,1,0,179.33020291118618
train,5017,6,1,0,120.60265337047937
val,123,2,0,0,336.50148588082044
val,804,4,0,0,269.50286042049964
val,1097,6,1,0,416.0276080052834
val,992,5,1,0,267.4009162287968
train,4910,2,0,0,274.16965550549173
train,2767,8,0,0,378.8492189998292
train,4008,7,1,0,68.42514157822401
val,583,27,12,0,88.23264701911646
train,886,15,0,0,198.76116320851014
train,4373,1,0,0,NaN
val,211,8,0,0,168.28494857747205
train,4677,4,0,0,349.74426526278614
train,4610,8,0,0,194.497696043018
test,70,2,0,0,549.1470659122199
val,623,2,1,0,756.230784879854
val,200,8,0,0,291.0460132823239
train,2088,1,0,0,NaN
train,2995,9,0,0,210.18622695124435
train,4974,9,4,0,214.05431553696832
train,3865,11,2,0,101.29412618705983
test,258,46,2,0,77.2886308417535
train,2321,1,0,0,NaN
train,1258,45,0,0,106.29793036555321
test,207,28,7,0,152.48366259985326
train,1107,1,0,0,NaN
val,769,39,12,0,107.33708585572836
val,1341,5,0,0,422.8197015277316
test,709,12,0,0,245.2982878048683
train,4747,4,0,0,381.5605380462585
train,2258,3,0,0,192.14707908266521
test,816,6,0,0,204.23587237619392
val,261,15,5,0,84.0907248155229
test,278,4,0,0,515.380657936917
train,4927,8,1,0,151.90344289334874
val,941,38,8,0,85.56746904684937
train,275,2,0,0,1119.917965745706
train,4506,19,7,0,53.53737012592232
train,1585,5,1,0,123.39469194418372
train,2008,4,2,0,330.33423766402825
test,1004,14,0,0,132.68004671859453
train,4929,10,2,0,112.22883842498607
test,593,2,0,0,911.0447299666466
val,326,6,0,0,457.4322354185372
train,2742,6,2,0,124.82227463116223
test,1188,3,0,0,600.400907727495
train,2247,3,1,0,632.3861557624424
train,1672,25,7,0,116.50965625217508
train,3873,20,1,0,144.4878990449006
train,3864,16,0,0,167.3225943668109
val,1060,7,2,0,147.14703530822496
train,743,36,9,0,132.28905216646905
train,4310,18,3,0,64.00195309519859
train,5021,2,0,0,171.1198410471445
test,569,3,0,0,768.1629058995234
train,4990,3,0,0,737.4442351798541
val,796,6,0,0,250.30431478502322
train,2574,8,0,0,215.64844075485453
val,939,39,10,0,104.44376477320223
train,4228,24,4,0,88.18931773268207
train,2938,25,8,0,43.846322536787504
train,1681,1,0,0,NaN
train,4926,9,2,0,179.21844213138334
val,584,19,3,0,112.09148049695838
train,2427,2,0,0,239.45041240306938
train,4003,7,0,0,164.97424041346576
test,8,1,0,0,NaN
train,3122,8,0,0,215.43580594748641
train,2942,27,7,0,57.51956188984753
test,1259,21,6,0,69.75851202541521
train,2744,42,16,0,85.69982519015008
val,195,6,0,0,399.40681825529947
train,2536,1,0,0,NaN
train,3490,20,0,0,165.873445734994
train,3306,4,0,0,235.96927640308223
train,1163,12,0,0,273.5359971493905
train,115,6,0,0,375.2525816033782
val,636,4,2,0,142.57380474425906
train,2945,25,6,0,54.03933752369657
train,3835,7,2,0,101.12615883143194
train,2841,5,1,0,357.91095261251786
train,2165,5,2,0,314.4932431706602
train,2980,7,1,0,158.50709763288205
val,1007,45,9,0,102.55973868921468
train,1483,18,3,0,54.35301279598032
train,1879,5,1,0,387.94909459876305
train,4767,8,1,0,208.97223442942743
train,4572,1,0,0,NaN
test,26,4,1,0,221.53846958597154
train,5053,1,0,0,NaN
test,714,10,0,0,86.29310517069136
train,286,2,0,0,501.50099700798205
train,1730,4,0,0,385.08171523592057
train,2718,4,1,0,214.96893937505718
train,93,19,0,0,248.21210687635687
train,1260,49,1,0,101.64767582192916
train,257,3,0,0,488.92535217556474
train,2386,10,1,0,185.82316863082494
val,161,5,0,0,469.83002245493
train,103,107,11,0,60.4648658313239
val,380,9,0,0,331.436268383531
test,1052,2,0,0,284.45430212953363
val,1012,22,8,0,85.24276464990496
val,713,7,1,0,417.4449065445643
train,2252,2,0,0,633.9481445670458
train,219,8,0,0,297.84769597900197
test,314,4,0,0,213.11406098724063
test,681,14,5,1,171.14759926095851
val,239,1,0,0,NaN
val,557,22,23,0,142.90206436577463
train,597,1,0,0,NaN
val,573,13,5,0,175.60324598366626
train,198,5,0,0,437.6345507383986
train,1747,10,10,0,245.52575266720027
train,4139,25,4,0,116.46995320682498
val,35,4,0,0,555.6197739777862
train,1999,3,2,0,196.7009150970071
train,1649,7,0,0,187.74051241008158
train,3802,18,3,0,91.75238416520848
train,811,54,25,0,51.85302350986824
val,111,4,0,0,477.52134253091947
train,2264,1,0,0,NaN
train,1642,2,0,0,744.2494541482714
val,226,4,0,0,484.33732235413675
train,3484,4,0,0,316.2728217162463
train,2034,1,0,0,NaN
train,244,3,0,0,393.888943739222
train,4338,3,0,0,51.62363799656123
train,53,3,0,0,455.1453064681652
val,370,10,0,0,191.29432782057546
test,307,13,2,0,201.7826801288951
train,538,2,0,0,509.41387888435077
train,956,1,0,0,NaN
train,793,24,0,0,164.07566774786284
train,1772,3,0,0,525.7863159117019
train,3826,6,0,0,152.3064345324911
train,4163,7,0,0,494.5111222207242
train,1786,5,0,0,200.99564671902723
train,439,49,9,0,102.40239255017434
train,2562,5,0,0,423.01891210677564
train,401,3,0,0,665.3407021970022
train,4167,19,2,0,70.36511919978534
train,4214,10,2,0,110.68002291466615
val,481,10,5,0,305.66527883963715
train,4837,3,0,0,254.66104923996525
val,582,30,20,0,47.67074574621211
val,321,8,0,0,313.6084956533294
train,4564,3,0,0,333.1369838369796
train,817,132,47,0,40.678614284036605
train,942,4,0,0,103.45694749074543
train,141,6,1,0,502.4358726345704
train,1130,7,0,0,279.9732130043873
train,125,6,2,0,82.24917815893247
test,176,3,0,0,490.87371084628273
val,1187,2,0,0,185.14993923844534
train,65,2,0,0,781.0449730969402
test,991,19,0,0,187.8223895066826
test,1078,8,1,0,48.559515013802795
train,674,8,1,0,135.92783899237523
train,2997,11,0,0,280.27887897592285
train,4932,4,1,0,327.39659468396803
train,787,17,0,0,154.68839646204881
train,1917,2,0,0,900.0312494574841
train,1665,7,0,0,255.67655348115125
test,1056,1,0,0,NaN
val,1016,8,2,0,252.25252782395444
train,3794,28,10,0,60.802960454241045
train,3419,10,0,0,245.3261071603005
train,3665,6,0,0,322.50348835322694
train,2540,7,1,0,88.78203647134931
test,212,2,0,0,757.0873463478306
train,263,2,0,0,685.962826981171
train,1703,5,0,0,318.5973163728784
val,14,20,4,0,161.35035069538577
val,464,15,3,0,196.4993638666548
test,252,35,1,0,105.46207849269803
train,846,32,6,0,133.45991139621256
train,22,5,0,0,460.6747768220005
test,436,18,3,0,201.25890291955972
test,430,11,0,0,334.40095693642985
train,3062,11,0,0,330.3392195910138
train,2294,6,1,0,240.4100663449848
test,656,23,8,0,165.36626016210198
train,2290,2,0,0,634.5589019153383
train,3508,6,0,0,313.31852801901135
train,4051,16,7,0,79.90619500389191
train,4627,21,4,0,41.72529209005013
train,392,2,0,0,928.0670773171516
train,1601,2,0,0,1058.4639814372524
train,4312,3,0,0,518.6925871843553
test,354,2,0,0,754.0154176142554
train,291,3,0,0,62.6418390534633
train,3863,14,2,0,66.47807232538024
train,3051,10,1,0,193.47000666484766
train,1519,5,1,0,110.48303037118416
train,3070,8,0,0,274.7130320898519
train,2745,17,10,0,263.43215445347596
test,753,9,0,0,256.12496949731394
train,3468,9,1,0,257.3212972142026
val,491,4,0,0,755.832964895357
train,1591,3,0,0,403.31625308187125
train,1768,5,0,0,426.5597847898932
train,3397,5,0,0,191.60375779195982
train,4881,6,1,0,94.89467845985885
val,1252,1,0,0,NaN
val,868,7,0,0,258.60877788659843
train,4077,16,2,0,83.3135965246019
test,308,35,1,0,101.62307808760764
train,3029,11,0,0,304.22072578968056
train,474,4,0,0,334.967728042089
test,767,9,1,0,262.85452250246715
train,3133,6,1,0,112.527774349269
val,1174,7,0,0,130.1623985642551
train,3616,3,0,0,86.01453365565612
val,625,3,2,0,503.9307988206317
train,1611,2,0,0,1007.504838698058
test,1100,2,0,0,349.0490653189033
test,1071,16,0,0,55.61025085359713
train,1101,21,1,0,135.09256086106296
train,741,35,4,0,105.84068215955527
train,2223,3,0,0,334.8824420598966
train,3132,3,0,0,368.7224565984556
train,750,16,0,0,168.51808057719177
test,964,17,3,0,200.65953752563072
train,4260,5,0,0,395.4263521820467
train,2418,1,0,0,NaN
test,637,14,3,0,146.50767897963573
test,323,7,0,0,166.2061972370465
test,425,8,1,0,369.6112291078713
test,347,4,0,0,274.6535767152554
test,634,12,2,0,150.00333329629711
train,3673,4,0,0,295.00405149038573
train,3084,5,0,0,422.48076879308957
train,2242,4,0,0,560.9068544182187
train,1282,5,0,0,402.4425424827748
test,697,9,0,0,166.01204775557707
test,763,9,0,0,231.37901806343635
val,651,4,0,0,195.34856079873606
train,1982,3,1,0,169.0044378115557
train,2935,23,1,0,77.20103626247513
train,1680,14,9,0,216.02394839480024
train,1179,10,2,0,108.2450922675019
train,1075,1,0,0,NaN
train,2566,18,1,0,159.43415568817116
train,663,6,0,0,417.7236275473647
train,1411,29,16,0,55.06813960903346
train,2549,6,1,0,224.62691290226113
train,4106,23,3,0,84.21698166047035
train,3597,10,0,0,215.4675149529506
test,303,3,0,0,416.84679439813374
test,595,3,0,0,340.9109121163475
train,75,58,68,0,100.96038827183659
train,283,2,0,0,313.4633152380036
train,3351,3,0,0,546.1870100981897
val,1273,4,0,0,284.94933158830287
val,1082,2,0,0,855.775963672736
train,3507,16,0,0,162.18935325045328
test,424,11,4,0,137.55816951384602
train,3245,7,0,0,261.3967291302628
val,1242,10,0,0,76.7189076580847
train,2524,1,0,0,NaN
test,415,37,15,0,40.40420770167385
train,2012,1,0,0,NaN
test,377,6,1,0,287.3673607075097
train,4454,1,0,0,NaN
test,153,4,1,0,315.59298870471036
train,4789,6,1,0,181.85824121956767
train,508,8,0,0,243.81396596585685
train,1140,2,0,0,429.7731959999367
test,18,11,3,0,306.1490649993888
train,4427,1,0,0,NaN
train,2833,64,11,0,80.10305861825752
test,177,8,1,0,273.1839986798701
test,200,17,2,0,214.52330875688077
train,1376,6,0,0,217.9954127957742
train,247,2,0,0,650.8229405913715
val,489,9,0,0,308.5611770783875
train,1886,3,0,0,516.9006190748856
train,2209,3,2,0,646.4690634516087
train,2033,7,2,0,258.6745058949567
train,4259,6,1,0,142.77692390579088
train,2407,3,1,0,147.08500943332058
train,831,3,0,0,722.5794074010136
val,594,3,0,0,663.844108206136
val,318,7,0,0,190.26297590440447
val,1110,3,0,0,427.7163195390141
train,1213,4,0,0,304.9900042302341
train,1717,17,8,0,190.58987381285502
test,1084,9,0,0,104.30723848324239
train,1185,9,0,0,371.62951981778843
train,2438,1,0,0,NaN
val,307,2,0,0,642.2600719334808
val,1073,16,1,0,264.2516403970288
val,996,4,1,0,288.63455397122215
val,1050,22,10,0,161.98231765824943
val,1158,3,0,0,118.76973520219703
train,2121,3,0,0,750.3505847268995
test,179,3,0,0,425.46915281839176
test,923,23,3,0,163.56191488240776
train,3177,20,2,0,99.41547121329033
train,2853,6,1,0,317.1423182106103
train,2659,11,0,0,362.1387855505124
train,4301,1,0,0,NaN
train,3536,27,4,0,77.50161288644256
test,1101,2,0,0,602.7569991298318
train,1752,6,1,0,178.9299949078454
train,908,1,0,0,NaN
val,952,3,1,0,109.90109189630465
train,2532,2,0,0,262.0877715575452
train,757,41,2,1,126.16754733290173
train,2525,1,0,0,NaN
train,567,2,0,0,402.6990191197391
test,1127,1,0,0,NaN
val,1155,4,0,0,341.321334967167
test,149,2,1,0,155.54099138169335
train,845,9,0,0,231.74608950314567
train,843,15,0,0,273.038916640101
val,1254,3,1,0,194.40743298546997
train,509,6,0,0,375.17629189489037
val,156,5,0,0,262.00047709880226
val,9,16,6,0,190.33749099278853
train,69,22,6,0,123.59269349358789
train,780,6,0,0,277.8560778532656
train,3795,20,1,0,70.95244886541973
train,3427,6,0,0,191.64876728014715
train,2639,23,3,0,198.04039991880444
val,1222,7,0,0,100.51119340650573
train,1042,20,0,0,108.86930316432938
train,747,41,21,0,86.62707428973923
train,1157,4,0,0,356.16695802986874
train,1176,4,0,0,346.6753870610936
train,3632,17,0,0,130.11629413720635
train,823,5,0,0,434.01296063596993
train,3750,1,0,0,NaN
val,248,3,0,0,302.1526931867396
test,870,4,1,0,73.49056609963068
test,841,1,0,0,NaN
train,4843,2,0,0,299.3902136009125
val,1172,4,0,0,399.81141866785873
val,756,15,5,0,174.15223225672418
train,232,31,1,0,126.27450257276803
train,1065,6,0,0,379.0305198785959
train,3110,4,0,0,237.31035663065228
train,3963,17,3,0,129.0087206354671
val,468,10,0,0,305.5063927343855
train,1621,1,0,0,NaN
test,726,12,0,0,148.74021020435026
train,3283,5,1,0,193.08676806037226
train,165,3,0,0,657.5731898427733
train,2433,1,0,0,NaN
train,2,2,0,0,220.62468130288596
train,3102,6,0,0,257.72562930372294
val,1335,1,0,0,NaN
train,1324,12,0,0,264.7618719025373
train,4440,2,0,0,434.26374474505695
train,4601,8,0,0,293.0209036911872
train,4952,2,0,0,266.5825388130288
train,1560,6,1,0,202.61673261581933
val,1320,5,0,0,92.9623579735368
train,1887,7,3,0,104.01562382642331
val,858,11,0,0,188.8974589559108
train,1567,9,2,0,78.50636916836748
test,1024,31,5,0,59.841457201508724
train,3448,9,0,0,264.20919741750095
val,1279,1,0,0,NaN
train,428,47,5,0,124.13400017722783
train,642,10,0,0,336.45779684538263
train,3054,10,0,0,206.67909908841773
train,169,9,1,0,152.27934856703322
val,1284,1,0,0,NaN
train,1235,22,0,0,151.57835309053942
val,1024,4,0,0,419.37623253461754
train,2011,2,0,0,353.9382008204257
test,51,1,0,0,NaN
train,134,3,1,0,93.09403847723011
train,1628,1,0,0,NaN
train,3009,24,0,0,161.7700927724275
train,3217,10,0,0,153.43158084305853
train,5055,1,0,0,NaN
train,460,6,0,0,140.57738082636197
train,1870,4,1,0,258.87823144966393
train,2269,10,5,0,344.15074590478457
val,765,35,3,0,98.7484177088423
train,3349,5,0,0,336.1487765856065
train,158,7,0,0,172.9855485293497
train,3693,14,0,0,284.18817780394437
test,48,1,0,0,NaN
train,4210,4,0,0,522.8202236871682
val,1228,8,3,0,107.35455276791944
train,3589,10,0,0,165.37813384747938
train,1947,1,0,0,NaN
train,2669,21,12,0,159.65979456331516
train,4542,1,0,0,NaN
val,204,3,0,0,409.1210089936717
val,338,2,0,0,430.1049290580149
train,2228,1,0,0,NaN
train,2844,6,2,0,306.26989731281134
train,2967,4,1,0,134.83124176622755
train,5011,7,0,0,273.32123956985123
train,906,15,7,0,164.59419795363382
train,838,19,5,0,131.0925245771093
train,2106,2,0,0,445.1755271800102
test,945,6,1,0,121.82877328447496
val,736,7,1,0,204.77121379725227
test,658,15,2,0,172.41809649801846
train,33,2,0,0,611.0861232265056
train,2080,2,0,0,463.2763753959401
train,2552,3,0,0,299.1558958135373
train,448,11,3,0,159.86244086714052
train,1211,14,0,0,170.23806859806652
val,833,5,0,0,279.6287717671413
train,1423,12,1,0,208.11578578944088
test,780,10,0,0,237.56028793355648
train,3316,21,5,0,74.62573282722254
test,1178,20,5,0,78.56885838164571
test,448,3,1,0,202.03031950675125
val,325,12,0,0,172.84612976743523
train,3704,39,4,0,93.50935782048768
train,2994,9,0,0,132.614101814249
test,410,23,3,0,42.26405091800832
train,4340,3,0,0,75.02332970483248
train,1847,54,35,0,58.039512833589114
train,3776,10,2,0,134.8301592467895
val,84,2,0,0,757.4536289437129
test,1220,16,4,0,80.19771318181954
train,3069,4,1,0,340.95360967039625
train,413,5,0,0,259.000482625033
train,4085,1,0,0,NaN
train,656,7,0,0,332.58457570969824
train,492,3,0,0,95.45286795062786
train,670,8,1,0,209.65209276322523
train,2606,2,0,0,558.0808633164194
train,143,4,0,0,511.21692686111993
test,555,1,0,0,NaN
train,3185,10,0,0,155.47890972426768
train,4646,7,1,0,40.11234224026316
train,1975,9,3,0,238.43500162518086
train,2604,10,0,0,284.39883146823865
train,4100,11,2,0,61.54063698077881
train,1794,17,5,0,114.72793905583765
train,1547,6,0,0,193.081900904485
val,345,13,1,0,171.76291800036466
test,979,17,6,0,105.741429912783
train,1626,1,0,0,NaN
train,4377,2,0,0,695.0460416404081
train,3483,3,0,0,225.17604224250857
train,4466,1,0,0,NaN
train,3557,17,0,0,163.37074401495514
train,4358,5,0,0,213.34537726419103
val,33,3,0,0,554.7165943073994
val,726,7,2,0,280.1182785895987
train,3127,4,0,0,374.6880708598057
val,377,8,0,0,322.08653247967885
test,295,40,2,0,64.6404650482784
test,541,1,0,0,NaN
test,655,9,2,0,331.80001506931853
test,667,30,3,0,185.02661904962127
train,1723,21,8,0,149.20623311376772
train,3120,6,0,0,272.378589192961
train,188,6,0,0,218.42905026575562
val,656,1,0,0,NaN
train,1217,10,0,0,295.9642925369157
test,284,18,2,0,172.5149963720126
train,935,4,0,0,199.07184641004375
test,86,64,8,0,76.45208056789645
test,1060,3,0,0,255.4530289505294
test,775,11,0,0,260.1562030780739
train,1351,3,0,0,738.502708187316
train,497,5,0,0,200.7566935372268
train,3975,10,2,0,182.552211038407
train,3780,8,0,0,126.98978728587625
train,3331,18,1,0,93.40986957286806
val,1351,16,0,0,105.46306668473783
train,2646,8,0,0,346.15377798208607
train,2274,31,11,0,90.08051953669006
test,319,15,2,0,125.5398343156466
train,1746,14,12,0,74.47314952383846
test,269,8,3,0,278.22871409326547
test,285,5,0,0,119.10499569707393
val,38,2,0,0,789.7437875665753
train,4746,4,0,0,358.3729426661276
train,580,7,1,0,215.41703739490987
train,3659,8,0,0,248.61004489345385
train,4186,19,16,0,90.97252332435328
test,312,19,0,0,182.04738394165406
test,1158,4,0,0,251.12742119824915
train,255,3,1,0,458.87797942372436
test,1224,25,10,0,80.87799453497843
train,5037,1,0,0,NaN
train,1996,6,6,0,346.9906338793599
test,1132,1,0,0,NaN
test,1010,6,7,0,112.26092597222868
train,3983,34,7,0,95.74407431742348
train,4099,6,1,0,116.07109890063073
train,4764,9,2,0,166.8547272330035
train,4966,13,14,0,108.19658035261558
val,128,4,0,0,293.6352655466725
val,974,4,0,0,215.72071782222474
train,3382,9,0,0,141.6350945210967
train,90,14,3,0,171.64643893771873
train,896,10,0,0,203.7684919306755
val,1240,9,1,0,69.39920748827035
val,1109,4,0,0,143.18139312089983
train,2249,1,0,0,NaN
train,909,2,0,0,77.46612162745726
train,968,43,1,0,99.80981915623332
val,53,4,2,0,351.4774429355714
train,2198,1,0,0,NaN
train,2776,7,1,0,248.47736315407084
val,767,8,1,0,119.05188379336708
train,5027,5,0,0,187.60663634317416
val,724,18,21,0,209.7266077539996
test,892,4,0,0,342.77589770535985
test,973,5,0,0,264.4664439962091
train,1825,11,5,0,119.25812341304051
train,1245,22,1,0,142.707372525742
test,562,1,0,0,NaN
test,63,3,0,0,435.07384430691764
train,3079,8,0,0,243.69112505932003
train,3168,22,1,0,86.73624403448943
train,5022,2,0,0,575.0169562717259
train,534,7,0,0,387.8479083352133
train,2882,10,0,0,36.124783736376884
test,259,35,3,0,83.95236744726142
test,305,12,1,0,109.83624174196785
train,4756,5,0,0,210.9460831587067
train,1748,13,14,0,202.6234191795213
train,357,83,42,0,87.50571409913755
train,2854,7,1,0,90.11242977525353
val,653,5,1,0,291.1631844859511
train,3488,18,0,0,183.0416619242734
train,630,6,0,0,602.1023200337127
train,1044,2,0,0,927.8655613826822
test,960,16,2,0,197.80623767894411
val,599,3,1,0,303.0189763034652
train,355,71,25,0,104.73418735064497
test,470,4,3,0,440.29062077306673
train,1789,3,0,0,264.2087243071281
train,444,12,4,0,132.85633354762274
train,3081,4,0,0,338.9818850653682
train,1452,10,2,0,207.68651144060397
test,769,12,1,0,105.84186317332097
train,4087,4,0,0,45.96982286287116
val,319,6,1,0,102.7277956543408
train,1300,6,0,0,375.12902689063066
train,4585,2,0,0,316.62280397975127
train,1521,9,0,0,72.0
train,2865,10,2,0,133.27133975465242
val,1311,2,0,0,905.2601835936451
val,270,9,1,0,195.12175685965929
val,979,11,0,0,277.05820688079245
test,700,8,0,0,145.85692676123813
test,343,5,0,0,390.38698748805655
train,2460,1,0,0,NaN
train,1622,1,0,0,NaN
train,1895,3,0,0,127.70473757852525
train,3253,4,0,0,265.89051745084555
test,527,1,0,0,NaN
train,3175,31,4,0,53.53503525729669
test,371,44,0,0,114.03179381207681
train,3232,9,0,0,298.0926869280761
train,1802,7,3,0,167.27596958320103
train,4757,4,0,0,306.7845062212399
test,118,9,1,0,240.0005208327682
test,185,3,0,0,506.91838593604
train,4972,7,5,0,193.16379060269034
train,3140,7,0,0,130.42430755039493
test,395,30,5,0,53.254528249840405
train,3166,14,0,0,79.11068195888593
train,2807,5,0,0,159.5501488560885
train,4665,2,0,0,35.556293395122054
train,3967,15,1,0,180.6502145030556
val,1314,1,0,0,NaN
train,767,6,1,0,323.9292364263246
train,3980,26,8,0,106.23088063270491
train,5025,9,0,0,230.9312668306308
val,942,37,6,0,115.76700738984316
train,2962,5,0,0,312.3479630156086
val,1079,14,4,0,240.26474957148235
test,649,18,0,0,84.17304885148248
test,497,3,0,0,114.58621208504974
test,620,3,0,0,817.0024479767487
train,5000,4,0,0,219.86861757313807
train,1214,8,0,0,232.51344047172842
val,435,12,1,0,194.54035409700117
test,647,6,0,0,462.1281774631404
test,771,13,1,0,140.43592845137601
train,245,3,0,0,612.0590249314195
val,1053,9,2,0,373.8696296839314
val,1275,3,0,0,476.32446924339297
train,866,13,2,0,163.51911203281406
train,3982,21,3,0,164.60027338980942
test,511,5,4,0,276.8862582361212
train,2013,1,0,0,NaN
train,2638,1,0,0,NaN
train,2696,11,1,0,266.1437581458562
train,4657,34,28,0,45.7246933135402
train,63,2,0,0,700.6605811660878
train,3604,3,0,0,682.7014354752743
test,1006,7,0,0,370.85644122759953
test,1007,5,0,0,464.607899201036
train,4825,6,3,0,67.97977640445723
val,703,7,0,0,404.21095977224564
train,369,6,0,0,347.8771334824984
test,851,8,0,0,294.3240165355323
train,3516,11,0,0,218.06936969689255
train,4668,2,0,0,666.8734887518021
train,4983,6,0,0,147.78700890132393
train,3416,6,0,0,235.4617803381262
train,4376,1,0,0,NaN
val,1000,11,2,0,266.7137979182929
train,2779,6,0,0,338.56203272074083
train,3131,3,0,0,232.2181086823334
train,3482,10,0,0,172.55964657562222
train,3991,7,0,0,418.01255961992337
test,1050,2,0,0,426.32528660636586
train,1949,5,1,0,434.00374422348017
val,914,21,6,0,110.88845746965733
train,4144,12,10,1,142.22391492720595
train,2940,17,4,0,53.48130514488217
train,3979,27,10,0,94.6810435092474
train,1273,5,0,0,85.65191182921721
train,2355,2,1,0,588.7981402823891
val,443,27,19,0,69.01630242196404
test,591,19,1,0,167.45148551147582
train,3183,17,1,0,97.37171047075223
val,1205,7,4,0,50.1422975141746
train,2493,3,0,0,556.0316987366817
train,3053,17,0,0,145.46477236774544
train,3927,25,4,0,104.90591022435295
train,578,6,0,0,366.0
train,1901,17,8,0,115.5789773271939
val,395,7,0,0,276.0235497199469
val,1135,15,0,0,80.18883962248113
train,4416,1,0,0,NaN
train,1335,8,2,0,108.51843161417327
train,1627,1,0,0,NaN
test,221,2,0,0,514.2919890490226
train,2533,10,3,0,68.30435208633662
train,1151,1,0,0,NaN
train,2934,25,2,0,77.54031209635411
val,757,22,7,0,151.821944972803
train,2572,9,0,0,310.42752777419724
test,1210,8,0,0,91.29710352449422
train,4995,6,4,0,219.98421521438047
train,2349,4,3,0,380.0973225521043
val,743,10,0,0,162.57811112404423
train,2026,9,1,0,253.85527372894973
train,1520,5,1,0,108.47349906774465
val,604,11,5,0,225.21101216414795
train,1455,8,0,0,250.08022309884046
train,206,8,1,0,203.3710063887787
train,2124,5,2,0,95.35460135724966
train,2276,8,4,0,242.1850889871832
train,185,4,0,0,518.4810325667077
val,971,1,0,0,NaN
train,3575,10,0,0,211.15774464423595
train,3599,6,0,0,180.11732287595217
val,1168,5,0,0,161.42567949369146
train,1007,4,0,0,333.90654009012917
train,4365,6,1,0,479.173704400857
train,1845,11,4,0,147.08500943332058
val,989,8,6,0,235.2191628724811
train,2038,6,1,0,205.17335054129424
train,1485,16,3,0,80.96470101573098
test,42,1,0,0,NaN
val,359,11,0,0,246.13918826550153
train,3289,5,0,0,254.568261965234
train,2603,4,0,0,309.470034306519
train,3076,4,0,0,193.5781462495708
train,3547,25,0,0,169.07099100673656
train,2000,5,2,0,257.523299916726
train,3648,36,3,0,87.27112924673314
train,4820,10,3,0,138.56857508107674
train,2571,111,11,0,52.55949010407159
train,3742,32,7,0,131.7446356284376
train,1718,23,11,0,176.50070821387658
test,150,2,1,0,375.83540280287593
train,867,6,1,0,238.1648588688096
val,808,5,0,0,259.71234086966297
train,4232,15,2,0,76.78704317786953
train,3773,10,1,0,149.07650867911846
train,391,2,0,0,348.04776970984886
train,1682,1,0,0,NaN
val,350,21,0,0,161.1839011812284
train,2324,1,0,0,NaN
train,486,5,0,0,600.7803259095624
train,1480,25,8,0,59.85398900658168
train,617,8,3,0,125.3412706111628
train,4389,1,0,0,NaN
train,3951,63,13,0,63.02578837269709
test,1211,8,0,0,69.58234850569089
train,2968,2,0,0,449.9355509403541
train,2990,4,0,0,190.47155725673872
test,450,2,0,0,1012.9887709150581
test,761,10,0,0,215.40252211105545
train,4784,22,6,0,73.56155192815636
train,1250,18,1,0,181.06904760339356
train,1436,17,7,0,201.64944830075783
test,638,11,1,0,180.589313083582
train,591,3,0,0,203.05479556021325
train,1987,1,0,0,NaN
train,455,7,1,0,114.30004374452356
train,2840,3,1,0,544.2501722553701
val,238,3,0,0,471.4875396020557
train,1166,8,0,0,253.525902339921
train,2240,1,0,0,NaN
train,2354,12,10,0,113.65981983872041
test,275,3,0,0,283.4805989834225
train,1957,6,5,0,186.68489494332422
val,430,16,1,0,197.90022738743883
train,4204,21,0,0,125.00399993600205
train,1713,2,0,0,601.1842479639665
train,3642,20,0,0,112.91320528490962
train,4547,1,0,0,NaN
val,774,11,0,0,156.7322557739791
train,1952,3,1,0,374.53604632932195
val,1301,1,0,0,NaN
train,2206,1,0,0,NaN
train,1779,5,0,0,426.92885824221344
train,2578,1,0,0,NaN
train,4770,9,4,0,115.02717070327341
train,2640,10,5,0,267.4906540423422
train,912,1,0,0,NaN
test,993,7,0,0,328.1512608538934
train,829,5,0,0,398.9965538698298
test,677,28,5,0,92.11405973031478
val,803,4,0,0,388.5970562944577
train,3116,6,0,0,281.07541042507876
train,4628,27,7,0,42.58227330709341
val,169,4,0,0,411.2257050644183
train,50,1,0,0,NaN
train,573,19,8,1,114.76933388322858
train,3059,13,0,0,259.01447835980133
val,409,6,0,0,242.54999484642337
train,3919,12,0,0,123.74950438040116
val,311,18,3,0,164.51769331240598
train,3933,57,3,0,81.54140052758476
train,1064,4,0,0,369.05301913145485
test,899,10,0,0,207.1464663184659
val,240,1,0,0,NaN
train,4396,1,0,0,NaN
test,1236,24,2,0,77.6659513557904
train,466,15,3,0,104.03965590100728
train,962,2,0,0,939.9900265428352
train,366,23,4,0,144.50346016618425
train,289,4,1,0,531.9879928585048
train,1046,12,0,0,173.3655451783202
train,2339,2,0,0,1218.3546281768704
train,1009,3,0,0,300.57694522368143
train,4107,24,2,0,135.2517839248571
train,3365,5,0,0,459.245304820855
train,2377,2,1,0,79.19911615668448
train,851,42,39,0,107.15345382429987
val,480,10,3,0,250.0755282868654
test,586,7,1,0,282.0248216026384
train,2317,1,0,0,NaN
train,4551,3,1,0,46.57520799738848
train,3151,3,0,0,439.56370414309686
train,3343,14,2,0,85.1746364740184
train,2464,3,0,0,418.86662555042506
test,272,4,0,0,368.5463339371314
train,3236,8,0,0,219.2568856267366
train,1378,2,0,0,726.3642337009718
train,1839,14,4,0,179.55639782530724
test,1176,14,1,0,107.24288158960802
val,1249,5,2,0,151.72096097771066
train,394,8,4,0,351.04892462693476
train,493,2,0,0,460.7757046546617
train,487,15,2,0,104.03124530639822
train,4790,11,2,0,142.58769231599197
train,3670,5,0,0,520.6104589806087
train,4882,3,0,0,93.88956278522123
val,721,6,0,0,306.1180327912748
train,1315,6,0,0,232.01346943658248
test,738,12,0,0,149.38038693215384
val,392,7,0,0,280.9684145949505
train,1336,3,0,0,160.66891423047582
train,4655,21,13,0,62.56596518875099
test,1185,9,0,0,111.28791488746656
val,1074,9,0,0,280.4460732476032
val,898,17,8,0,119.75391434103521
train,4798,7,0,0,97.0012886512339
val,1289,2,0,0,454.2818508371207
train,4212,9,2,0,114.00438588054409
test,1130,1,0,0,NaN
train,1036,38,10,0,124.97955805712054
train,982,3,0,0,254.159398803192
train,1811,2,0,0,426.0428382216981
train,3010,16,0,0,294.33946834307125
train,3777,2,0,0,1132.0715525089392
val,55,4,0,0,472.8115606780351
train,1950,7,3,0,292.0295361774216
test,492,3,0,0,493.9466064262412
train,1796,2,0,0,503.2951420389432
val,668,6,0,0,407.627521984588
train,4522,8,0,0,113.57060723670185
test,619,6,1,0,226.85934879959774
val,1327,5,0,0,152.55244999671424
train,1484,12,3,0,75.66904085150392
test,113,7,1,0,497.30398148416225
train,1447,16,3,0,152.56877847221213
val,415,12,2,0,96.3699529339293
train,799,11,0,0,226.5242812592063
train,2178,2,1,0,356.74395580023497
test,1179,13,1,0,145.13528172019372
train,4727,5,0,0,181.00276240985937
train,2511,3,0,0,269.0283442316069
train,1851,5,2,0,382.04711751301045
val,355,26,5,0,102.83256146409472
train,133,12,2,0,203.15757431117353
train,2039,2,1,0,186.2592279593148
train,915,1,0,0,NaN
train,500,5,0,0,538.9223042331798
train,513,5,0,0,456.50766696737963
test,146,10,1,0,271.8175168859218
train,3699,22,0,0,174.05817992843657
train,4978,4,0,0,466.08164401846
test,1051,1,0,0,NaN
val,1276,2,0,0,885.2945837403503
test,1079,11,1,0,57.063561052566634
train,1169,12,1,0,145.62565882111625
train,1550,7,3,0,29.53811097548386
train,1797,7,5,0,56.519907997094265
train,2976,5,0,0,277.7431367288848
train,223,7,0,0,629.0367636315067
test,646,4,0,0,149.495290403536
train,2179,3,0,0,168.90825912311098
train,1933,4,0,0,460.31595102960955
train,1432,12,2,0,280.7832443394874
val,543,1,0,0,NaN
train,1466,26,13,0,60.813236988145896
val,878,7,0,0,441.3275427616092
train,1425,13,0,0,256.2581706014464
train,4851,2,0,0,575.7586299830858
val,1368,11,5,0,197.0101520226813
test,1209,5,0,0,163.90927368517012
train,2732,9,4,0,353.2368185792642
train,3113,7,0,0,244.55878638887626
train,4319,7,1,0,82.96083413274
test,375,8,1,0,282.546743466758
train,76,41,21,0,121.36927123452625
train,1828,20,30,0,55.019326694168775
test,246,4,0,0,530.1828903369183
train,3464,6,0,0,304.52693558879866
test,1059,2,0,0,902.8545010133139
val,657,1,0,0,NaN
train,1181,12,0,0,223.35285984289524
train,1753,8,1,0,34.655446902326915
val,304,3,0,0,37.33630940518894
train,1563,3,0,0,123.30551488072219
train,1773,5,0,0,277.50495491071865
train,2510,1,0,0,NaN
train,4397,2,0,0,98.08159868191383
val,813,6,0,0,207.246833510189
train,3401,3,0,0,189.45316043814103
train,590,1,0,0,NaN
test,454,2,0,0,867.3328369201756
train,4794,11,1,0,138.51443968048963
train,4582,2,0,0,269.615466915383
train,4143,22,5,0,169.77078541739013
val,374,7,0,0,326.1383908711147
test,882,4,0,0,215.45894621927613
train,2155,1,0,0,NaN
val,316,12,0,0,274.7613820079953
train,624,9,0,0,226.09345412903932
train,4543,1,0,0,NaN
train,4168,12,0,0,172.94970735130198
test,720,10,0,0,292.8995402460899
val,1126,13,5,0,47.60514678057405
train,3512,7,0,0,121.87083326210583
train,1500,2,0,0,531.6862326598273
test,602,28,18,0,82.05083228101165
test,877,8,1,0,256.651085165661
train,282,1,0,0,NaN
test,491,7,8,0,56.40257086339239
train,4526,2,0,0,36.87817782917155
train,3152,5,4,0,50.766622893393254
test,554,1,0,0,NaN
test,1005,8,0,0,183.04371062672436
test,340,5,2,0,131.14591110667538
train,4890,4,1,0,92.49421690758072
test,488,13,4,0,110.96170510586073
train,2642,25,11,0,153.9326151275291
val,266,14,4,0,181.13116794190887
test,565,2,0,0,827.1423698493506
test,610,4,1,0,334.1769493259292
train,939,11,0,0,235.7122186056548
train,5067,18,3,0,78.85746635544412
train,2666,26,10,0,146.01369798755184
train,3931,37,0,0,112.13496332544993
test,698,1,0,0,NaN
train,3142,5,0,0,237.7104330903463
test,551,3,0,0,652.5383130514253
test,985,4,1,0,489.0613211207027
train,1302,5,0,0,349.97035588746655
train,2522,1,0,0,NaN
train,2842,11,3,0,242.00206610688264
train,2551,22,0,0,45.14553358083996
train,4419,2,0,0,280.3680616618091
test,392,6,0,0,261.5530538915575
train,1960,7,1,0,581.6014528867685
test,350,2,0,0,331.5
train,2820,7,2,0,262.3761612647003
train,4519,1,0,0,NaN
test,366,98,7,0,70.77892037785948
test,186,1,0,0,NaN
train,4316,1,0,0,NaN
test,462,5,2,0,295.0466064878564
val,213,12,0,0,307.5442190424242
train,2384,10,4,0,199.6899415597549
train,2557,1,0,0,NaN
val,617,2,0,0,394.53295172900323
train,2752,3,2,0,211.80415482232638
val,429,15,2,0,198.05112976198848
val,372,7,0,0,307.71618416976384
train,3486,3,0,0,235.8145457769728
train,2403,4,0,0,128.50328964947346
val,1114,3,0,0,445.9439426654431
train,1368,21,8,0,159.12337980322062
test,507,5,1,0,401.9259882117602
train,1759,6,0,0,181.57004620974516
train,1842,12,2,0,208.56781413772168
train,579,7,0,0,321.7335854398791
train,4810,15,10,0,74.17715281675349
train,307,5,0,0,368.2977735474381
test,73,2,0,0,630.6671071175347
train,4818,23,27,0,71.5629093874753
test,459,2,0,0,1034.0349365471168
val,1348,20,1,0,45.8530260724415
test,713,13,1,0,176.7830591431204
test,453,2,0,0,964.283153435753
train,2509,2,0,0,1044.6550866195023
train,1706,2,0,0,594.6648215591704
train,4751,5,0,0,423.86141603123065
train,4875,3,0,0,277.5004504500848
train,2660,7,0,0,445.3246007127834
train,3466,5,0,0,280.2931501125206
train,3319,19,2,0,75.82380892569299
train,3971,8,1,0,185.38878085389575
val,880,12,2,0,176.51133108103852
train,2394,1,0,0,NaN
val,441,23,8,0,83.0451684326066
test,329,4,0,0,532.3406915563382
train,1394,3,0,0,503.63106536432
val,764,101,51,0,55.986605540968455
test,703,13,0,0,232.60105330801923
train,4135,2,0,0,555.3847765288494
val,1028,6,1,0,475.5318075586532
train,2446,16,23,0,31.4837825311649
val,1323,2,0,0,764.8699235817813
train,2719,7,5,0,288.1397230511614
train,2125,4,0,0,101.63173821040608
train,1125,5,0,0,354.66075339682004
train,1147,4,1,0,118.1945522825014
train,4392,6,0,0,72.88689868556625
test,399,52,14,0,52.100863716449076
train,4891,5,1,0,173.14300447895664
train,89,23,9,0,99.60045180620418
train,801,19,5,0,114.02192771568107
train,1505,14,6,0,63.4448579476698
train,350,6,3,0,333.03354833983474
train,905,14,2,0,150.1124951726654
train,2505,1,0,0,NaN
train,1679,13,5,0,353.1925820285585
test,597,5,0,0,374.138009296035
train,464,17,1,0,155.59562975867928
test,613,3,0,0,450.556600217997
val,1131,10,0,0,95.50916186418976
train,2293,1,0,0,NaN
train,4313,3,0,0,522.7678739172866
val,6,18,2,0,223.7547579922607
val,883,8,1,0,228.25054775552172
train,3593,7,0,0,340.3913189257329
val,663,1,0,0,NaN
train,2278,1,0,0,NaN
train,3764,11,0,0,145.31431450480025
train,4117,16,1,0,151.1622585036851
train,4474,6,1,0,193.20030046620448
train,4108,8,0,0,105.64835366905122
test,1253,3,0,0,474.69832525510344
train,1536,13,2,0,128.40560735419618
train,99,74,8,0,73.25846262940883
train,2040,4,0,0,167.12141972236344
train,2133,5,4,0,300.65470227488544
train,4023,3,0,0,376.7973593325728
val,775,21,11,0,203.1704949051412
train,2409,1,0,0,NaN
test,652,15,4,0,211.14213222377006
train,1638,5,0,0,333.45764348714516
train,961,3,0,0,226.32830136772554
train,2455,2,1,0,224.66252468981114
train,2760,4,0,0,333.9095229101963
train,3196,7,0,0,123.42811673196671
val,37,3,0,0,228.27012507115336
val,396,6,0,0,300.88035537799414
test,92,37,5,0,94.74835090913193
train,71,24,10,0,135.04166023860932
train,224,13,2,0,194.81273059017474
train,816,69,24,0,54.646591842492796
train,2372,1,0,0,NaN
val,1031,2,0,0,634.9523604176931
test,710,13,0,0,178.38791999460054
train,1158,7,0,0,72.31355336311444
train,2451,5,0,0,234.81535299038688
train,724,1,0,0,NaN
train,4710,9,0,0,141.28871150944792
train,3853,27,0,0,137.98278878178974
train,3520,16,0,0,179.61078688534786
train,4018,12,3,0,55.056788863863105
train,3821,6,0,0,413.8341059518591
train,3554,40,2,0,95.76398362095298
test,434,10,0,0,248.8334890773299
val,763,66,28,0,65.85020880756568
train,3858,11,2,0,89.70646576473739
train,2148,1,0,0,NaN
val,1043,22,2,0,66.33261371509721
val,1098,3,0,0,56.625965775428504
train,822,8,0,0,321.3335150639116
val,627,1,0,0,NaN
train,4584,2,0,0,441.16323509558225
train,2674,29,30,0,157.57696532171192
train,51,1,0,0,NaN
train,742,40,3,0,126.02970776983139
val,268,8,0,0,294.96101437308624
val,479,17,2,0,184.58873205046942
train,296,2,0,0,1065.610153855527
train,1168,9,0,0,356.70190635879703
train,732,31,10,0,90.76618313006227
train,2474,26,15,0,80.21043272943663
train,4605,7,0,0,195.31640996086324
test,1239,7,0,0,287.06314636330455
train,3087,4,0,0,290.16817150033984
val,507,3,0,0,158.67577004697347
train,1108,19,7,0,138.62629620674426
val,665,3,1,0,166.00752994969838
train,5044,2,0,0,825.0128786873572
val,283,1,0,0,NaN
test,1216,4,0,0,367.8958723911516
train,3813,10,3,0,183.59513152640082
train,1118,9,0,0,158.14234094637652
train,654,7,1,0,301.0664378505183
train,4994,2,0,0,553.8312017212464
test,724,19,0,0,151.5
val,67,2,0,0,563.1964577303377
train,1980,2,0,0,500.61761854733
test,1000,6,3,0,238.1954613468816
train,990,17,0,0,175.8728233696156
test,30,2,1,0,166.65908316080464
train,614,1,0,0,NaN
train,3324,16,0,0,73.28924522384504
test,883,4,0,0,113.7838944442004
test,777,4,0,0,418.40590240116745
train,2770,8,1,0,231.524127018125
train,1573,7,1,0,175.41379649275024
train,4906,4,1,0,128.8124556146121
train,1311,11,0,0,256.4103157051214
train,122,12,3,0,108.23755100878034
train,3064,13,0,0,199.68099559046675
train,1612,2,0,0,1027.686357795996
train,2078,3,2,0,192.1125971923757
val,698,5,2,0,567.8067452927977
val,99,8,0,0,196.82712638995923
test,338,5,1,0,168.87643411678255
train,4701,10,0,0,132.44329139000786
val,285,5,0,0,227.20970489836037
train,2956,12,0,0,179.61069010501575
train,1962,13,6,0,274.38339964363735
train,748,14,1,0,104.70508738718652
train,4492,4,0,0,153.64979012628828
train,2383,1,0,0,NaN
train,1342,47,22,0,65.13447627792827
test,1143,2,0,0,486.1116126981539
train,1398,27,19,0,49.23921201644072
train,1623,1,0,0,NaN
train,2259,2,0,0,612.5659148206012
test,575,35,13,0,41.512046444375635
val,1212,5,0,0,98.06375477208692
train,2971,5,0,0,539.6072645915731
val,725,21,13,0,81.12490369793976
train,151,17,3,0,159.20113064925135
train,1387,4,1,0,494.3185918813456
train,20,2,0,0,435.29530206516125
train,1409,24,12,0,61.04215521220243
train,2843,2,0,0,718.5140917198493
train,2773,3,0,0,228.2509583769584
val,148,23,1,0,98.0624800828533
train,2746,30,21,0,148.8438053081191
train,4962,8,7,0,144.90169081139115
train,2535,1,0,0,NaN
val,1112,2,0,0,333.32341651915186
train,3469,6,1,0,295.0648092019961
val,600,5,2,0,436.2754290582957
train,2388,2,0,0,819.4354764104371
train,860,14,1,0,264.56095705904903
train,594,1,0,0,NaN
train,1222,7,0,0,200.53989628001705
train,837,3,0,0,262.62235243786847
train,1491,27,10,0,53.051861418804144
train,549,6,0,0,281.96263286181903
val,1241,7,1,0,79.15964881175258
test,183,5,1,0,386.77965303257616
train,4142,7,3,0,259.2373429890069
val,229,6,1,0,216.23424798121133
train,1028,51,25,0,105.00595221224367
train,4510,28,10,0,51.90748198009632
train,18,22,6,0,105.16202205764407
train,4031,1,0,0,NaN
train,4191,8,0,0,261.4519512904134
test,364,95,6,0,63.4448579476698
val,393,7,0,0,340.4776057246644
train,1399,31,20,0,50.11985634456667
train,4424,3,0,0,411.18183325628576
train,4888,8,0,0,70.52909646586154
train,1341,41,14,0,63.41135544995076
test,668,40,16,0,37.259393275747215
train,4690,2,1,0,86.76548853086693
test,161,3,0,0,264.25981533331924
train,3890,40,3,0,82.78474362408812
test,114,9,7,0,177.65838004439868
test,1250,26,2,0,61.33230704518981
train,3959,20,1,0,95.46989054146863
train,545,1,0,0,NaN
train,2708,7,7,0,265.146186093634
train,1783,5,0,0,413.25083182009445
val,419,12,3,0,210.68141642507751
train,734,38,5,0,127.8401664766779
train,1005,7,0,0,353.5042432560039
val,877,7,1,0,194.71132478620754
train,1073,6,1,0,119.4563789912645
test,1013,9,0,0,169.21362238306938
train,95,14,0,0,168.33617165656003
train,1186,10,0,0,233.49946466748057
val,652,5,1,0,264.5118144809415
train,129,6,0,0,362.92698990292797
val,894,6,1,0,283.0640386908941
test,1146,3,0,0,165.53927026539654
test,580,4,0,0,518.891896711923
train,4446,2,0,0,555.9678497898957
test,286,3,0,0,431.6016682080828
train,1004,7,0,0,357.60907426965554
train,2221,1,0,0,NaN
train,3930,41,4,0,95.0013157803617
test,521,2,1,0,59.508402768012516
test,332,12,7,0,99.4696569092743
train,3082,2,0,0,385.7077909506107
train,711,1,0,0,NaN
train,1370,13,4,0,261.46988354301914
train,894,19,4,0,145.69231276906822
train,1992,8,4,0,242.53865671269807
train,4886,4,0,0,251.46738699382365
train,4271,4,0,0,162.79477638408622
train,2783,3,0,0,414.889141819836
train,2348,2,1,0,514.2188250151875
train,4878,1,0,0,NaN
test,267,8,0,0,267.0260120888496
train,2811,3,0,0,551.1136452674712
train,2305,7,1,0,652.067481170469
train,17,1,0,0,NaN
train,707,1,0,0,NaN
train,1167,5,0,0,394.9645553717447
train,3308,24,4,0,87.58139071743494
train,4813,14,15,0,92.51811747466166
train,2162,1,0,0,NaN
train,2516,3,0,0,509.23889285874463
train,4337,2,0,0,483.3890772452352
train,976,11,0,0,245.12292834412696
val,456,25,17,0,62.42595614005443
train,382,3,1,0,139.9330196915653
train,3683,6,0,0,175.5348968154196
train,3760,1,0,0,NaN
test,76,1,0,0,NaN
train,126,4,1,0,219.89242256468265
train,2857,16,13,0,166.7165777449979
train,5073,7,4,0,98.23059604827816
train,725,1,0,0,NaN
train,5054,2,0,0,440.45431091090484
train,3243,10,0,0,286.7865059587009
train,4899,8,2,0,214.15461065024647
val,551,4,0,0,433.3507552380553
train,3542,14,0,0,164.98486181757312
train,4187,12,5,0,133.5402561027947
val,1021,8,0,0,437.9055263410134
train,3626,3,0,0,357.3489191252717
train,855,24,3,0,194.68731673115673
train,3057,8,0,0,323.4510042029283
val,262,7,0,0,92.06655201537636
train,4061,4,0,0,293.2602225057032
train,4422,3,0,0,313.5474445757771
train,2189,6,1,0,120.3931061149267
train,214,8,0,0,436.2787963499628
test,484,23,13,0,162.5769048788911
test,999,9,1,0,275.1186107845124
test,322,12,0,0,258.3086628478643
train,3952,18,1,0,132.80376262658694
train,3215,11,0,0,147.35755834024937
train,2387,1,0,0,NaN
train,1381,3,0,0,419.63079010005924
test,1221,24,10,0,70.88899773589694
val,23,1,0,0,NaN
train,2550,24,1,0,40.290859480662064
val,215,8,1,0,117.5647648154293
train,35,1,0,0,NaN
train,1545,5,0,0,255.5489189959527
val,447,23,12,0,88.09086218218096
train,641,12,0,0,109.54623237556531
train,438,40,10,0,94.30446810057725
test,757,10,0,0,161.92611996361774
train,4945,4,0,0,462.31514576064046
train,1060,7,0,0,315.56695010726327
val,678,33,22,0,40.02811511925087
train,682,2,0,0,608.7891671178127
test,532,2,1,0,54.7220248163388
train,1613,1,0,0,NaN
train,964,3,0,0,333.36541512280485
train,515,4,0,0,268.7513078679015
val,473,11,5,0,288.9952421753687
train,24,4,0,0,376.8384928677928
train,410,4,0,0,338.11563981171736
train,1190,15,0,0,216.1122393572377
train,3651,17,3,0,114.0010964859549
train,3278,7,0,0,206.36193932021476
train,546,4,0,0,399.88800332333756
val,590,5,3,0,528.5652750607062
train,4586,2,0,0,515.2984572070831
train,4333,5,0,0,73.70549504616328
train,2575,12,2,0,105.15455808860509
test,404,35,5,0,42.941821107167776
train,233,10,1,0,107.9986902752486
train,1472,27,13,0,61.002049145909844
train,1309,12,0,0,246.4732775874984
val,640,15,2,0,177.2484132510077
train,3905,8,0,0,347.09288441435444
val,917,14,3,0,183.41410737363748
train,1171,7,0,0,325.7621831950418
test,835,4,0,0,489.52903167168483
train,4887,2,0,0,345.9429143659399
test,365,118,10,0,64.53100030218035
train,2984,8,1,0,175.76679482584802
val,1147,7,2,0,76.53103945458993
train,754,19,1,0,210.67154530215987
val,689,1,0,0,NaN
train,1143,2,0,0,29.261749776799064
train,4406,6,0,0,282.1194042592787
train,1364,2,0,0,394.409051620269
train,1024,25,11,0,131.05056276109616
train,1978,4,2,0,278.26374683220337
val,48,2,0,0,743.6615493623426
val,644,3,1,0,108.13995561308502
val,1069,3,0,0,95.13805757949865
train,2759,2,0,0,905.3890047929674
train,2237,1,0,0,NaN
train,4479,12,4,0,88.4339675983667
train,4234,9,1,0,272.92673009436066
train,2104,5,2,0,162.14962226289643
train,186,2,1,0,454.6330938240198
train,4921,9,0,0,147.54151958008296
val,250,9,1,0,83.32166584988565
test,105,4,0,0,102.35069258068894
test,755,14,0,0,123.47570611257909
test,919,17,0,0,229.928793325238
train,3025,14,0,0,209.00777497499942
train,3631,23,3,0,166.2024368052406
train,242,1,0,0,NaN
val,530,4,0,0,532.7523821218958
test,238,3,0,0,367.3942024583404
train,1090,4,0,0,344.57442535922206
train,1337,7,1,0,173.6101955531414
val,1108,1,0,0,NaN
val,493,9,0,0,252.68607005531587
train,4430,4,0,0,297.93276070024575
train,153,9,1,0,96.2925230742242
test,145,15,1,0,207.76188293332345
train,4553,2,0,0,753.9046690397931
train,16,1,0,0,NaN
val,351,17,1,0,175.5
test,428,31,6,0,127.66362050325849
train,4667,1,0,0,NaN
train,3332,12,0,0,205.29615707073907
train,231,33,1,0,107.78682665335315
test,639,10,8,0,261.60688540120356
train,4224,11,2,0,250.87895487664963
train,1581,7,1,0,181.75051581769995
test,910,13,4,0,208.19822285504745
test,504,6,0,0,102.9380881889692
train,1345,52,20,0,58.11482586930608
train,3847,4,0,0,134.36554136801348
train,168,6,0,0,453.32466290728104
train,4357,4,0,0,119.93467465481092
val,959,3,0,0,103.45167954170681
train,2584,6,1,0,96.52072316347407
val,720,6,2,0,303.4670492821255
test,203,9,0,0,273.93840548561275
train,2692,5,3,0,110.51018052650171
train,4908,9,1,0,80.53725845843029
val,928,14,3,0,159.62004682127196
train,3587,6,0,0,373.87122017000763
val,365,8,0,0,290.2723254298608
train,1907,6,3,0,107.71327092105344
train,4529,6,0,0,68.09001395212076
train,1918,1,0,0,NaN
train,2416,2,0,0,552.5
train,1970,4,2,0,491.61496501846085
train,4189,4,0,0,288.1173609006279
train,450,14,3,0,161.10933362473185
train,4250,3,0,0,580.1745427024526
train,1146,4,0,0,512.0211434173991
val,186,4,0,0,369.02196116605904
val,784,2,0,0,1079.6500590469118
train,2112,1,0,0,NaN
test,437,26,2,0,186.8883356445768
test,609,3,1,0,229.10696191953662
train,3624,4,0,0,243.64969544808497
train,3075,3,0,0,89.94442728707543
train,4423,3,0,0,91.42483251283538
train,2047,2,0,0,633.7343686435192
train,2308,1,0,0,NaN
train,4152,19,3,0,123.64566308609453
val,790,11,0,0,91.95923009682062
train,337,2,1,0,527.7132270466602
test,83,6,0,0,404.1446154591291
val,675,31,4,0,98.34886882928548
train,4345,7,0,0,106.87960516394136
train,2183,3,1,0,298.2402554988176
train,795,27,2,0,155.7441812717252
train,2091,1,0,0,NaN
train,2286,2,0,0,628.5962535682185
train,26,3,0,0,416.5627203675336
train,702,2,0,0,454.8969663561189
train,4112,45,4,0,64.97884271053155
train,3213,5,0,0,318.6416482508211
test,191,5,0,0,526.9084360683553
test,1065,3,0,0,409.0394235278551
val,303,1,0,0,NaN
train,434,55,19,0,96.20940702446929
train,2580,8,2,0,164.70254905786106
val,363,7,0,0,301.5082917599448
train,102,45,7,0,82.5136352368504
train,4453,1,0,0,NaN
val,1278,3,0,0,228.83673219131583
train,1983,7,2,0,95.53271690892079
train,723,1,0,0,NaN
train,3501,8,0,0,239.91953002481125
train,2609,6,1,0,274.5076149734265
val,816,6,1,0,115.65992409560286
train,1749,8,7,1,235.85807921738007
val,932,24,2,0,97.65893951576653
test,911,17,7,0,171.34905894109835
train,1379,9,5,0,168.59567016978818
train,1647,3,0,0,410.75570598593026
train,111,67,6,0,83.21207845018654
train,3373,3,0,0,439.13836088412955
train,936,4,2,0,85.17448589432327
train,4465,3,0,0,223.94474764995047
train,1973,11,5,0,96.21980045707848
test,360,40,1,0,82.14336960922904
train,790,31,4,0,90.04720984017217
train,771,7,0,0,197.92043856054886
val,690,32,6,0,83.2773483809416
train,2064,5,3,0,352.24316884788556
test,400,25,4,0,56.99561386633186
train,4569,3,1,0,122.38055401083949
train,3705,48,14,0,53.871095994838015
val,619,6,6,0,206.73741762388033
train,301,13,2,0,71.30567999816003
train,4977,5,0,0,244.72944244614297
test,914,21,1,0,176.4404998859389
train,2009,3,1,0,335.84259705999176
test,167,4,0,0,318.8914371874388
train,3595,9,0,0,238.98587824388287
train,1355,1,0,0,NaN
test,1242,27,3,0,65.54769256045554
train,1609,1,0,0,NaN
train,62,2,0,0,726.3642337009718
test,509,4,2,0,455.6664817047206
train,3197,3,0,0,570.9240317240115
train,4828,2,0,0,746.1434178494105
train,3908,23,3,0,137.88582233137677
train,661,5,0,0,298.3978049517121
train,809,10,1,0,57.369030240273986
train,2755,2,0,0,1042.460670720963
train,2913,5,0,0,384.51657961653615
train,859,16,1,0,212.78392634570946
val,1269,8,1,0,52.68893271703459
train,4055,7,1,0,302.8931329693693
train,1164,9,0,0,202.2059593582741
train,2254,1,0,0,NaN
val,523,3,0,0,129.1636558788888
train,4958,11,3,0,159.9140394086773
train,3394,11,1,0,130.12493996156155
train,1276,3,0,0,506.5199897338702
train,2363,1,0,0,NaN
test,223,37,5,1,76.25122949828416
train,3627,5,0,0,371.96034734901514
val,874,10,0,0,418.87778233824173
val,855,18,1,0,208.47507948301046
train,548,6,0,0,308.60434333769024
train,4247,14,5,0,146.56909633343585
train,2310,1,0,0,NaN
train,1119,11,1,0,233.4464606713925
val,691,42,9,0,116.63814459376287
train,2172,4,0,0,290.72187948950784
train,1913,5,2,0,168.77203559831824
train,1594,1,0,0,NaN
train,1092,3,0,0,226.57724951989331
test,822,4,0,0,329.80288818169436
train,1546,4,0,0,486.97928268656676
train,560,3,0,0,291.81886505159326
train,3126,8,0,0,267.8437024374733
test,897,15,3,0,111.39232469070748
val,243,8,0,0,389.69539386551645
train,1343,50,11,0,54.935609708830455
train,490,2,0,0,667.2720584589167
train,2120,3,2,0,366.31407289373965
train,2017,6,0,0,300.08655190576695
test,1246,26,1,0,49.70160963188214
val,378,4,0,0,561.5007770996303
test,59,3,0,0,606.3524140299929
train,783,8,2,0,157.8555737860529
train,1534,22,7,0,73.26094249285612
train,1889,6,2,0,136.0737475350647
train,1530,9,1,0,155.80115532305913
train,175,17,2,0,125.06998041096833
train,675,8,1,0,206.4970181427894
train,2271,6,2,0,256.78989307537444
train,2453,5,0,0,211.7604778989696
train,2538,10,0,0,109.02866595533489
train,4811,15,10,0,60.21004899516359
train,2035,4,0,0,187.44412672667414
train,701,4,0,0,295.96312129059663
train,4330,2,0,0,662.4139566766389
train,4540,1,0,0,NaN
test,577,6,1,0,190.09471323527123
train,2159,1,0,0,NaN
train,4097,11,3,0,84.8999411071645
val,700,4,1,0,475.01606230234296
train,2389,1,0,0,NaN
val,136,6,0,0,326.0751447136074
val,602,3,0,0,710.0253516600658
train,3723,9,1,0,198.34376723255005
train,1481,26,5,0,73.44725998973685
train,5065,23,13,0,65.46182093403758
train,1575,7,4,0,98.60147057726877
test,309,35,3,0,96.70186140917868
test,1089,5,1,0,47.634021455258214
train,2232,1,0,0,NaN
train,1619,1,0,0,NaN
train,2327,2,0,0,899.3144611313664
train,3767,11,1,0,82.06856889211606
test,998,9,4,0,267.31488922242994
train,4898,8,1,0,92.09726654958219
val,924,26,3,0,111.54483403546755
train,4371,4,0,0,356.4169046714254
train,4251,10,1,0,164.6792336635072
train,4007,9,0,0,236.35249099596984
train,3987,1,0,0,NaN
val,7,20,7,0,140.93675608899127
test,918,20,0,0,182.5171224844398
train,1094,3,0,0,315.56932677305633
train,2138,5,3,0,356.223595512706
train,1280,3,0,0,394.67993361710194
val,697,16,0,0,170.8263026637227
train,2079,4,2,0,297.73719616014984
train,2861,26,13,0,72.357334091498
val,791,7,0,0,224.50501107993114
train,3171,27,6,0,61.945540598173814
train,2083,3,2,0,318.80754382542455
val,405,31,4,0,85.54677083326992
test,302,6,0,0,302.18873607307023
train,4979,5,0,0,315.53209028559996
train,1574,3,0,0,363.5773645319521
train,5057,5,2,0,197.5006329103783
train,319,14,2,0,162.42128927299404
train,1327,24,14,0,152.92510737218208
test,345,5,0,0,215.68785315821566
train,37,4,0,0,437.6970329241219
train,2076,4,2,0,287.9387217988225
val,759,8,0,0,159.6151621870554
test,679,13,0,0,237.4010320112362
train,1468,27,18,0,55.90169943749474
val,1210,11,0,0,104.15613280071415
train,4324,7,0,0,46.82413907377262
test,247,24,1,0,142.75929967510282
val,1163,8,0,0,202.49594776748177
test,820,3,0,0,174.07038806184124
train,4118,25,1,0,170.3202865192517
val,522,1,0,0,NaN
train,3947,19,5,0,192.4538905816144
train,1721,15,9,0,176.86718180600946
train,3993,1,0,0,NaN
train,211,3,0,0,427.8580372039305
val,778,6,0,0,428.65895534795493
train,1269,7,1,0,129.7083266409678
train,3492,24,0,0,175.14924445014722
train,4807,10,3,0,99.9772014868565
val,596,6,1,0,175.6458918478179
train,322,2,0,0,222.25210910135362
train,542,2,0,0,491.1275292630215
test,737,9,0,0,343.4330356852701
train,997,6,0,0,383.3087369995641
train,2906,1,0,0,NaN
test,563,2,1,0,132.11831818487548
test,872,4,0,0,369.34211538464865
val,1029,14,0,0,228.93285041688534
train,4451,1,0,0,NaN
train,1854,9,3,0,109.56390829100611
train,2019,5,1,0,431.812748769649
test,686,8,0,0,216.3432454856541
train,1175,10,0,0,274.5496553396824
val,212,8,1,0,192.3428239274815
val,842,18,2,0,67.90423448915814
test,69,3,0,0,522.1632886368018
val,151,7,0,0,320.2986887266322
train,903,11,2,0,194.1474954770213
val,1266,5,0,0,161.29553620605873
train,980,4,0,0,382.2275861482591
train,3824,2,0,0,1026.843342482192
train,505,7,0,0,334.4835571444432
train,586,5,0,0,413.59158598791635
train,4052,13,5,0,96.06378089581942
train,3655,10,0,0,176.77986511544356
train,1301,6,0,0,538.2378656319156
train,4812,9,4,0,135.0120365004543
train,1693,15,1,0,115.10212856415819
train,5003,12,6,0,130.33159293426627
test,772,9,1,0,244.46523270191204
train,1461,34,7,0,60.66255052506437
train,1542,8,3,0,73.87459575027407
train,4136,4,0,0,330.4066491993732
train,3275,13,0,0,143.13804525701752
train,3897,23,1,0,121.82877328447496
train,3049,11,3,0,164.88556637862516
train,705,4,0,0,267.9441262285265
test,416,44,13,0,41.13618754928579
train,342,2,1,0,525.3974685892576
train,3842,4,0,0,200.27410077540802
train,3333,9,2,0,92.84934033152847
val,439,53,45,0,56.65906811799855
train,2457,5,0,0,228.17756243767704
val,236,1,0,0,NaN
test,1145,4,0,0,489.7953928437049
val,990,7,3,0,113.68926950244689
test,466,3,0,0,794.6390690118376
train,3848,4,0,0,279.07266429008166
train,1770,4,0,0,480.3668009524105
train,4076,5,1,0,294.7303852676205
train,1925,6,1,0,134.16407864998737
train,3635,17,0,0,175.41379649275024
val,436,16,3,0,184.77080188886757
val,1218,12,1,0,181.68182945816605
train,2763,13,17,0,218.32200988448233
train,2618,5,0,0,524.5059580214509
test,626,11,14,0,348.31379530532524
train,616,4,0,0,346.58760096390426
train,1588,4,0,0,260.34527186822027
train,395,3,0,0,341.8340240526095
train,1697,2,0,0,938.1495083407548
train,2194,3,1,0,35.75262228144951
train,3251,5,0,0,352.22187609516817
test,206,25,9,0,162.2374802565671
test,629,23,14,0,194.61821600251093
train,1056,2,0,0,789.8468205924488
test,33,1,0,0,NaN
train,259,2,0,0,490.31851892417853
val,257,3,0,0,70.66293229126569
train,2092,1,0,0,NaN
test,1088,6,0,0,54.801916024898254
train,2953,15,2,0,99.03660939268872
train,2780,20,2,0,74.24995183430033
train,4744,6,0,0,258.3921438434226
val,1100,6,0,0,132.44541303224509
train,1365,1,0,0,NaN
train,4803,23,6,0,52.50952294584288
val,383,7,0,0,284.0866945141923
val,1093,5,0,0,98.50126902735822
train,476,1,0,0,NaN
train,3494,15,0,0,159.66527487215245
train,5016,11,3,0,135.0934861494069
train,3089,2,0,0,489.979591411724
train,5041,3,0,0,149.56603892595405
val,1319,2,0,0,270.92665059015513
val,189,2,0,0,913.4447164442959
train,1454,14,1,0,226.03207736956276
train,4439,3,0,0,287.5
train,804,11,1,0,142.2401138919679
val,28,3,0,0,502.86379865725075
train,565,3,0,0,346.25315883035637
train,4913,2,0,0,798.4297088660967
train,4786,13,7,0,163.94053800082517
val,42,3,0,0,414.7300326718575
train,4496,18,0,0,56.62444622009444
val,818,4,0,0,271.2331984086782
train,3898,21,0,0,108.03008840133381
train,1755,6,3,0,60.059088441969024
train,3194,2,0,0,975.3278935824608
val,91,27,6,0,136.65010062199002
val,1201,5,0,0,92.69843580125827
train,761,19,2,0,157.91532541207013
test,1199,4,1,0,246.31882769249273
train,4505,9,3,0,94.88150504708491
train,326,15,5,0,122.80268726701382
test,367,146,33,0,56.6103041541529
train,3368,5,0,0,256.0488234692751
val,1164,5,1,0,170.16242240870926
test,17,7,2,0,225.6778677673112
train,3949,30,7,0,116.3934999000347
train,1617,1,0,0,NaN
test,127,32,20,0,121.25509802645368
train,4444,3,0,0,163.29421300217592
val,1170,3,0,0,380.5916446797013
train,2829,11,2,0,212.16267343715293
train,989,14,0,0,183.05126971521287
train,1995,4,2,0,266.36437839995904
val,1080,6,0,0,223.6766639593858
val,548,6,0,0,245.7964095262278
train,2182,4,1,0,286.23862062199476
train,3734,8,0,0,205.7852048945749
test,168,4,0,0,317.12964043605075
train,1100,15,2,0,193.04727400302755
train,3399,1,0,0,NaN
train,4924,5,2,0,164.78850081240498
train,3414,8,1,0,207.48090113877734
train,1936,23,18,0,125.47708954227461
train,477,2,0,0,525.8540672087647
train,1618,1,0,0,NaN
train,1494,2,0,0,428.07709586007985
train,4772,11,2,0,120.55911413078648
train,4967,9,6,0,182.08857734630143
train,2898,15,1,0,82.43937166184614
train,2486,2,0,0,728.9075730159483
train,4164,4,0,0,532.5092113245487
train,4832,4,1,0,286.4881342416385
train,923,3,0,0,377.1538147758816
val,237,2,0,0,881.2946442592284
val,881,4,0,0,448.55690846966905
train,4992,3,0,0,578.1111484827118
train,4205,19,7,0,110.19187810360617
train,1271,2,0,0,670.7402626948825
train,2709,8,3,0,245.0182478125443
train,4511,18,4,0,79.05046057131902
train,4128,8,1,0,335.8094844754345
train,2473,6,1,0,92.01222744831254
train,2895,24,3,0,49.66415102905172
test,951,5,1,0,191.93032589979103
train,118,2,0,0,632.0304581268216
val,1268,3,0,0,66.77012805139735
train,4035,1,0,0,NaN
val,695,17,7,0,150.97847528704216
test,1074,9,1,0,130.92364186807515
val,658,1,0,0,NaN
test,774,14,0,0,234.27014321078136
val,1026,3,0,0,395.1850832205082
train,2739,9,0,0,270.56653525519374
test,1048,1,0,0,NaN
train,5023,21,4,0,74.11140263144397
train,3623,3,0,0,473.9393421103591
train,3181,7,0,0,290.5154901205786
test,356,1,0,0,NaN
train,4159,23,4,0,138.54692345916598
train,2738,27,28,0,117.34564329364768
train,4524,3,0,0,86.34813257969161
train,3687,71,6,0,79.76528066771908
test,32,3,1,0,74.19231766160159
train,1676,21,8,0,175.52563915280297
val,1257,4,1,0,192.4434810085187
val,346,6,0,0,401.40376151698615
train,4616,3,0,0,165.57853121706327
train,4639,14,0,0,80.21356255151892
test,949,9,1,0,201.3156725145859
train,828,5,0,0,301.959020398464
train,3376,12,1,0,82.0851215164812
train,2926,14,0,0,75.79309621124725
val,885,8,1,0,233.15499136840285
train,3134,9,1,0,153.27263291272843
val,391,4,0,0,487.34442527740816
val,670,6,2,0,294.1165671402944
train,4884,5,0,0,320.0890501094969
val,754,2,0,0,1107.4869073718207
train,3800,35,8,0,71.0105625945887
train,3592,5,0,0,274.3027524469997
train,1551,5,1,0,130.21616643105418
train,1761,3,0,0,467.81299682672346
train,2981,4,0,0,377.4811509135785
train,2654,14,3,0,156.5439235486322
train,5062,21,13,0,95.15382283439799
train,856,17,3,0,159.69502183850315
train,3327,16,3,0,106.93506560213854
train,3961,28,5,0,82.56174697763129
train,6,7,1,0,376.7283504064965
val,921,26,1,0,161.019844345467
train,946,1,0,0,NaN
train,2491,8,4,0,247.035120275666
train,403,1,0,0,NaN
test,408,19,3,0,49.86481725625794
train,1473,53,32,0,44.14748010928823
test,351,3,0,0,804.164473226715
test,578,6,1,0,200.74922166723337
test,192,12,0,0,190.33534783487153
train,4629,29,8,0,53.23532661682466
test,184,7,2,0,56.65906811799855
train,2647,7,7,0,330.3823542503443
train,2029,1,0,0,NaN
val,425,12,0,0,212.64112960572797
test,1134,3,0,0,509.18807920060345
train,3973,18,5,0,132.04639336233308
train,3041,8,0,0,263.4661827625615
train,4598,7,0,0,201.17964608776902
test,1140,3,0,0,507.9025497081108
test,992,10,0,0,146.89177969393768
train,3573,13,0,0,175.99005653729418
train,503,3,0,0,291.88439492374374
train,3209,5,0,0,555.8462017500884
train,457,23,5,0,196.1479033790573
train,1191,7,0,0,390.38602690157853
train,3932,34,3,0,120.68317965554874
val,235,2,0,0,808.0445532271101
test,716,12,0,0,195.6894880732312
val,944,48,10,0,88.66679093072132
train,217,8,0,0,317.241167293928
train,3920,26,0,0,141.94717327231282
val,525,4,0,0,456.1120880605289
train,454,6,2,0,149.38038693215384
val,1091,3,0,0,241.93387526346947
val,276,5,0,0,316.59516736678086
val,613,2,0,0,680.6735634648961
val,515,6,0,0,311.0213015212945
test,467,4,1,0,427.65646554671105
train,30,5,0,0,506.50024679164767
test,733,12,0,0,142.3893169621175
train,1197,14,0,0,209.58224007022073
test,10,2,0,0,386.21884987659524
test,863,4,0,0,134.66214258021614
train,3315,29,10,0,61.28825336065631
test,635,5,0,0,318.1045425642331
train,3962,22,2,0,182.3718974758305
val,205,2,0,0,278.4712732042571
val,339,4,0,0,224.2188560105515
val,168,7,0,0,370.9022782351168
train,5060,11,9,0,199.80302800508304
train,1576,7,0,0,208.37526244734522
test,522,3,2,0,91.55462850123963
val,544,1,0,0,NaN
train,1689,5,0,0,215.55799683611832
train,4287,15,3,0,64.4864326816114
train,3829,4,0,0,258.7291492209425
train,664,9,0,0,298.60760204656543
train,205,10,0,0,202.98398951641482
test,301,4,0,0,179.95600173343917
train,996,6,0,0,391.78374136760704
val,708,5,3,0,444.12892272402166
train,139,4,0,0,535.2448111142032
train,3757,3,0,0,646.2269338243339
val,909,22,2,0,112.8901731738256
train,963,3,0,0,254.85387970364508
train,3849,11,2,0,178.30451480543056
train,529,7,0,0,316.2601777018409
train,4633,43,11,0,37.83186487605389
test,165,6,0,0,249.2518806348309
train,1791,3,0,0,242.70403787329127
train,4098,19,2,0,133.1362084483406
val,701,6,3,0,231.88224181328184
train,3123,5,0,0,210.5380013204267
train,2496,5,1,0,306.50040783007125
train,4599,5,0,0,248.26800035445567
train,561,2,0,0,440.9095712274797
val,1362,5,0,0,388.5952264246178
train,1655,5,1,0,351.7445806263403
train,1616,1,0,0,NaN
train,445,11,1,0,177.65838004439868
train,3663,4,0,0,304.7319957061298
train,2705,8,1,0,315.25582868184074
train,1285,12,1,0,250.7489861940602
train,384,2,0,0,534.4314736240747
train,2244,5,1,0,226.79561283234736
train,2679,6,0,0,317.3102013623863
train,4292,6,0,0,325.02285640094834
test,1029,24,14,0,52.600209752200726
train,4508,12,0,0,53.43189115336485
train,3649,20,3,0,163.69891794151607
train,2753,3,2,0,549.2162597738709
train,3564,22,0,0,177.0346011377437
test,108,4,0,0,210.23251626955283
test,1206,4,2,0,55.39233039741079
train,4796,13,3,0,105.220007603117
test,810,10,0,0,185.47573965346518
train,4534,7,0,0,39.38591118661596
train,3852,14,1,0,147.07566080082728
train,2051,3,0,0,392.5257953307018
train,4860,2,0,0,475.16444521870534
test,123,24,8,0,130.6147517130195
train,3063,12,0,0,269.00519426423455
train,449,11,2,0,169.74245196767956
train,3992,1,0,0,NaN
train,4375,1,0,0,NaN
test,1172,2,0,0,108.60018416190647
train,4438,2,0,0,606.7672535659781
train,4558,4,0,0,410.79264772307243
val,265,11,1,0,247.70193782043773
train,784,5,0,0,282.39688383549844
val,859,12,3,0,152.4756391487782
test,842,2,1,0,115.89758409906567
val,1367,168,13,0,51.15662224971465
val,260,30,6,0,150.57224179774968
test,5,1,0,0,NaN
train,138,5,0,0,342.7189081448527
train,2720,2,0,0,430.3420151460928
train,557,3,0,0,334.5523128002555
train,114,5,0,0,405.70709877940266
train,1207,16,0,0,206.45641186458704
train,726,1,0,0,NaN
train,3568,8,0,0,168.96819227298374
test,873,5,1,0,150.95115103900335
train,1433,10,0,0,320.09061217099134
train,1322,17,3,0,233.50856515340075
train,347,5,0,0,381.3712102401019
test,600,13,2,0,157.89632674638128
train,3045,5,0,0,354.9823939296145
train,3953,22,4,0,75.84299777784321
train,1357,3,0,0,146.76852523616907
val,197,8,1,0,217.7143842077407
train,2851,13,10,0,266.3705126323107
test,476,7,1,0,286.11929330263627
train,3739,21,0,0,156.63492586265681
test,529,1,0,0,NaN
test,174,5,0,0,172.20699753494338
train,3540,18,3,0,95.95962692716141
train,3042,13,0,0,251.77023255341368
train,67,35,20,0,118.16302298096474
test,921,15,1,0,166.51201157874468
val,581,25,17,0,78.13129974600449
train,957,1,0,0,NaN
val,103,3,0,0,507.3748614190498
val,760,7,1,0,112.76745984547138
val,291,7,0,0,87.8179936004006
train,3293,3,0,0,426.75080550597676
train,423,6,2,0,160.35663378856518
val,616,2,0,0,394.91296509484215
test,49,1,0,0,NaN
train,1039,17,1,0,196.37846114072693
train,3256,6,0,0,476.4821612610487
train,2070,1,0,0,NaN
train,2099,2,1,0,245.1474046364758
train,1279,3,0,0,587.8235279401464
train,1702,2,0,0,568.5430942329701
train,3339,13,0,0,163.48700254148645
train,3157,39,9,0,46.80277769534624
val,1312,2,1,0,39.777506206397604
val,1121,1,0,0,NaN
test,1184,13,0,0,128.41339493993607
test,249,29,0,0,120.2538980657176
train,1136,10,0,0,62.5
val,1355,7,5,0,140.9432509913121
train,622,6,0,0,245.34873140083687
train,1035,31,4,0,100.72859574122931
train,2411,2,0,0,668.8067732910605
train,4082,19,0,0,158.3958648450142
train,3430,10,0,0,285.1880312691171
train,1137,10,0,0,188.67962264113208
train,4102,3,0,0,553.017178756682
train,876,16,2,0,163.48838494402287
val,1346,6,0,0,362.8405297096784
val,1130,11,0,0,57.5
train,2287,2,1,0,655.6008694320043
train,123,4,0,0,287.3388812979874
train,584,4,0,0,394.886533565577
train,2909,1,0,0,NaN
val,572,8,1,0,192.09162065259812
train,4516,2,0,0,296.5758756203883
train,2320,1,0,0,NaN
test,805,9,1,0,185.27007313648906
val,916,32,2,0,118.23066308845114
val,147,2,0,0,300.17703109998274
train,4382,4,0,0,152.71645219283653
train,3384,5,0,0,340.4765043288597
val,1133,6,0,0,183.70424600427722
val,999,3,1,0,350.30415355801875
val,1042,14,1,0,49.20619879649311
val,529,3,1,0,212.42940003681224
train,3769,13,1,0,139.62807740565648
train,665,9,0,0,314.8650504581288
train,4571,3,0,0,386.855270094644
train,1256,42,2,0,88.45903006477066
train,1860,4,1,0,541.9622905227861
train,4916,1,0,0,NaN
train,4478,14,3,0,68.30263538107442
train,899,4,0,0,255.7994462740507
test,182,4,0,0,249.18999593998652
test,514,11,4,0,274.70711676256224
test,1198,5,0,0,290.3209430957402
train,2253,2,0,0,466.4000428816447
train,1894,2,0,0,609.8305092400675
train,3144,10,1,0,159.61594531875568
val,294,4,0,0,56.60535303342883
train,431,53,12,0,111.60757142774858
val,19,22,8,0,126.10511488436939
train,3613,6,0,0,219.9512284942099
test,957,10,1,0,247.5347732895575
test,304,2,0,0,503.2973773029222
val,645,3,0,0,462.3215872095959
train,889,10,3,0,145.97688173132073
train,408,3,0,0,580.5880639489586
val,735,9,5,0,86.14522621712709
train,802,20,1,0,150.81445554057476
train,2113,2,1,0,412.5593896640822
train,1038,16,1,0,187.11293381271108
test,412,23,1,0,49.81214711292819
train,4643,17,3,0,64.51356446515724
train,689,1,0,0,NaN
val,1085,5,0,0,103.80871832365526
test,372,69,21,0,81.55519603311612
train,10,5,0,0,595.9970637511564
train,878,11,0,0,246.69667610245583
train,4488,6,0,0,150.4268925425238
train,531,22,1,0,143.01048912579805
test,151,2,0,0,1120.3213824613008
test,1061,3,0,0,289.1906810393447
train,2101,4,0,0,348.2237754519831
val,388,10,0,0,322.1727021334986
train,2711,1,0,0,NaN
train,2408,1,0,0,NaN
test,1,58,25,1,93.41233891422443
train,1830,7,2,0,131.5342160808358
train,2721,4,0,0,519.4456741780587
test,752,9,0,0,222.52696465821845
train,4675,2,0,0,230.64962605649288
val,64,2,0,0,533.8899699376268
train,4190,27,1,0,93.12625838075961
train,696,2,0,0,457.42021162165537
train,1055,11,0,0,216.92971211892575
val,178,10,0,0,273.1448970715478
train,3060,12,0,0,296.95484829745806
train,739,44,9,0,101.62508820417446
train,1509,10,3,0,47.510525149697095
train,3148,6,0,0,493.3452019847248
val,821,3,0,0,631.1150845923428
val,1356,13,9,0,90.35623940824452
test,854,6,0,0,179.33616199508717
train,2337,3,1,0,330.86288700910535
train,3404,4,0,0,326.65822878838406
val,549,1,0,0,NaN
test,1240,9,0,0,308.41408852385456
train,4883,2,0,0,101.30769960866745
train,1495,3,0,0,148.0751498395325
train,1296,1,0,0,NaN
test,82,12,0,0,184.95310505445877
val,739,7,1,0,223.03026700427904
test,662,24,7,0,163.54150503338846
val,332,9,1,0,277.54504138968144
train,1724,17,5,0,134.2693189079322
train,504,3,0,0,869.9209734222989
train,1113,3,0,0,648.1500597855407
train,4221,12,2,0,140.1588384655067
train,673,3,0,0,708.8471273836129
test,560,10,6,0,335.17905662496275
train,945,2,1,0,19.13765920900464
val,1354,15,17,0,85.70005834303731
train,3895,15,2,0,233.85091404567996
train,262,2,0,0,794.7038756669052
train,1393,3,0,0,465.72577768468
train,234,13,0,0,199.66284080920016
train,4177,28,8,0,37.20697020859729
val,1166,3,0,0,289.5522405370057
train,3841,6,0,0,442.1640915361327
train,1775,3,0,0,384.17834400184506
train,3292,4,0,0,269.0093267238481
train,1051,13,0,0,225.055548698538
train,3674,8,1,0,167.5073536984591
train,1419,8,5,0,245.06567233783693
train,4865,3,0,0,298.70763297913896
test,1033,18,1,0,189.529713257855
train,1050,22,1,0,85.0779054749234
test,559,9,6,0,131.0286228272281
train,1294,8,0,0,243.04114877937852
val,1046,6,0,0,253.25086376950424
train,2782,7,4,0,222.26391969908207
train,1114,7,0,0,294.8219801846531
train,325,11,0,0,136.15524227880468
train,3200,4,0,0,208.0725243140996
val,1297,5,3,0,341.0824680337587
train,1965,8,1,0,164.11438334178587
train,4025,2,0,0,388.6347900021304
train,844,14,0,0,272.73381729831544
val,1178,3,0,0,46.5966737010272
val,598,4,1,0,370.81066078432065
train,4006,11,1,0,77.87810988975015
test,1232,12,9,0,121.22723384438419
val,314,12,2,0,139.2927094023656
val,1204,9,2,0,142.148689758295
val,673,5,5,0,364.90546721034474
val,863,1,0,0,NaN
train,335,2,0,0,605.9954620292135
train,986,2,1,0,77.11841544015282
val,887,13,1,0,138.98291261878202
train,815,159,61,0,42.61748467472007
train,433,49,8,0,102.0122541658599
val,1058,5,0,0,497.86042220686716
train,4040,8,1,0,72.43163553517292
test,611,4,1,0,284.26465904158204
val,988,9,6,0,98.56596775763936
val,1264,11,0,0,50.08991914547278
train,1793,5,1,0,401.6590594023742
test,233,166,29,0,45.721985958617324
train,4409,1,0,0,NaN
train,626,7,0,0,325.5936885137671
train,2236,3,1,0,163.51911203281406
test,1118,3,0,0,451.0002771617774
val,333,6,0,0,218.07496637790894
train,2736,9,2,0,384.82788360512546
test,20,9,0,0,243.3074187113907
train,4086,5,1,0,117.92476415070755
train,3487,18,0,0,178.88543819998318
val,404,14,0,0,201.406670701801
val,1265,20,1,0,38.17134598428726
val,517,5,1,0,130.24976007655445
train,3119,6,0,0,233.84743404148998
train,1763,8,0,0,123.55417839688035
train,2058,5,3,0,66.59767263200719
train,1654,6,0,0,162.31261078139875
train,2610,3,1,0,264.7796253490816
train,1885,3,0,0,452.39916003458717
train,4988,2,0,0,1033.8332795958931
val,2,6,1,0,183.48024416813925
train,3838,4,0,0,449.0335944946109
train,3378,10,0,0,177.55703309077904
train,4754,1,0,0,NaN
train,4741,4,0,0,331.4486713415955
train,3393,5,0,0,136.93246510597842
train,1798,4,0,0,629.3260702294258
train,3118,2,0,0,411.2961220337483
train,150,21,1,0,161.11176245079065
train,2157,1,0,0,NaN
test,346,5,0,0,382.5499967324533
test,1030,27,10,0,62.01814250685037
test,948,5,0,0,304.0201473586907
train,2864,15,4,0,80.84089311728316
train,4256,6,1,0,205.3807439854087
val,438,29,15,0,71.69553682064178
train,1442,8,0,0,262.2635971977359
val,840,7,0,0,158.06406928837433
train,3296,6,0,0,414.1744801409184
train,552,2,0,0,401.2605138809449
test,1028,9,4,0,129.0087206354671
train,4355,2,0,0,512.5790182986424
train,2774,3,0,0,426.03286258221914
test,1144,8,1,0,129.59648914997658
train,883,5,0,0,437.52257084635073
train,3145,6,1,0,245.85869925630047
train,2628,21,8,0,177.7308358164109
val,353,18,0,0,180.7619699848215
test,205,24,9,0,125.69108958076544
train,404,4,0,0,218.0701754491658
train,1650,10,1,0,184.28307030218485
train,4270,9,0,0,140.91131963046828
test,942,15,6,0,90.03471552684553
train,3078,5,0,0,349.90355814138275
train,3121,4,0,0,319.0024925034246
train,1743,26,23,0,95.19618889824669
test,1171,1,0,0,NaN
train,2751,13,0,0,318.9016306010366
train,4755,1,0,0,NaN
test,894,14,0,0,92.59760104128506
train,4593,1,0,0,NaN
test,865,2,0,0,607.434152809998
train,2203,2,0,0,1004.7651466885185
train,3162,19,1,0,51.80974811751163
train,4737,1,0,0,NaN
val,1306,1,0,0,NaN
train,2982,11,2,0,225.29369720433814
val,487,9,2,0,284.4314504410509
train,4379,5,0,0,85.03675675847474
train,201,8,0,0,232.2789042778354
train,4091,3,0,0,93.02150289046077
test,607,5,1,0,321.40939625343873
val,1369,11,7,0,153.80588415272024
train,3694,15,1,0,183.86476008196894
val,354,15,1,0,200.07311163672145
test,625,8,6,0,298.7541689833877
train,3337,18,3,0,94.9025816297955
test,660,17,1,0,172.1002614756875
val,1238,11,2,0,64.2222702806433
test,571,1,0,0,NaN
train,2167,10,6,0,170.1719718402534
train,3408,11,0,0,203.41705926494956
train,4081,16,3,0,88.90506622798273
train,2932,22,2,0,82.72439638138634
test,653,10,1,0,229.6965389377907
train,1438,13,3,0,258.02809924502407
train,1359,1,0,0,NaN
train,2944,29,6,0,47.460509900337144
train,1592,2,0,0,850.5423269890805
train,4545,2,0,0,405.8435659216492
test,683,14,2,0,87.32840316872856
train,1608,1,0,0,NaN
train,2144,1,0,0,NaN
val,1344,3,0,0,508.6536149483261
train,871,11,0,0,115.2443057161611
train,2063,4,3,0,380.2035076171452
train,588,2,0,0,981.5463565211783
train,755,43,1,0,80.52949770115296
train,4617,4,0,0,125.06191911020635
test,1119,1,0,0,NaN
test,590,9,0,0,289.99396545445563
train,15,2,0,0,126.25371281669304
train,1054,13,0,0,186.99799464165383
train,2528,3,0,0,121.00103305344132
test,836,4,0,0,187.24788244829813
val,1271,2,0,0,574.0178568650979
test,925,19,2,0,185.27614525351072
train,1476,38,13,0,54.00160038442881
train,608,2,0,0,818.5013744643317
test,1217,21,21,0,64.42243398071824
train,1478,36,16,0,52.06966487312935
val,603,3,0,0,744.8707941650015
train,254,2,0,0,1070.406464853422
train,86,2,0,0,534.9404172428925
train,155,17,1,0,129.76902558006668
val,442,21,15,0,65.08648093114269
test,368,59,10,0,103.0970416646375
train,2177,1,0,0,NaN
train,3692,24,0,0,156.20259280818613
train,4857,5,0,0,459.5981940782622
train,3495,13,0,0,202.78868311619365
test,163,6,0,0,315.8200776816167
val,1318,5,0,0,70.91015442092902
test,241,2,0,0,883.8622630251842
val,76,3,1,0,231.03679360655957
val,632,3,0,0,129.67362877624734
train,4566,2,0,0,475.2875445454046
train,4982,3,0,0,344.97101327502867
train,2341,4,2,0,57.218931903037635
val,193,4,0,0,410.2111829023494
train,818,52,14,0,48.208489284632236
train,572,13,3,0,138.8821442806814
train,496,1,0,0,NaN
train,928,3,0,0,52.55949010407159
train,3223,7,0,0,217.09041895026138
train,1448,9,4,0,216.50519624249208
train,2118,2,1,0,119.57006314291216
train,2246,4,1,0,473.8123458676949
test,2,6,0,0,166.83899424295268
val,533,5,0,0,109.7565487795603
train,4847,4,4,0,83.18444784336037
train,3438,13,0,0,298.61388112410316
train,4753,2,0,0,564.2712113868649
train,4482,4,0,0,85.25330039761755
train,371,3,0,0,557.4804929322639
test,208,5,0,0,309.9193443462347
train,3778,3,0,0,399.7589898926602
test,1213,3,0,0,646.7209599201188
train,3195,3,0,0,536.4804283475772
train,2413,5,2,0,207.61623250603503
train,3462,9,0,0,347.57481209086484
test,758,13,0,0,215.55741694499866
test,538,1,0,0,NaN
train,1205,7,0,0,301.92424546564655
train,44,2,0,0,532.4894365149415
train,3640,15,1,0,174.62101820800382
train,934,7,0,0,326.4942572236149
train,2180,3,0,0,393.5695618311965
test,1194,2,0,0,380.1710141502111
train,1726,13,2,0,196.1893218297061
val,217,15,2,0,188.904737897174
train,2490,7,1,0,253.31403435261933
test,31,3,0,0,261.3622964392531
train,58,10,0,0,226.68110707484573
train,999,5,0,0,354.5426631591747
val,890,7,1,0,325.2698879392312
train,1385,2,0,0,662.1489636026021
train,3032,6,0,0,249.68243383703862
train,4249,14,2,0,73.40980860893181
test,850,30,0,0,125.74401645943017
train,362,19,4,0,197.56644451930595
train,4476,2,0,0,383.0708159074507
train,1583,3,0,0,578.0034601972552
train,4531,8,0,0,65.45500539216192
train,1135,9,0,0,207.49096365866154
train,4458,2,0,0,611.3018894130788
train,2809,9,3,0,204.25780278853486
test,1252,6,0,0,396.3741918944774
train,3180,13,1,0,53.02122216622322
train,3661,3,0,0,480.78685506157507
val,793,6,0,0,231.44208578843762
train,2924,1,0,0,NaN
test,439,16,3,0,182.0098996222136
train,157,6,0,0,326.82181689722
train,3172,20,1,0,91.40006320326765
train,2667,9,0,0,136.00827180726913
train,4930,3,0,0,413.74780966187603
train,4211,5,0,0,341.7133301467767
val,496,5,0,0,506.7247773693329
test,225,28,2,0,142.4970884448819
train,3270,10,0,0,191.0014102167963
val,462,15,10,0,234.3266950221421
train,1997,3,1,0,144.94222987107656
train,1835,11,6,0,101.24228365658294
train,1189,6,0,0,412.1568269481897
val,1192,4,1,0,177.81168108977667
test,708,11,0,0,277.51126103277323
train,2630,5,2,0,170.41860227099622
train,3169,14,1,0,98.45938248841499
train,4320,5,2,0,46.585942085569116
train,160,5,1,0,306.1143577161973
val,1360,9,3,0,77.52418977325722
train,2508,3,0,0,485.7347527200416
train,2379,1,0,0,NaN
test,977,9,0,0,140.59338533515722
train,785,22,3,0,101.62420546176352
test,547,2,0,0,791.0982871931907
train,1373,11,0,0,287.8806176177896
train,3248,7,0,0,223.6537502480117
train,315,2,0,0,610.7081954583547
train,2554,5,0,0,217.40802653076082
train,4733,1,0,0,NaN
val,817,2,0,0,334.9574599855928
train,2570,2,0,0,757.2139724014606
train,3437,11,0,0,207.7480445154659
train,2816,8,1,0,219.25897137274157
val,888,14,3,0,238.36922193034673
test,1041,14,2,0,117.41980100996273
test,1120,2,0,0,401.103789560757
train,1493,26,2,0,137.91445740657616
train,2195,2,0,0,364.6649146819584
train,4530,6,0,0,98.50466834210667
train,678,8,4,0,135.4861616549823
train,4573,1,0,0,NaN
train,2530,3,0,0,460.2349943235521
train,3806,8,0,0,195.60609845121058
val,366,5,0,0,275.5548947124692
train,2093,1,0,0,NaN
train,4284,21,5,0,76.90253571892151
train,1639,3,0,0,495.79279946364693
train,4559,3,1,0,273.1977305908671
train,4146,26,1,0,149.30003348961446
train,2890,17,0,0,61.40032573203501
test,101,6,0,0,118.67235055097578
train,2512,2,0,0,1065.1353200415429
val,563,11,3,0,222.62636860893187
train,3460,4,0,0,592.5923727472955
train,2497,5,1,0,519.5060153645961
val,950,1,0,0,NaN
train,1084,4,0,0,425.6010695176468
train,2072,1,0,0,NaN
test,158,5,1,0,198.54596445155968
train,556,2,0,0,465.1185332794212
train,3189,17,0,0,145.51460407807872
val,495,6,1,0,255.5904927809327
val,138,11,0,0,297.49159651996894
train,3828,4,0,0,320.4658793612242
train,4607,4,0,0,170.4508782284878
train,4904,9,1,0,126.34575576567659
train,1855,2,0,0,672.1071343171415
test,676,27,16,0,97.86342524150685
train,1518,9,0,0,198.50062972192305
train,3563,29,0,0,179.7588662625574
train,4306,34,4,0,70.5868259663232
train,2683,1,0,0,NaN
train,2733,8,7,0,309.09337149103794
train,4552,3,0,0,158.36745246419795
test,800,4,0,0,396.0887099356686
train,4635,24,3,0,51.47523538046771
train,672,7,1,0,165.5543717332768
train,1857,5,2,0,333.81731530883775
train,1821,20,14,0,113.18679251573481
train,3205,6,1,0,241.5217846483481
train,4484,13,0,0,42.485291572496
train,249,2,0,0,776.5468434035387
train,3385,11,0,0,189.51780918953236
val,312,16,3,0,107.08524641611467
val,1280,4,0,0,271.66963892344125
train,4870,6,0,0,409.7624311720146
test,264,8,2,0,211.24201994616942
train,631,7,0,0,495.92388528886164
train,361,21,9,0,141.7471340098275
val,24,1,0,0,NaN
val,982,5,0,0,365.1260056473655
test,124,28,11,0,124.30187546172712
train,3096,6,0,0,271.8234721285121
train,2123,4,0,0,106.07788977711459
test,188,3,0,0,206.7927706666749
train,3287,6,0,0,372.5214758909881
test,1040,17,5,0,173.13650683781282
train,4844,4,1,0,207.08563180010162
val,342,8,0,0,252.18198043426494
train,2412,2,0,0,717.199588678075
train,704,2,0,0,646.195017003381
train,3580,8,0,0,231.60310878742538
train,2680,2,0,0,1061.0693898138802
val,81,3,0,0,383.93521588934766
train,3300,6,0,0,292.49511207880175
train,762,23,0,0,128.31406781799103
train,1261,79,2,0,76.03453162872775
val,1328,3,0,0,390.53616989979304
train,4594,1,0,0,NaN
train,246,4,1,0,475.23343141411885
train,3714,15,2,0,149.0385856078888
val,1156,9,0,0,80.0140612642553
test,98,2,0,0,546.1561132130629
test,793,5,1,0,144.19604710254717
train,2024,5,1,0,186.92913095609256
train,1001,10,0,0,391.5217428893304
train,1328,1,0,0,NaN
val,149,16,2,0,185.13846169826516
train,3233,5,0,0,173.3356570357063
train,2333,1,0,0,NaN
train,4067,8,1,0,246.88965146396882
test,636,5,1,0,248.58046986841103
train,248,4,3,0,413.7855093649684
test,900,20,5,0,102.58042986495545
test,930,21,2,0,230.00869548780108
val,882,13,2,0,189.7636688093904
train,3534,20,4,0,137.1249430264239
train,3439,21,1,0,161.44735984214793
test,91,17,1,0,141.77535046685654
train,4758,9,0,0,85.07055894961546
test,936,17,2,0,61.40032573203501
train,4562,2,0,0,567.4541831725271
train,4804,15,3,0,56.142675390472796
train,5035,2,0,0,611.6964116291675
train,4014,9,0,0,91.07414561773281
train,4448,1,0,0,NaN
train,3146,2,0,0,604.6883494826075
train,4452,1,0,0,NaN
train,1834,4,0,0,269.3426319346852
train,849,34,14,0,115.21827112051282
train,2874,47,6,0,96.07549115148983
train,3583,6,0,0,271.30863605688495
val,1364,95,7,0,74.27651041883968
train,1188,19,5,0,166.12721029379864
train,1330,7,0,0,155.04596092771976
test,797,14,0,0,226.52539583685845
train,1522,11,3,0,61.28825336065631
val,341,2,0,0,252.43811122728675
test,74,3,0,0,385.2418071808926
train,1579,8,1,0,104.09783587631803
train,583,5,0,0,371.01212918178294
train,379,2,0,0,497.7750495956984
train,4611,17,3,0,87.2252830319283
val,30,3,0,0,403.9758656157568
train,1733,4,3,0,458.8878516365784
train,1568,8,0,0,118.24233590385467
train,2414,2,1,0,254.42140240160614
val,844,20,1,0,203.42479573095954
val,390,9,0,0,267.0674072214728
val,1051,13,2,0,211.14746032098043
train,14,3,0,0,302.30158782249225
train,3298,4,0,0,306.6147840556845
train,4856,1,0,0,NaN
train,197,10,0,0,208.52158161686765
train,1089,4,0,0,417.78040273315037
train,569,11,2,0,149.80403866384913
train,2147,1,0,0,NaN
train,3745,21,6,0,139.50806428303704
test,90,41,7,0,106.15083607772479
val,980,12,0,0,278.8509678164209
test,1035,52,7,0,68.58983180933765
train,1043,6,0,0,505.78302181758295
train,3174,19,2,0,65.36818798161687
train,4140,14,1,0,240.88869084159387
test,513,10,1,0,171.92548545717437
train,5038,1,0,0,NaN
train,3219,9,0,0,260.3732897207392
train,3475,3,0,0,412.39604750773253
val,160,4,0,0,448.91684351836255
train,2400,2,0,0,832.669952622286
test,940,3,0,0,229.9309679012377
train,1061,3,0,0,65.14982732133677
train,1595,4,0,0,298.90681452785066
train,2954,19,4,0,69.41361537911709
train,4666,2,0,0,257.5043688949762
train,2542,2,0,0,272.00413599796605
train,2559,7,0,0,203.53930824290427
train,2065,3,2,0,362.93250061133955
train,4398,3,1,0,20.081085628023203
train,1692,4,1,0,395.36265338026027
train,3341,16,0,0,107.9038924228408
test,427,12,2,0,194.95434576823578
train,3422,6,0,0,266.68460816751633
train,528,13,2,0,123.606229616472
train,5026,10,0,0,95.35460135724966
test,385,5,0,0,762.6573608115245
train,1800,1,0,0,NaN
val,1148,5,1,0,119.14382065386354
train,2390,1,0,0,NaN
val,931,23,1,0,126.38433447227548
train,1099,17,3,0,205.7668583615933
train,2761,5,0,0,314.5921963431388
train,4349,9,0,0,171.1914133360666
test,1166,1,0,0,NaN
val,1337,1,0,0,NaN
test,1177,15,2,0,87.20665112249179
train,268,15,3,0,196.01594322911592
train,3240,7,0,0,358.7635014880973
test,441,15,10,0,38.51298482330343
test,1018,5,0,0,227.8299804678919
train,3644,12,1,0,182.87150196102635
val,1347,5,0,0,367.06947571270484
test,382,5,2,0,278.0202330766594
val,1064,3,0,0,354.22732813830163
train,2896,22,4,0,47.077064479425644
train,1808,3,0,0,190.2761151589973
train,3023,15,0,0,131.90242605805247
train,2347,3,1,0,531.9974154072555
train,4311,11,0,0,97.49487166000065
train,1133,1,0,0,NaN
train,2583,2,0,0,591.5456448998674
test,16,12,2,0,167.99373764448364
train,203,9,0,0,291.136136540966
train,3879,16,1,0,127.30420583292371
train,852,37,26,0,102.59873293564594
test,1053,2,0,0,58.69412236331676
train,628,9,0,0,329.4753405036559
train,1274,5,0,0,313.5574110111257
train,4293,12,0,0,270.44038160008574
train,34,1,0,0,NaN
test,616,6,4,0,417.5766396722882
train,1600,1,0,0,NaN
train,3016,8,0,0,210.42728950126764
train,1170,17,0,0,171.20236563786145
train,2049,2,0,0,529.6633364694974
train,3732,11,0,0,235.74774654278247
train,1115,3,1,0,187.36661922551733
train,2280,3,1,0,95.40047169694708
train,2830,5,1,0,406.74961585722485
train,2356,2,0,0,710.8322586939903
train,4941,1,0,0,NaN
val,423,9,0,0,304.02960382173313
train,4669,1,0,0,NaN
val,1236,8,2,0,41.42764777295472
train,1112,1,0,0,NaN
train,2027,1,0,0,NaN
val,1052,16,8,0,148.6177983957507
train,1740,17,5,0,172.7092933226235
train,4918,1,0,0,NaN
test,846,21,4,0,92.06655201537636
train,4297,7,2,0,125.57467897629681
train,2789,47,17,0,69.60244248587833
train,3046,12,0,0,192.66179766091182
train,3539,16,1,0,115.80545864284184
test,1087,7,1,0,33.860005906674026
train,3192,7,0,0,224.47494292236718
train,1731,4,2,0,318.8843819978779
val,258,2,0,0,369.2654871498283
train,602,1,0,0,NaN
train,2006,6,2,0,354.4391336746747
train,2960,9,0,0,291.65476166179764
test,612,6,5,0,416.11569820904936
test,140,5,2,0,186.4275998879994
test,1205,8,0,0,141.15594213493105
test,251,29,1,0,140.34600101178515
train,1897,3,2,0,518.2318496580464
train,1671,21,3,0,108.42163068318055
val,1057,13,3,0,172.8120366178236
val,1143,9,0,0,125.77161842005532
train,304,9,0,0,290.44836029834977
val,80,3,0,0,558.1442465886395
train,2548,1,0,0,NaN
train,13,1,0,0,NaN
val,255,1,0,0,NaN
train,2662,4,0,0,528.2068282373408
val,418,32,9,0,84.49400770197676
val,134,5,0,0,517.8892256071756
train,2437,2,0,0,757.1798003116564
val,761,6,2,0,349.1287557847888
val,420,11,1,0,226.38518061039244
train,4346,14,1,0,67.8946885820852
train,1153,18,0,0,236.91533703642142
train,3237,4,0,0,163.01367163248636
train,760,23,3,0,141.57153668728753
val,52,3,1,0,191.13673116384513
train,3513,5,0,0,225.63521445022715
test,956,13,0,0,221.3735530726288
train,3350,4,0,0,136.78824929888833
train,4612,8,1,0,75.17081094780865
train,3840,3,0,0,340.6908422602521
train,4326,3,0,0,78.18567643756751
train,2929,18,0,0,84.45526922681385
train,351,8,0,0,231.29774703768874
train,3590,5,0,0,191.5469916234656
val,642,3,1,0,234.69821047464336
test,1068,9,0,0,59.508402768012516
train,566,2,0,0,386.18162825282093
train,3479,5,0,0,404.6362564081474
train,3444,14,0,0,170.53037677415762
val,256,1,0,0,NaN
train,4063,9,1,0,268.8647429470811
train,463,14,0,0,193.47157413945854
train,3085,5,0,0,111.80898890518597
test,262,30,0,0,114.31148257957238
val,825,27,1,0,139.00809328956353
test,232,138,26,0,45.49027567638956
train,2367,2,1,0,666.7042072763603
train,4998,5,0,0,317.00157728314224
val,207,5,0,0,330.95807891634854
test,719,10,0,0,162.95194170582164
train,59,19,3,0,102.04410811016969
test,465,1,0,0,NaN
train,1319,12,0,0,295.6410892381396
test,980,19,7,0,113.70246259426398
train,3701,49,0,0,108.59327787667154
train,4353,5,0,0,136.74520101268635
val,781,3,0,0,585.6910448350734
train,721,1,0,0,NaN
train,1350,3,0,0,192.76929216034384
val,145,8,2,0,182.36942095033325
train,2143,3,1,0,354.6110545372211
train,753,31,3,0,99.9599919967984
train,1117,10,3,0,186.17171351394109
train,720,1,0,0,NaN
test,520,1,0,0,NaN
train,3227,5,0,0,291.0502533927775
train,1183,13,0,0,264.182701931826
train,2479,5,0,0,299.1809653036102
train,4307,38,5,0,76.75217674002401
train,1624,1,0,0,NaN
train,108,90,5,0,55.00571287321387
test,961,31,4,0,109.79298702558374
test,483,9,3,0,194.6702339855788
val,44,6,0,0,296.81457379968424
train,1503,14,0,0,132.56790712687592
train,2931,17,1,0,86.14232409216737
train,2581,3,0,0,708.6822278003026
test,1219,15,11,0,111.4955156048888
train,4078,6,0,0,262.08586379276545
train,1871,7,3,0,211.8124170109014
train,4467,11,2,0,37.05401462729781
train,4563,2,1,0,237.3251988306341
train,694,3,0,0,292.28795732975385
train,1295,14,10,0,248.99987576283107
train,1127,10,0,0,293.33811549132173
test,934,11,3,0,67.51666460956139
train,2697,25,18,0,161.1745947722531
val,1239,5,0,0,388.6106663487249
train,418,5,0,0,491.5366212196198
train,1457,16,4,0,112.56483684032153
train,2969,3,1,0,51.39309292113095
train,1981,5,0,0,186.14241859393576
val,373,5,0,0,436.0725283711415
train,1420,15,2,0,288.870645791503
train,792,32,1,0,104.97494878996818
test,969,8,0,0,305.8013835730144
train,919,8,0,0,274.4868331935419
train,3473,3,0,0,390.28483188563706
train,3375,11,0,0,149.67381200463893
train,1864,3,0,0,380.6691476860188
val,101,15,1,0,114.59602959963317
val,1134,3,1,0,50.202091589892945
train,796,20,1,0,128.16600429954815
val,486,10,1,0,305.06219413994995
train,4151,15,0,0,135.72951042422574
test,831,3,0,0,451.00997771667977
test,471,2,0,0,907.659765550947
val,907,18,4,0,141.1642563384728
val,1291,2,0,0,240.67405344157896
test,1122,2,0,0,147.8732565408634
train,2723,3,0,0,625.9810300640108
test,257,24,1,0,93.15846714067379
train,3702,29,4,0,92.80355596635293
train,4290,8,0,0,260.36225340588635
train,3646,17,2,0,163.49464823045432
train,1892,13,10,0,207.3191983391794
train,4218,5,1,0,193.8762491900439
val,560,18,11,0,95.69123715117684
train,4179,19,1,0,100.13116398005168
train,718,1,0,0,NaN
train,417,5,0,0,654.3901741316108
val,73,3,1,0,343.58841656842856
train,2601,1,0,0,NaN
val,1342,4,0,0,429.62498986355246
train,225,7,0,0,312.0833222073874
train,276,3,0,0,340.66479125380715
train,576,12,4,0,129.57467311340875
train,604,1,0,0,NaN
train,2044,6,1,0,369.14800554791026
test,164,5,0,0,397.44496474354787
train,1658,42,32,0,104.04217054143012
val,369,9,0,0,306.1539645341866
val,930,6,0,0,296.10714839239074
train,9,1,0,0,NaN
train,1920,3,0,0,442.90772176605816
test,169,3,0,0,291.6864755178066
val,831,26,0,0,104.9952379872535
train,4450,3,0,0,442.302215685158
test,1019,5,0,0,394.31618024118666
train,1898,10,9,0,54.42655601817921
val,241,3,1,0,148.85227576359054
val,251,1,0,0,NaN
train,3850,13,1,0,165.90509335159064
train,3603,9,0,0,225.75429121059915
val,288,2,0,0,1013.933183202917
train,4621,15,4,0,77.10382610480494
train,2520,3,0,0,362.1204909971265
train,3689,60,4,0,78.29829953281609
train,2989,4,0,0,508.76993193365286
train,4959,9,3,0,93.69364973145191
train,4072,7,6,0,154.2246737717412
train,4383,2,0,0,692.2082417885531
train,4702,5,0,0,86.44217720534346
val,717,5,1,0,284.47934898688163
train,4223,8,3,0,211.35105098269864
test,253,36,0,0,121.43235832861922
train,3832,2,0,0,142.1442928857856
train,406,5,0,0,459.3008273452161
test,669,30,11,0,100.11022408657266
train,3792,37,11,0,66.38712224520656
test,915,20,0,0,243.34811114985146
train,3297,5,0,0,327.90623659820807
train,2211,5,5,0,179.97013641157247
test,120,4,3,0,440.63982218342767
test,837,4,0,0,317.99845064829833
train,266,6,0,0,399.02506186955225
train,3263,6,0,0,312.14459790295905
train,4363,11,2,0,44.477522413012174
train,446,13,2,0,107.77870847249933
train,3374,9,0,0,242.77819094803388
train,4090,7,0,0,177.96418178948258
val,1144,3,0,0,99.42459454279911
train,4374,3,0,0,419.2165311625962
train,1310,12,0,0,292.9251547285014
train,4057,10,3,0,208.78038700989134
train,774,6,0,0,348.2517049491646
train,3550,20,0,0,206.63070923751872
train,3716,13,1,0,227.60107644736658
train,425,4,1,0,323.5048966536327
train,2475,27,16,0,42.99127818523194
train,4631,26,5,0,55.9059291464592
train,1134,4,0,0,239.88364452321167
test,1123,2,0,0,484.30697909487117
train,3730,14,0,0,288.6936552755801
train,295,1,0,0,NaN
val,32,2,0,0,465.0002688171266
val,1165,5,0,0,284.39760899135564
train,3325,11,0,0,73.58328614570023
train,833,5,0,0,364.1606788218629
train,261,2,1,0,596.0390087905321
train,1998,3,2,0,432.30602586593676
val,555,5,1,0,85.37124808739767
train,4239,12,7,0,157.6538712578715
val,579,15,6,0,156.41371423248026
test,1255,4,0,0,584.7010070914705
train,2867,4,0,0,480.0886250539239
val,107,3,0,0,425.804239058279
val,434,19,3,0,181.05593058499906
train,4272,2,0,0,293.4897783569302
train,338,3,2,0,483.125242561388
train,3546,14,0,0,164.62079408943328
train,4550,5,0,0,299.61308382645774
test,324,10,0,0,307.0964832100817
train,4242,11,1,0,213.50644018389704
train,1582,4,0,0,414.1939657040078
train,3258,3,0,0,377.42946360876493
train,4546,3,0,0,85.92147577875976
train,3763,10,2,0,105.34573181598867
val,1366,102,24,0,63.257912545585086
train,1232,13,0,0,231.51943762889542
val,908,27,6,0,97.12491956238625
test,452,3,1,0,280.58866691297425
train,2907,1,0,0,NaN
train,1633,20,21,0,209.81650789048047
train,3718,9,0,0,303.7268509697488
train,3002,19,0,0,115.39714034585086
val,54,4,0,0,584.4786559053925
val,184,5,0,0,391.00031969296396
train,4267,7,1,0,108.79912683473154
test,799,21,1,0,148.06079832285116
test,461,6,0,0,455.39488359005526
train,2426,1,0,0,NaN
train,4861,3,0,0,528.2340863670197
train,522,29,3,0,139.2838827718412
train,1018,144,32,0,58.999354960944466
val,275,3,0,0,736.3945953087923
test,474,5,0,0,616.4576222255671
train,1277,4,0,0,534.3867802964685
train,2649,8,1,0,345.3336382548897
train,2661,11,3,0,193.10942493829762
val,85,2,0,0,606.7635453782635
test,327,4,0,0,94.72771408104117
test,531,2,1,0,34.44198019858905
train,4626,14,2,0,61.15962720618889
train,3748,2,0,0,899.5254304354047
train,1360,1,0,0,NaN
train,2140,1,0,0,NaN
val,798,5,0,0,447.1747421310824
train,4889,5,0,0,267.55980639849474
train,4951,1,0,0,NaN
train,1932,4,0,0,231.73786768685653
train,2105,3,0,0,420.880030412468
train,1109,2,0,0,1565.5824794625162
val,836,11,1,0,74.54528824815154
test,672,10,0,0,238.2706806369464
train,627,7,0,0,312.7830717925764
val,220,5,2,0,349.31969598063034
train,1643,7,1,0,359.0546615767577
val,86,2,0,0,435.43828494977333
val,1357,14,10,0,161.19863522995473
train,4947,3,0,0,384.42587061747025
train,64,3,0,0,234.4109639074077
train,2500,5,0,0,200.44201156444225
test,723,18,0,0,132.52263957528163
val,1138,7,0,0,76.94153624668537
test,1254,3,0,0,320.5191101946965
train,4936,1,0,0,NaN
train,902,6,0,0,383.9225182247064
train,3290,3,0,0,313.4537445939991
train,4608,19,4,0,67.20863039818622
train,4671,11,1,0,230.08965643852832
train,4394,4,0,0,191.02463849892177
train,3807,6,1,0,361.00554012369395
train,2142,3,1,0,94.64142856064674
train,3109,3,0,0,237.2003372678884
train,3304,8,0,0,364.6469966148121
train,2434,3,1,0,67.11929677819934
test,96,15,0,0,139.3960185945065
test,1083,16,1,0,52.945726928620026
train,897,13,6,0,102.09431913676686
test,80,3,1,0,287.54564854993026
train,2207,3,1,0,704.0628523079456
train,3383,7,0,0,248.92770034690795
val,188,4,0,0,309.138762045491
train,88,3,0,0,119.33251861919281
train,4556,1,0,0,NaN
val,308,1,0,0,NaN
test,548,1,0,0,NaN
val,309,8,0,0,99.03766858639148
train,2515,4,0,0,449.88726478350577
train,533,14,1,0,230.37651068286385
train,3582,10,1,0,153.83472457004262
train,1416,22,12,0,72.78965397854367
test,477,7,1,0,284.29737951659
train,3429,12,0,0,130.38997433294207
train,1849,36,30,0,49.90490957811666
train,3225,7,0,0,225.34695471649934
val,1308,1,0,0,NaN
train,3182,8,0,0,285.8654132927313
train,994,9,0,0,285.63088068344433
train,2910,1,0,0,NaN
train,5068,17,3,0,101.83319694480774
train,1011,6,0,0,317.04997015828553
test,845,13,2,0,137.48636296011324
val,854,14,1,0,168.482194904981
train,4269,4,0,0,211.50951526764734
train,4491,3,0,0,432.69677604530403
train,4262,8,2,0,175.03187363378123
train,192,7,0,0,383.0567843022755
train,3529,17,3,0,165.5936291045039
train,621,5,0,0,611.2892114212389
val,93,18,0,0,180.00277775634464
train,4801,20,7,0,52.839379254491625
train,2219,2,0,0,788.1833543027916
train,330,7,4,0,304.95778396361686
train,820,14,6,0,177.68511473953018
train,4849,5,0,0,83.85254915624212
test,545,1,0,0,NaN
train,4133,5,0,0,263.8015352495129
train,1977,6,0,0,246.0041115504749
train,2983,13,2,0,159.437291748198
test,953,6,0,0,227.52244168470614
test,770,11,0,0,275.1817581163403
val,838,10,0,0,241.3379373409825
train,2238,1,0,0,NaN
val,3,19,6,0,148.82960055042813
train,1801,1,0,0,NaN
val,449,28,17,0,61.50145439492528
val,1322,4,0,0,517.1278133836953
train,3266,4,0,0,468.6837615629592
test,798,4,0,0,154.96823626282443
train,4953,2,0,0,513.5703457171179
val,751,14,4,0,172.78878506449206
train,5066,26,14,0,63.985211147016805
val,839,8,1,0,195.13653602521794
train,4036,5,0,0,130.15087398861368
train,3330,19,7,0,87.93179174792243
train,3585,5,0,0,266.93491716146843
train,2999,15,1,0,246.89471440271862
test,893,10,1,0,122.73611721942807
val,31,1,0,0,NaN
train,3294,5,0,0,497.6989551927952
train,2326,1,0,0,NaN
train,3446,14,0,0,157.87143201710987
train,1304,4,0,0,555.3819105357107
val,870,1,0,0,NaN
train,2086,5,0,0,369.51488467990026
train,5028,17,2,0,94.0558344814398
train,285,2,0,0,686.5007283317331
train,1694,1,0,0,NaN
test,369,54,5,0,73.87827826905551
train,1841,9,0,0,184.87428160779962
train,768,8,0,0,304.346937773605
train,3551,27,0,0,127.51568530969043
train,3588,6,0,0,187.50599990400306
train,1958,6,4,0,262.71857029606906
train,308,9,2,0,246.51825490214716
train,703,1,0,0,NaN
test,954,9,0,0,142.26120342524874
train,998,8,0,0,337.25407861283225
train,5064,23,11,0,55.084026722816844
train,3208,13,0,0,145.31431450480025
test,889,7,0,0,101.30399794677405
train,36,3,0,0,669.5022404742198
train,2665,29,8,0,114.56548345815156
val,957,4,0,0,231.48755651923005
train,1906,19,9,0,84.20213774008353
train,1528,19,2,0,66.77761601015717
val,214,10,0,0,267.21573681203733
train,3740,30,1,0,116.01538726793837
train,3882,35,3,0,99.36422897602537
train,2917,4,0,0,279.79552025107165
train,2042,2,0,0,352.239975017033
val,1243,3,0,0,442.8205053969385
train,1244,42,1,0,95.68307060290238
train,2507,6,0,0,132.3782459469833
train,3968,23,0,0,172.99205184053977
val,949,4,0,0,94.65919329661523
train,1538,15,3,0,74.16367035145981
train,3756,3,0,0,451.17319290933057
val,379,3,0,0,295.39295861614573
train,3103,5,0,0,249.4118080604846
train,161,6,0,0,302.4433831314549
train,1026,49,21,0,115.55301813453424
val,1048,11,0,0,106.07544484940895
train,3976,17,4,0,168.8268343599441
train,3112,7,1,0,148.02871343087463
train,2277,10,2,0,138.72574819985795
train,4455,1,0,0,NaN
train,2678,19,0,0,54.3415126767741
val,699,4,1,0,491.6851655987054
train,1111,1,0,0,NaN
test,1167,4,0,0,170.56284466000892
train,1725,11,4,0,170.75128110793196
test,193,5,0,0,445.1123453691214
train,461,11,0,0,196.91241707926903
train,4507,13,1,0,87.6156378736125
train,2087,3,0,0,375.4763641029885
val,120,1,0,0,NaN
val,935,18,1,0,167.26420358277116
train,3854,13,0,0,172.85036881649978
train,2304,2,0,0,1055.1588742933454
train,3928,17,3,0,162.35532020848592
train,3412,5,0,0,266.83515510516975
train,2297,1,0,0,NaN
train,4839,5,0,0,285.79713084634
test,916,14,1,0,142.14991764616653
train,850,38,8,0,117.32403588603515
train,367,32,10,0,114.90652862736196
val,129,3,0,0,470.61236702832196
train,5013,11,4,0,136.69308687713507
test,1022,16,2,0,108.06016842481785
train,1598,1,0,0,NaN
train,3925,8,1,0,192.18215555242637
train,1184,14,0,0,215.232055256065
train,4783,22,6,0,73.79217963650413
train,4092,10,5,0,101.46038222749397
train,3720,8,0,0,274.17036684518314
train,564,2,0,0,322.7231785911883
train,1266,2,1,0,78.57639594687453
val,749,12,1,0,158.78740353902032
train,2307,8,4,0,88.66621692794897
train,3398,5,0,0,175.22699563708784
train,1661,14,4,0,128.46858209022088
train,2658,18,3,0,227.0137661024106
val,531,2,0,0,806.4521064514619
train,2168,8,2,0,509.35898093607545
train,958,4,0,0,358.204766641851
train,3267,8,0,0,253.25225701637373
test,451,3,0,0,112.57108865068331
test,952,6,0,0,267.4214838041252
train,1247,23,0,0,145.7737973711325
test,1258,16,4,0,64.3599585436419
val,1350,11,2,0,130.6723000486331
train,839,8,0,0,411.0180953176822
train,3664,4,0,0,186.17722568505891
train,3459,5,1,0,364.29246492344583
train,2592,60,7,0,56.68015788059253
train,2758,2,0,0,890.4056659747848
val,558,33,21,0,54.48853090330111
val,782,2,0,0,170.5703667112198
val,1142,22,2,0,64.89093695850744
train,3836,6,0,0,441.7123832363777
train,3247,6,0,0,242.8605566986949
train,4980,4,0,0,234.06542209217824
train,148,5,0,0,577.3789916510644
train,1651,22,7,0,73.17201656462271
train,4289,6,0,0,127.68907549199344
test,644,61,5,0,69.87131027825369
train,1751,4,1,0,46.90433743607102
train,4578,4,0,0,508.0739293897847
test,373,36,10,0,127.3634300125212
train,1148,1,0,0,NaN
train,4145,21,1,0,167.10026929960347
train,4277,13,5,0,109.41891975339549
train,3888,31,4,0,100.57957049023425
val,1189,3,1,0,163.5
val,1149,7,0,0,247.226616690032
train,4404,5,0,0,188.03324174198562
train,4596,2,0,0,897.594145480016
val,1118,2,0,0,529.1015970491868
train,2663,10,2,0,196.84829183917242
train,396,1,0,0,NaN
train,1686,3,0,0,525.1230808105848
train,4080,2,0,0,389.26244360328417
test,704,11,0,0,194.51542355299233
train,1025,50,31,0,109.35492672943455
val,919,31,3,0,124.53613933312691
train,92,7,0,0,213.59073013593076
train,2152,1,0,0,NaN
test,442,7,1,0,288.31449842142865
train,3443,10,0,0,161.69407820259178
train,3771,23,1,0,81.68537200747757
test,374,17,2,0,128.69440547280988
train,3485,4,0,0,368.9281064484736
val,1261,2,0,0,601.1197883949587
train,3295,6,0,0,363.50859687220606
test,627,20,28,0,136.08974464893726
train,2706,10,1,0,339.13013726296873
train,1684,2,0,0,459.7817416992545
train,633,7,0,0,160.5404933342364
train,5042,2,0,0,350.2531227555295
train,1091,4,0,0,307.247470262317
val,1229,11,9,0,65.03076195155643
train,4989,2,0,0,200.15993605114886
val,954,3,0,0,256.1815762306103
train,1362,1,0,0,NaN
train,3353,4,0,0,328.20201624564334
train,2589,42,32,0,40.92240316862734
train,1606,1,0,0,NaN
test,1227,8,5,0,173.7158930462994
test,515,5,1,0,393.84292554265846
test,239,4,0,0,293.1283120640402
test,1058,4,0,0,500.5465484844268
test,608,20,12,0,147.3312296479573
test,397,55,4,0,51.34685968976097
train,4001,18,1,0,78.81624198095213
train,1106,2,0,0,1585.638357255525
train,3628,4,0,0,141.62871606254163
train,2458,4,0,0,392.92101173163553
train,4073,7,4,0,235.96821819897696
train,311,2,0,0,1009.0044598513923
train,687,1,0,0,NaN
train,358,91,72,0,94.47883360838024
train,3193,6,0,0,119.98061088627463
train,1877,2,0,0,430.8970294629565
train,4351,3,1,0,43.18564576337837
val,1221,12,1,0,107.88150687431613
train,2266,1,0,0,NaN
train,1512,4,0,0,143.5946082376377
train,3453,15,0,0,261.17283549404596
train,2978,5,0,0,236.15355174123468
train,127,4,0,0,465.2168048932706
train,3876,9,0,0,146.01112971277223
val,175,14,2,0,141.05495383005874
test,15,14,1,0,188.96097480696906
train,1883,2,1,0,644.0939372482868
train,237,4,0,0,576.9790260521931
train,3216,9,0,0,261.1517757933114
train,2202,3,0,0,86.97700845625813
train,3031,7,0,0,312.0869269931056
train,3355,5,1,0,61.28825336065631
train,3799,16,1,0,111.7161581867189
train,3671,3,0,0,127.85343170990758
train,649,5,0,0,176.52549390952004
train,4630,35,8,0,43.68352092036538
train,2587,8,3,0,283.52487673687085
train,1517,5,1,0,60.53924347066124
val,714,2,0,0,334.647575816709
val,347,16,1,0,155.26164373878672
val,173,6,0,0,272.1369140708405
val,92,18,1,0,150.15408752345039
test,230,83,12,0,66.98134068529832
test,121,6,3,0,323.2139384370668
train,3708,16,0,0,186.99777944629
train,4298,6,5,0,186.15024488290638
test,1228,12,7,0,117.42029237780068
train,4676,8,1,0,219.6045430335215
val,171,5,0,0,410.9455560046854
test,361,54,1,0,72.09022125087424
train,950,3,1,0,235.85217828122768
train,2529,2,0,0,432.5650240137314
val,494,7,0,0,330.10642223380023
val,940,38,4,0,128.3627671873741
test,1197,2,0,0,818.1344632760558
val,993,4,2,0,355.14682742312567
train,3717,12,1,0,196.7364465205216
train,2737,6,1,0,277.51441404006385
train,3340,19,0,0,109.13867325563382
train,3904,18,0,0,131.8459976874471
train,4768,10,5,0,63.43207989055417
train,85,9,3,0,108.4723467064302
train,1931,3,0,0,227.32410782844832
train,2784,10,1,0,235.03270332775583
train,1711,2,0,0,574.5200170577175
test,1229,4,2,0,165.9827994812405
train,709,5,0,0,307.0541483191523
train,3242,6,0,0,248.84734276258607
train,4104,17,4,0,47.83565615730592
val,589,13,9,0,140.89446405022449
test,1009,3,0,0,171.16439466197403
val,242,3,1,0,161.37921179631533
test,3,4,0,0,413.2477704383973
train,1474,27,5,0,58.0
train,2599,4,2,0,214.00779492518086
train,2210,5,2,0,343.5407544964644
train,3386,13,0,0,291.60804172724727
test,84,4,0,0,317.4445933153813
val,785,7,0,0,188.23190484081067
train,1225,7,0,0,229.4558781116753
train,966,2,1,0,26.21545345783666
val,108,3,0,0,291.2953827303138
val,535,1,0,0,NaN
train,3354,2,0,0,873.418857135567
train,23,5,1,0,194.5057839756957
val,118,3,0,0,440.9314005602232
train,4604,15,2,0,160.33168744823962
train,3156,38,8,0,38.67669821581549
train,2965,8,1,0,233.22360515179417
train,2594,6,0,0,355.7196930168472
train,465,21,5,0,134.28049001995785
val,1150,7,0,0,190.0
train,452,10,2,0,219.0005707755119
train,2164,2,1,0,437.4348522923156
train,1923,8,2,0,100.59016763514902
train,4615,8,2,0,69.6419413859206
val,27,2,0,0,594.7505779736578
train,4359,4,0,0,209.69884525767264
train,4069,9,3,0,186.74380846496624
train,2700,22,1,0,191.72180366353746
test,778,13,0,0,205.9933251345781
val,125,1,0,0,NaN
test,583,7,0,0,222.62636860893187
train,3724,19,0,0,233.55620308610943
train,4841,8,0,0,237.72094985507692
train,1358,1,0,0,NaN
train,4352,4,0,0,159.060996840811
train,2619,4,0,0,463.57609266611496
train,4002,10,0,0,137.04959895476355
train,971,37,1,0,128.90015515894464
test,857,27,1,0,116.53862020806665
val,977,5,0,0,203.71180623616294
train,81,1,0,0,NaN
train,941,6,0,0,313.6643550949067
val,1181,1,0,0,NaN
train,514,2,0,0,878.42543792857
train,959,4,0,0,471.9043399038138
val,58,7,2,0,199.44924166313595
test,827,5,0,0,331.1200688572047
test,281,8,0,0,271.029811219904
train,1938,4,0,0,284.14399420661533
val,1283,1,0,0,NaN
train,2795,3,0,0,480.481269145843
train,4314,1,0,0,NaN
train,3915,35,3,0,110.61306432786319
train,4403,4,0,0,356.2163580379082
train,4021,33,9,0,50.44799302251776
val,1099,2,0,0,142.2708684165525
val,1352,7,0,0,70.76722405181653
train,1349,2,0,0,317.57715597945645
train,1079,5,0,0,450.7083314073526
train,4471,8,0,0,83.78134319848793
train,1120,8,0,0,269.60804884127623
val,194,5,0,0,294.2876993691717
val,608,3,1,0,295.0016949103852
val,997,6,2,0,168.93945202622854
train,4721,3,0,0,68.06614430096654
val,770,31,11,0,114.99782606640875
val,1015,12,4,0,188.85444130334875
train,643,5,0,0,180.04513323053195
train,2020,2,0,0,1028.0588504555565
train,1556,8,0,0,140.98639263523688
train,2704,16,9,0,254.41157599448968
val,867,5,0,0,105.99646220511325
train,3221,8,0,0,250.5007252507376
train,4686,2,1,0,157.21482118426366
train,4132,2,0,0,544.0985664381042
val,181,4,0,0,375.4282164930116
train,11,3,0,0,484.2419333349808
train,4961,3,2,0,179.36833611315015
val,897,21,8,0,142.45437866208255
train,1037,21,4,0,221.49774265215436
test,27,1,0,0,NaN
train,4288,2,0,0,33.20015060206806
train,3033,7,0,0,145.95632908510683
train,4048,22,5,0,45.118393293637304
val,198,4,0,0,313.73184426495425
train,2480,3,0,0,68.87670143089025
train,60,9,3,0,80.18883962248113
train,4457,1,0,0,NaN
train,3173,10,1,0,326.362145476463
val,368,7,0,0,293.2409418890889
train,4935,9,3,0,293.85753350901183
test,561,1,0,0,NaN
train,1790,3,0,0,369.0237119752605
train,4724,2,0,0,1011.6512491960854
train,3094,4,0,0,229.68708812917248
train,4592,3,0,0,449.51362604486195
train,2295,6,3,0,356.0509104244409
test,997,10,1,0,275.82467257299515
test,201,21,8,0,124.28394908434475
test,859,43,0,0,97.93492737527302
train,3005,17,0,0,202.69990133199374
train,3052,10,0,0,279.7441563124646
val,12,13,2,0,162.6729848499744
train,3285,6,0,0,286.9027957627338
train,1641,1,0,0,NaN
test,236,18,1,0,165.96948781271408
train,2352,1,0,0,NaN
test,1069,6,0,0,93.95817695531576
train,530,14,1,0,136.86581019378067
train,194,7,0,0,373.6793411469251
val,521,1,0,0,NaN
train,3629,4,0,0,278.52309574193816
test,853,11,0,0,199.44924166313595
train,1858,5,1,0,519.9855767230472
train,1200,12,0,0,262.4344481721856
train,794,22,4,0,60.09423667091365
train,4206,5,0,0,330.95505737184317
train,2632,1,0,0,NaN
val,822,43,1,0,99.62554893198832
train,2069,1,0,0,NaN
train,2075,4,0,0,378.99335415265625
test,884,3,0,0,159.15558425641245
val,364,6,0,0,256.4688090197325
val,209,3,0,0,286.44894833111186
train,390,6,4,0,284.02073158066105
train,4472,6,0,0,102.9866496202299
test,567,1,0,0,NaN
train,4575,2,0,0,438.39536950109317
train,4969,6,2,0,314.6049109597624
train,4915,1,0,0,NaN
train,1321,5,0,0,314.78961228096455
train,2941,30,5,0,51.67533617882745
train,992,6,0,0,364.3967617858315
train,3790,11,1,0,31.535694062442957
val,174,12,1,0,218.65431515955996
train,948,9,1,0,164.37913492898056
train,2728,12,1,0,118.83272239521753
train,2747,29,3,0,107.26252840577645
train,669,7,0,0,360.3002220371228
train,1816,4,1,0,564.2205893872074
test,53,3,0,0,638.0997179124905
val,607,2,0,0,527.8212292054953
train,1422,10,6,0,253.55019037980162
test,1026,8,3,0,65.12296062065974
train,5029,2,0,0,447.4553050305695
val,1152,4,0,0,246.57545370984093
train,4197,5,1,0,348.2786240928375
train,109,31,1,0,97.56664389021486
train,241,2,0,0,771.3173795526716
train,4855,6,0,0,113.91400849102843
train,3743,20,3,0,116.4398986602101
train,3896,20,4,0,160.25136504878827
val,1078,24,9,0,195.2008003114132
test,447,2,0,0,959.5337409387957
test,640,21,4,0,218.2962436690105
train,4539,2,0,0,701.6070837726769
train,3317,16,3,0,88.1978065390312
train,2141,1,0,0,NaN
train,2046,2,0,0,728.3028216339684
test,722,10,0,0,309.6943235004267
train,1152,19,0,0,116.35506005326971
train,1361,1,0,0,NaN
test,321,11,1,0,241.7958849939345
train,180,11,1,0,187.2431574183687
train,4647,12,0,0,77.89856167376163
train,4498,10,1,0,60.238546014371295
train,3784,7,0,0,184.03056811301758
test,134,1,0,0,NaN
train,4504,13,5,0,55.9128786595718
train,3939,35,2,0,156.2961931718108
test,64,3,0,0,456.9491218943308
test,599,36,20,0,140.77192281232925
train,1307,15,1,0,180.54431588947907
train,2329,1,0,0,NaN
val,1151,4,1,0,58.31819405688738
train,3637,11,0,0,211.41960647016634
train,3652,20,0,0,193.37851483554215
val,923,28,0,0,139.92654164874955
test,502,2,0,0,549.0705783412548
train,3463,8,0,0,270.1162917040025
train,2827,15,3,0,201.92077654367318
train,690,3,1,0,135.988970140964
train,3570,9,0,0,182.00274723201295
train,2612,3,0,0,663.1862483495869
test,856,45,3,0,94.39941737108339
val,1209,10,1,0,75.73803535872844
train,2804,20,4,0,77.64715669908364
train,4912,2,1,0,91.45627370497881
train,441,56,14,0,99.25393874653429
test,1186,13,2,0,101.35704218257358
train,354,8,3,0,376.7804221244111
train,1312,7,0,0,333.50599694758114
val,755,22,1,0,148.40569396084504
test,632,10,1,0,175.84174889903392
test,468,7,2,0,134.24790501158668
train,2471,6,0,0,389.7817059203183
train,4015,10,1,0,98.28657080191576
train,4640,12,1,0,67.52962312940892
train,5010,8,1,0,92.59924252563715
train,651,1,0,0,NaN
train,2284,4,2,0,311.22387444967416
val,913,18,5,0,165.6569937505343
train,3872,17,1,0,114.6963382153066
train,2979,8,1,0,165.7181341917655
train,719,2,1,0,93.23089616645332
train,4487,5,0,0,148.35430563350698
val,975,9,0,0,195.77793542685038
train,3746,21,3,0,151.31506864816868
train,733,66,12,0,82.94727240844028
train,4664,2,0,0,915.1284062906145
train,4402,5,0,0,169.30002953337012
train,1979,1,0,0,NaN
train,1513,9,2,0,46.76002566295275
val,570,13,5,0,93.88556864609171
test,1108,2,0,0,499.42592043265034
test,187,3,0,0,79.35521406939812
train,1807,3,0,0,191.34589099324813
test,1111,2,0,0,810.1180469536523
train,1884,5,1,0,184.20437019788645
train,281,3,1,0,311.9647415975081
train,858,14,1,0,196.17211839515463
train,2756,3,0,0,830.5371755677165
train,3345,19,1,0,152.97058540778355
train,2062,3,0,0,145.56957099613916
train,2825,20,7,0,95.54187563576508
val,832,9,0,0,274.4763195614514
val,1256,2,0,0,658.3410970006354
test,530,1,0,0,NaN
val,857,13,0,0,226.01382701064995
test,756,11,0,0,192.8172710106644
train,2134,8,7,0,149.91385566052782
val,137,13,0,0,224.518373412957
train,1714,5,0,0,526.0465758846834
train,2676,27,16,0,138.29407073334707
train,537,3,0,0,406.5003075029587
train,3605,6,0,0,362.66336510994955
val,998,6,0,0,388.3258940632211
test,293,33,1,0,111.05178971993202
train,3474,6,0,0,478.6924938898018
test,1054,1,0,0,NaN
test,1244,21,0,0,66.9496079152074
train,1757,4,0,0,149.41042223416326
val,25,2,0,0,504.21250480328234
train,3727,17,1,0,220.16414331130306
train,3785,21,5,0,72.86288492778748
train,2332,1,0,0,NaN
train,4816,14,10,0,166.38474389429535
train,45,2,0,0,569.8438382574651
train,717,1,0,0,NaN
train,3545,13,0,0,216.0092590608097
train,3707,38,6,0,105.91861026822323
test,226,13,2,0,187.0327511426809
test,844,9,0,0,134.9518432626987
train,1031,50,12,0,95.89446896254834
train,3286,5,0,0,478.9415413179358
train,1149,2,0,0,394.65459581765924
train,2192,2,1,0,406.14683305425393
test,693,5,1,0,194.40164608356588
train,1640,2,0,0,914.2846930797868
train,1451,15,3,0,223.60959281748177
train,938,1,0,0,NaN
train,4153,19,2,0,167.18926400938548
val,150,7,0,0,262.3909297212844
val,1157,2,0,0,184.54335533960577
test,335,6,0,0,274.31156240140393
train,397,2,0,0,769.197633901717
train,3178,13,1,0,181.0006906064173
test,792,4,0,0,356.95028977617335
train,4170,12,1,0,65.15939106271651
train,1460,32,14,0,56.73814295853566
train,854,13,3,0,196.7009150970071
train,3434,24,2,0,123.49555067332469
train,236,3,0,0,462.5172969738537
test,274,1,0,0,NaN
train,2016,4,0,0,344.96420469597973
train,4213,5,0,0,473.78502509049395
val,1304,2,0,0,288.33357418101696
test,937,7,2,0,101.91785908269463
test,657,16,0,0,253.2432274474449
train,2405,6,0,0,80.42779213337425
train,1262,2,0,0,61.018439835839786
train,3610,7,0,0,196.08671551127577
test,1218,24,32,0,83.74152484808035
train,3418,5,0,0,329.4878601709022
train,888,8,2,0,196.45306425860196
train,1445,15,0,0,156.0016025558712
train,2794,6,2,0,448.18254339729174
train,3405,5,0,0,367.6193683689694
train,4678,7,1,0,275.71044593921357
train,5006,13,6,0,141.16833922661272
train,4514,13,2,0,82.79190781712909
train,2316,1,0,0,NaN
train,3591,5,0,0,260.31615393594
test,449,2,0,0,1022.7700132483353
train,31,3,1,0,210.41863035387337
test,493,4,0,0,343.82252475068833
train,2071,1,0,0,NaN
test,750,9,1,0,165.23997700314533
test,666,11,7,0,218.85211902104123
train,2839,31,9,0,77.95030468189333
test,384,5,0,0,331.55429419628996
train,2943,27,6,0,61.55079203389669
train,3578,11,0,0,172.0363333717619
val,511,4,0,0,327.7070503087781
train,25,7,0,0,454.71804450670305
val,565,10,5,0,153.65552785321916
val,1358,16,18,0,135.7258736157067
train,2476,3,2,0,82.10511555317366
train,2620,4,0,0,485.6821285328757
train,4181,15,4,0,94.86832980505137
train,2856,7,3,0,282.17193340231415
train,1653,1,0,0,NaN
test,579,5,0,0,308.322071866417
test,409,24,4,0,41.49082111651005
test,35,2,0,0,326.1046611135756
train,3472,9,0,0,278.7059382216317
val,29,2,0,0,482.2473431756778
train,4129,3,0,0,327.8353245152206
val,334,11,0,0,287.3021058050219
test,614,3,0,0,514.1373843633626
test,370,60,0,0,88.05963888183962
train,1431,14,2,0,265.6360291827899
test,136,1,0,0,NaN
train,1880,6,2,0,318.95629742218176
train,1787,8,0,0,194.01765807969113
train,4296,6,1,0,412.5778714376233
val,576,10,0,0,423.7699603978258
train,1782,5,0,0,328.11011871016717
train,4720,1,0,0,NaN
train,1610,2,0,0,1093.297420650026
train,2119,4,2,0,69.06575102158588
train,636,3,0,0,367.5275499877526
test,933,13,3,0,118.4282483193938
train,3682,6,0,0,143.78543041629774
train,4049,23,12,0,75.05997601918082
train,920,12,1,0,134.968514846982
train,3621,6,0,0,313.6000637755037
train,3377,17,0,0,223.43958915107234
train,3725,16,0,0,205.25505037623083
test,1038,4,0,0,562.2698221315926
train,1388,5,2,0,239.19291377463506
train,3400,3,0,0,351.0270644836378
train,4216,10,1,0,353.61347188489134
train,2103,2,0,0,384.419042192241
val,1160,9,1,0,90.03471552684553
val,1191,9,2,0,95.46203433826454
train,4255,6,1,0,194.0425211132859
train,5047,8,3,0,212.62904452329175
train,5033,3,0,0,393.97461847179954
val,340,8,0,0,233.37944880777957
train,3058,17,0,0,224.37691503361035
train,4708,13,0,0,149.83324063771698
val,946,3,0,0,311.0132633827696
test,544,1,0,0,NaN
val,1102,14,2,0,64.51476175121394
train,3391,1,0,0,NaN
train,2802,17,2,0,155.9439001692596
train,1903,21,23,0,94.25629952422278
train,176,17,3,0,168.07438829280326
train,1499,10,1,0,69.68993732865468
train,3471,9,0,0,224.62691290226113
train,4435,4,0,0,434.78882343643045
train,4565,2,0,0,448.33246592233314
val,1038,12,1,0,141.39559521439674
train,2715,24,7,0,79.69378698679996
train,377,3,0,0,542.7011147952435
train,653,6,0,0,326.1977927577071
train,1017,172,32,0,53.528030040344284
train,2879,7,0,0,52.718592545704404
train,149,6,2,0,266.9233958940913
train,2569,3,0,0,394.30001268069975
train,563,2,0,0,392.0105228179468
train,472,6,0,0,293.61752331902807
val,851,19,0,0,134.76831971943554
val,1061,2,0,0,755.0518194137406
train,4257,12,2,0,133.86243632267275
test,363,75,3,0,67.75876327088622
train,4863,1,0,0,NaN
val,679,15,4,0,66.59204156654157
train,2958,10,2,0,80.45528838357298
train,2082,6,5,0,62.96824596572466
val,621,5,2,0,350.0046428263488
train,3230,6,0,0,188.1681428935302
val,1071,5,0,0,262.9220416777566
test,886,12,0,0,198.4823669750036
test,557,1,0,0,NaN
train,2845,7,1,0,286.350309935226
train,1192,8,0,0,247.5571675117925
train,4831,3,0,0,80.0390529679106
train,5,2,0,0,892.9437272303334
train,5058,6,5,0,156.18930825088984
test,1027,16,1,0,59.53360395608517
train,3584,10,0,0,254.84603194870428
train,4880,2,0,0,161.0007763956435
test,901,17,1,0,145.383114562868
test,1070,3,0,0,212.18977355188446
train,2226,2,0,0,301.29097231745925
train,3901,1,0,0,NaN
train,1155,14,0,0,200.60741371818315
val,106,4,0,0,344.8985264853227
train,199,9,0,0,379.9295987416616
train,1195,15,0,0,224.32677058255888
train,3328,17,0,0,105.72133181151285
test,220,1,0,0,NaN
train,3607,2,0,0,283.58640658536507
val,680,2,0,0,719.6361928085607
train,4347,10,0,0,44.60100895719737
train,2193,1,0,0,NaN
train,1206,10,0,0,236.50093262981426
test,111,9,2,0,340.4210628031115
train,3072,9,1,0,268.01679051880313
train,2382,1,0,0,NaN
train,4130,2,0,0,623.3221478497295
test,823,1,0,0,NaN
train,1914,3,0,0,493.7777840284028
train,3506,14,0,0,245.5116554605086
train,921,2,0,0,543.2807745540053
test,38,1,0,0,NaN
train,3647,26,0,0,63.12494740314028
val,1141,10,1,0,48.46121302046785
train,1356,1,0,0,NaN
train,2218,1,0,0,NaN
val,135,4,0,0,563.235717361979
val,382,11,0,0,281.00177935379696
train,2299,2,0,0,719.5027797027611
train,1636,16,7,0,218.7835688528734
test,740,12,0,0,241.55025379058404
test,279,5,0,0,337.0878965492532
test,1113,2,0,0,294.96101437308624
train,691,6,1,0,257.21242137127285
train,4845,4,0,0,298.3746914907475
train,164,9,2,0,367.2972229679936
train,4706,11,0,0,95.51570551485237
train,1809,3,0,0,399.3172297810351
test,564,1,0,0,NaN
train,4494,2,0,0,138.63801787388624
train,1663,23,8,0,119.03780911962384
val,143,10,0,0,356.2546238025871
train,4137,5,0,0,325.3805464375521
test,1139,2,0,0,847.4494085194702
train,3754,2,0,0,552.025588175041
train,3768,21,2,0,66.4417037710503
train,2136,4,3,0,416.64380087474035
train,2171,1,0,0,NaN
train,686,3,0,0,222.50505612232726
val,845,27,5,0,92.57699498255492
val,654,3,0,0,349.59405029262155
val,1349,17,5,0,74.55534856735632
train,1908,23,12,0,71.63274390947201
test,542,1,0,0,NaN
train,1778,6,0,0,228.51969280567485
val,1084,5,0,0,198.4571742215433
train,3403,6,0,0,350.4757480910769
val,83,2,0,0,383.7437295904651
test,213,2,0,0,597.7227618219001
val,718,7,2,0,334.04565556223
train,4321,4,0,0,54.17636659344579
val,936,16,2,0,195.99419979941166
train,2338,3,0,0,398.53858031563266
test,963,17,4,0,168.48293682150725
train,2021,6,2,0,110.24744895007775
train,3541,16,1,0,227.52973994237323
train,1194,12,0,0,223.2347311974466
val,564,21,17,0,89.88882021697692
train,3037,20,0,0,117.53390820715504
train,4944,2,0,0,223.1731390647181
val,738,23,3,0,133.87400793283214
train,1707,2,0,0,596.5924069245267
train,1159,6,0,0,330.83294033073497
train,4780,24,10,0,53.21746771563673
train,278,1,0,0,NaN
train,1963,7,9,0,361.48374790576685
train,2740,4,0,0,415.42000912181345
val,1333,4,0,0,328.2453802753925
train,3596,6,0,0,186.0658485590518
val,410,10,0,0,150.62038374668947
train,2686,7,0,0,96.2925230742242
test,132,1,0,0,NaN
val,943,54,12,0,75.20257407736086
train,2707,2,0,0,821.2236297136121
train,3843,8,1,0,391.6002586289135
train,2445,9,6,0,65.89764790946639
train,298,1,0,0,NaN
train,4317,1,0,0,NaN
train,800,11,3,0,114.30004374452356
val,141,9,0,0,239.1009201153354
train,3455,10,0,0,308.26055110728805
train,1290,4,0,0,552.7971516766756
train,4207,12,2,0,174.14074767268
train,3402,4,0,0,314.3164608361902
test,533,1,0,0,NaN
val,1309,7,0,0,205.93506258041634
train,536,3,0,0,348.3367623435689
train,1831,5,1,0,144.57696912025787
train,3014,9,0,0,224.47494292236718
train,4172,13,3,0,63.0317380372777
train,1919,1,0,0,NaN
test,478,19,4,0,141.27720976859644
train,695,6,0,0,392.03092990222086
val,951,1,0,0,NaN
train,872,15,0,0,214.60952914537603
train,1736,26,5,0,69.22436171065198
train,2371,2,0,0,809.8697426129711
test,1046,5,0,0,104.00480758118829
train,1375,8,0,0,316.5623709035091
test,1247,31,5,0,53.781967238099426
train,365,52,19,0,126.46343345014795
train,2489,4,2,0,355.48984187760436
train,2812,3,0,0,468.20935488304804
val,537,1,0,0,NaN
train,105,112,23,0,48.49714206838202
train,518,4,0,0,407.1196959704294
test,394,5,1,0,222.27235545609355
val,667,4,1,0,332.41588326137895
train,240,4,1,0,285.9708289721155
train,4826,6,2,0,316.01884396200296
train,1986,7,4,0,359.60846764224004
train,1840,8,0,0,198.43452772639455
train,1844,17,3,0,90.56765427016424
train,5036,2,0,0,343.70226941351433
test,868,7,1,0,144.80072513630586
train,3467,4,0,0,495.25639600990786
test,109,5,0,0,536.1625220024242
val,89,2,0,0,609.1266288712061
train,1537,22,6,0,39.96871380141968
train,967,1,0,0,NaN
train,1543,6,2,0,133.1652459537462
train,4436,2,0,0,471.29422869371103
train,317,12,4,0,95.33920208648493
train,2860,11,1,0,214.90114006212252
train,3762,12,1,0,78.20805585104388
train,4645,15,4,0,42.921439864012015
train,215,12,0,0,291.67661887782504
train,4096,23,10,0,67.1006706374832
train,524,29,2,0,126.00099205958658
val,335,4,0,0,319.84988932286495
test,95,9,0,0,230.40941821028062
train,3390,1,0,0,NaN
train,4722,2,0,0,913.0591437579495
train,4327,2,0,0,943.7033432175601
test,832,2,0,0,367.53401203153976
train,3940,57,3,0,79.90150186323159
val,133,3,0,0,491.9006505382972
test,574,31,8,0,46.31684358848301
train,4231,8,0,0,243.90163969296304
train,1893,1,0,0,NaN
train,4923,9,1,0,183.1624961611956
val,561,5,1,0,235.3720459187964
train,470,8,0,0,181.88296833375108
train,3524,31,6,0,80.56208785775105
test,688,3,1,0,74.2024258363566
val,306,1,0,0,NaN
train,1265,8,3,0,204.1629961361738
train,1216,10,0,0,230.17468521165443
train,2067,6,4,0,335.15854457256495
train,4294,9,2,0,187.44932648585325
train,312,1,0,0,NaN
val,417,8,1,0,194.7943469414297
val,459,8,0,0,279.42073860972096
train,3738,28,2,0,162.102571806293
train,1492,31,1,0,123.81538676594279
train,3228,4,0,0,218.87216234040733
val,502,1,0,0,NaN
train,1124,7,0,0,329.0022796273606
test,785,6,0,0,341.3625673007978
train,1212,23,0,0,101.47167092346514
train,688,3,1,0,150.65855435387664
train,1281,5,1,0,430.6146769444813
train,1837,16,3,0,179.3685585480131
train,3012,7,0,0,317.1423182106103
train,273,17,2,0,235.36885945256225
train,1704,1,0,0,NaN
train,2184,2,0,0,730.5930809965284
val,1195,6,1,0,119.15217465962326
train,1501,3,1,0,159.7818825774687
train,853,32,15,0,151.78151018515277
train,581,9,1,0,250.40167731067618
train,3602,3,0,0,360.11282954096487
train,4600,4,0,0,177.61364851545838
train,3820,7,0,0,427.7689212647408
train,4680,7,0,0,162.02237499802303
val,375,5,0,0,328.50608822364313
test,864,4,0,0,459.3769148082224
val,783,5,0,0,282.1954110186769
train,1632,26,21,0,192.6668108419299
train,2992,3,0,0,363.60693062701654
train,1767,4,0,0,401.030740087675
val,457,4,0,0,330.22768059748245
test,943,19,6,0,72.82341656363013
train,1187,8,0,0,276.097108036028
val,196,7,2,0,298.0151002885592
train,2607,2,1,0,364.82941219150626
val,1331,3,0,0,655.6904757581888
train,635,5,0,0,432.4421926685693
train,3907,15,0,0,204.94145505485218
test,843,1,0,0,NaN
train,4437,2,0,0,505.3624936617279
train,4009,7,0,0,279.0412155936825
test,1098,2,0,0,487.70303464300895
train,210,9,0,0,304.38462510448846
test,157,2,0,0,363.2137800249324
train,638,2,0,0,654.0374607008379
train,4656,17,4,0,66.34945365261119
test,194,12,0,0,253.1664472239558
train,953,2,0,0,1809.4508144738281
train,1946,5,0,0,404.0
val,21,1,0,0,NaN
train,2614,1,0,0,NaN
val,1075,10,2,0,195.08083167919563
train,1991,3,0,0,550.9832120854501
test,1245,13,1,0,65.08648093114269
train,2629,3,1,0,224.1807306616695
val,446,36,26,0,53.14552445966308
train,1384,2,1,0,328.9046214330227
train,1993,6,0,0,297.42840484022236
test,630,17,5,0,236.9155967850154
val,356,13,0,0,158.4061236190066
train,4650,17,8,0,73.99493225890541
train,1069,8,0,0,269.63217931816496
train,2495,3,2,0,139.08630414242805
train,2672,18,9,0,165.09164121784
train,43,1,0,0,NaN
train,2526,9,1,0,71.0105625945887
train,1645,3,0,0,288.5862089566998
val,1183,1,0,0,NaN
train,1219,10,0,0,244.42998582806518
train,4964,12,7,0,144.48178905963007
train,2396,1,0,0,NaN
train,3986,2,0,0,733.9967642980452
test,1020,2,0,0,290.5275374211539
test,759,8,0,0,161.39089012713146
train,1049,15,1,0,237.37575697614952
train,2191,3,0,0,80.5248408877658
train,3342,16,0,0,118.67907125655546
train,924,6,0,0,460.84165124848266
val,127,2,0,0,420.1577084857542
test,133,1,0,0,NaN
train,416,10,2,0,195.2434377898525
train,2431,5,0,0,136.49908424601244
test,556,1,0,0,NaN
test,1180,12,2,0,91.21951545584969
train,1041,2,0,0,532.6004600073117
train,1602,2,0,0,807.4931888257634
train,2810,6,0,0,116.09048195265622
train,3167,22,0,0,61.87285349812145
test,231,44,10,0,62.40515840100745
train,3698,15,0,0,172.18594600024707
train,91,27,22,0,174.64249196572982
train,3937,59,4,0,108.3535878501492
train,603,1,0,0,NaN
train,1862,4,3,0,209.65151755581238
train,722,2,0,0,88.95504482602435
val,629,2,0,0,750.0081666222042
val,1111,2,0,0,804.2092389422046
val,176,19,2,0,151.06455573694313
test,152,7,2,0,212.66993205434565
train,79,36,19,0,142.6402818281007
train,1559,11,8,0,29.33428028774526
train,2806,6,0,0,474.9294801273153
train,3985,2,0,0,369.6410420935424
val,864,3,0,0,502.36689779482884
val,452,24,18,0,59.75366097570926
test,833,3,0,0,316.2882387949321
train,1945,4,0,0,297.41592923186977
test,77,5,0,0,422.7567267353649
test,431,12,2,0,236.30594575676676
train,1953,2,0,0,169.08060208078277
train,1264,18,12,0,81.1332774333835
train,2650,3,1,0,520.1790557106274
train,1929,6,3,0,85.7394308355263
train,1444,6,0,0,280.6317223788196
train,4184,19,12,0,74.46475676452586
train,2447,6,0,0,77.2172260574025
train,94,36,13,0,108.34888713876498
train,2094,5,3,0,448.7897614696663
train,2597,4,0,0,634.5397335104702
train,2791,12,4,0,216.2232642432354
train,4732,3,0,0,204.25780278853486
train,2154,3,0,0,499.58107450142666
train,4679,8,0,0,94.35159936333656
train,2977,3,0,0,336.50148588082044
train,1951,6,1,0,347.7168997227229
train,2398,1,0,0,NaN
val,704,1,0,0,NaN
train,29,8,2,0,159.76751335860718
train,4369,5,1,0,347.31145964393403
test,390,10,1,0,286.733761528007
train,3866,18,1,0,92.57935365497003
test,419,29,1,0,59.10372238700368
train,4282,37,10,0,72.70832139445939
train,459,4,0,0,317.0190354870467
test,1128,2,0,0,285.8867782881888
train,3518,25,0,0,149.40214188558343
val,47,50,3,0,100.13922971526758
train,640,12,0,0,231.09279949643476
train,21,2,0,0,679.8582572860316
train,3100,8,0,0,202.58093017130847
train,2318,2,0,0,745.9840815996009
val,398,7,0,0,348.0488471464889
train,1819,17,9,0,130.20752666416791
test,849,20,0,0,143.29560858482176
train,3684,11,1,0,125.64234954823155
val,915,24,3,0,144.40023123809985
train,960,4,0,0,576.118070190719
train,3656,18,0,0,82.7547122735611
train,2200,2,0,0,352.9111077877827
train,4000,3,0,0,512.1808762536922
train,3387,12,0,0,252.04067132111834
train,1000,7,0,0,386.73796038144485
train,4131,5,2,0,328.20153869231024
val,1103,1,0,0,NaN
train,658,6,0,0,343.5614937678552
train,4557,2,0,0,554.6836936489119
train,1008,2,0,0,563.6758820457019
train,1080,5,0,0,407.0626487409524
train,4026,2,0,0,393.1376985230493
test,534,2,1,0,38.268786236304905
train,163,2,0,0,359.8013340720126
train,2098,3,0,0,104.70912090166739
train,1030,69,46,0,93.40904667107999
train,2645,10,3,0,305.1196524540828
train,3262,7,0,0,285.4645336990219
train,3958,10,0,0,204.66048632252802
train,4824,5,1,0,491.82949281229565
train,2655,16,5,0,159.11625103984915
train,2855,13,1,0,245.61453540049294
test,748,12,0,0,218.44231761006026
train,152,9,1,0,103.4842983258813
train,3470,7,0,0,314.5035770861756
test,294,35,6,0,93.03359608227557
test,422,9,0,0,225.5798084935795
train,4771,13,5,0,115.76700738984316
train,4275,3,0,0,150.52740614253605
val,1250,5,0,0,219.0005707755119
train,1081,5,0,0,403.18358101490196
train,2216,4,3,0,134.71102870194414
train,3822,6,0,0,267.5509545577575
val,1248,4,0,0,304.062374319226
test,962,34,11,0,132.50072854742018
val,157,11,0,0,155.7192987397516
train,1333,3,0,0,206.15588761905394
train,3544,13,0,0,337.24916604789405
train,2988,5,0,0,275.8554875292496
test,55,4,0,0,122.173657132083
val,244,12,1,0,165.85506384949042
train,5052,1,0,0,NaN
train,4922,10,2,0,141.49303247292113
train,2521,1,0,0,NaN
val,296,5,0,0,128.84486796143648
train,1878,9,5,0,272.20258999502556
test,1133,2,1,0,74.66759672039807
train,2204,4,0,0,102.12796400915596
train,1944,3,0,0,250.74140065015192
train,2303,1,0,0,NaN
train,1417,12,2,0,252.95251380165948
train,3834,4,1,0,487.25460644468046
test,13,3,0,0,368.6983862183289
test,460,4,0,0,355.0080293666899
train,1872,4,1,0,256.09981010907757
val,39,2,0,0,659.4516661590901
train,348,2,0,0,401.28450007444843
train,4792,13,3,0,139.73009697269947
test,582,5,0,0,230.9556234431195
test,117,11,2,0,201.56016471515397
train,4344,9,0,0,26.004807247891687
train,3201,6,0,0,353.4946958583679
test,596,6,0,0,306.0004084964594
test,624,7,4,0,372.0013440835933
train,3279,6,0,0,268.4614394309704
val,1300,1,0,0,NaN
train,519,17,4,0,182.40751081027338
train,895,16,4,0,160.4028906244282
train,1488,32,9,0,53.22705303369331
train,4694,5,0,0,303.1575497987804
val,201,5,0,0,358.06598553897857
train,4378,3,0,0,68.61668893206667
train,4385,1,0,0,NaN
test,75,2,0,0,842.2370509541836
train,4698,1,0,0,NaN
train,4536,3,0,0,194.7626760958064
test,443,4,0,0,386.83149165373794
train,3633,20,1,0,123.05659105467898
train,5043,2,0,0,608.3687204319433
train,662,6,0,0,320.47201412170864
train,882,1,0,0,NaN
train,589,1,0,0,NaN
val,1290,3,0,0,43.900455578501685
val,827,32,0,0,148.6287320809809
train,1902,26,23,0,88.79470704946326
train,2588,13,1,0,52.11765535785354
val,146,11,6,0,182.5705343148231
train,4155,14,0,0,188.51599019830803
val,320,6,0,0,295.9670589778531
test,746,11,0,0,153.3101431738944
train,471,5,0,0,290.0969665473943
train,4595,1,0,0,NaN
train,3943,44,2,0,83.52160385718042
train,2757,2,0,0,531.5303377983236
train,116,6,0,0,280.96663502985547
train,1320,12,0,0,243.00207383862698
test,829,2,0,0,428.338942894526
train,1156,7,0,0,291.52101124961814
test,357,70,5,0,82.17101633017299
train,200,5,0,0,186.10548084352592
train,1338,48,11,0,58.24496982490706
train,4299,13,3,0,157.26569873942634
train,1259,56,2,0,93.76166594083107
train,2468,8,2,0,301.1483793758522
train,2517,2,0,0,778.6932964909869
val,514,5,0,0,327.9775144731724
val,221,3,0,0,588.5575587824865
train,3566,20,0,0,163.53093052516647
test,429,10,3,0,215.667568261897
val,1115,1,0,0,NaN
train,4381,2,0,0,306.30581124098836
val,538,4,0,0,571.6209471976894
train,375,3,0,0,484.80305279566875
train,3136,2,0,0,658.054898925614
val,970,3,0,0,398.071915613247
val,277,2,0,0,407.3548821359577
val,1047,24,8,0,78.73531666820818
train,977,13,0,0,120.04270073602976
train,3677,9,0,0,364.3092779493819
train,1121,3,1,0,92.00135868561942
train,2813,3,0,0,511.1567763416621
train,3281,8,0,0,154.6498108868284
test,1045,5,0,0,453.5603598199472
val,850,8,0,0,281.81021982887705
train,2771,2,0,0,1009.8164437163815
test,622,6,2,0,307.02809317715537
val,586,45,43,0,45.260357930533424
train,4481,7,0,0,89.98472092527709
val,1127,7,1,0,53.115440316352455
train,3329,39,8,0,60.878978309429606
train,3291,5,0,0,380.2656965859529
test,115,3,0,0,633.8966792782559
train,880,1,0,0,NaN
train,1180,11,1,0,165.71134541726465
val,1180,1,0,0,NaN
test,764,10,0,0,236.07699144012577
train,1252,19,0,0,157.2712624734729
val,1359,19,32,0,117.99152511939153
train,4577,2,0,0,676.5419425283254
test,1230,6,4,0,196.20476360132926
train,4761,6,1,0,114.42246282963848
train,601,1,0,0,NaN
train,2334,1,0,0,NaN
train,4822,2,0,0,238.82053931770608
train,527,10,1,0,180.1672833785313
train,4590,1,0,0,NaN
test,789,8,0,0,254.30001966181598
val,1146,3,0,0,60.63827174318213
train,4797,6,1,0,95.76386001267903
train,4433,5,0,0,388.9633658842437
train,3024,8,0,0,270.8966592632696
val,574,6,2,0,260.686113937816
test,988,6,0,0,427.42879866734233
train,2837,49,9,0,82.22682044199448
val,1107,1,0,0,NaN
val,1067,6,0,0,275.6452471251289
train,789,30,0,0,87.28526713211015
train,1255,24,2,0,110.4997863953728
train,2336,1,0,0,NaN
train,4273,3,0,0,344.3980255460243
train,4176,26,8,0,41.33314861833256
train,4054,26,8,0,89.19921524318474
val,643,4,1,0,332.93990496155675
test,745,12,1,0,105.65036677645753
test,938,14,1,0,90.93745605934856
train,3571,12,0,0,132.82411909449718
train,4362,10,1,0,215.75217264259473
train,422,15,4,0,173.50072045959925
train,4016,19,3,0,53.92819299772615
train,1248,14,0,0,274.0026760422188
train,3911,11,1,0,204.24311493903534
val,910,23,8,0,179.17658887254217
train,1410,25,10,0,61.741396161732524
train,553,2,0,0,473.64649265037315
val,505,4,0,0,344.4897005615545
train,4548,3,1,0,57.107355042936454
train,1614,2,0,0,1060.214718818787
train,4150,26,2,0,105.61087584969093
test,617,5,4,0,543.4822904198443
test,730,10,0,0,231.17525819170183
train,1959,3,0,0,744.0406574912422
val,1033,6,0,0,223.84425389095875
train,1646,3,0,0,248.63326406577218
val,1086,3,0,0,39.528470752104745
train,458,5,0,0,425.2437536284337
train,3871,12,0,0,143.11346879975656
val,381,12,1,0,296.62227325000754
train,2651,4,1,0,553.4881601328409
test,423,9,0,0,253.83508425747613
train,585,5,0,0,441.6970115361887
test,1082,11,0,0,60.11031525453847
train,1229,12,0,0,180.95204429100446
val,835,5,0,0,260.98515283440935
val,847,8,0,0,302.66565712019593
train,3271,5,0,0,236.85069136483432
val,901,19,4,0,127.84561001457969
train,4700,7,0,0,102.99757278693512
train,1369,16,2,0,210.12336774380668
train,2353,2,0,0,336.8753478662397
val,747,6,3,0,385.40663075204316
train,523,9,1,0,194.48650338776724
train,334,3,2,0,448.0178567869812
train,1103,20,0,0,210.11663427725088
train,1203,10,1,0,263.50404055719025
test,880,8,1,0,270.9527991121521
train,4659,12,2,0,63.37586291325744
train,4736,1,0,0,NaN
train,2563,7,1,0,176.87424911501392
val,937,34,2,0,88.00807501484925
train,4864,4,2,0,137.39621408741334
val,1226,4,0,0,257.3484686959818
train,2288,3,1,0,582.7336441291167
val,1217,12,1,0,112.69023669105133
train,3129,4,1,0,337.71074364325193
train,2018,4,1,0,442.0875558058145
train,270,23,1,0,188.54840227379282
val,252,4,1,0,88.24796903935726
train,1935,3,0,0,251.88290930509754
train,842,11,1,0,212.368194417149
train,1604,2,0,0,771.2642219110128
train,3074,18,1,0,189.94772132331374
train,1712,8,1,0,484.4444270117772
train,819,131,58,0,49.751884386422994
train,4154,21,3,0,160.4400199451496
train,1224,7,0,0,138.41333028288858
train,2722,1,0,0,NaN
train,260,2,1,0,553.002034354305
train,830,3,0,0,748.5394111200826
train,791,40,4,0,97.40802149598011
train,772,6,0,0,305.81407750461716
test,45,1,0,0,NaN
test,326,5,0,0,75.4254598925323
train,2886,1,0,0,NaN
val,376,5,0,0,283.82124656198664
train,3886,48,3,0,76.3102221199755
train,82,1,0,0,NaN
train,655,7,2,0,247.05161404046726
train,3356,40,1,0,93.15175790075033
train,3751,1,0,0,NaN
test,457,9,2,0,145.8800877433243
train,4413,1,0,0,NaN
train,3532,22,1,0,125.65926149711369
train,4993,3,0,0,596.4061116387055
train,1525,8,4,0,90.54230523774069
train,3071,11,0,0,309.12214414370254
val,664,2,0,0,345.6750641860069
train,4477,12,1,0,71.69553682064178
test,727,16,0,0,129.77820936152946
train,218,16,1,0,167.2572125481252
test,1142,2,0,0,577.3820225812369
test,968,2,0,0,367.58434406269265
train,4268,4,0,0,244.04194837791297
train,119,4,1,0,161.74965398643826
train,1673,9,4,0,233.57707507373235
train,2442,1,0,0,NaN
test,812,4,0,0,574.165861683894
train,1928,3,0,0,129.6630247988994
train,526,18,0,0,204.1886382735337
train,2555,3,0,0,310.7720225502933
train,4561,2,0,0,481.1426503647333
test,1049,1,0,0,NaN
test,741,13,0,0,193.98260231268165
test,1157,3,0,0,486.225513522275
test,711,13,1,0,111.39569111954016
train,2772,7,9,0,197.32017129528344
test,860,46,2,0,106.32935825417886
test,913,17,1,0,170.9575970818495
train,1407,16,4,0,81.48880767615813
test,464,2,0,0,1341.6803829526614
test,987,4,0,0,353.710275737821
train,5048,3,0,0,359.56536262548985
val,638,1,0,0,NaN
test,473,6,2,0,180.47499779665782
val,820,8,0,0,278.44809751429125
train,1377,12,3,0,258.10391567027233
val,976,3,0,0,74.81310045707235
train,5004,15,3,0,80.77437712542263
test,950,9,1,0,184.5819601152832
train,2826,19,6,0,164.2079474325162
train,385,2,0,0,665.1995941069116
val,1167,5,0,0,267.1895394659005
test,804,10,1,0,225.79636843846714
train,5012,20,6,0,48.83833379673648
train,1104,34,3,0,113.61007877824925
test,990,14,2,0,244.10038918445008
train,1810,2,0,0,427.50116958904334
train,1489,26,16,0,52.002403790594144
train,4432,4,0,0,273.7071433618634
train,4965,12,11,0,126.09678404032992
test,815,7,0,0,283.6370920736567
train,4711,3,0,0,425.1176307799995
test,1214,1,0,0,NaN
train,4029,5,0,0,464.0142777975695
train,1142,1,0,0,NaN
train,4309,12,5,0,63.59957493872285
train,4862,2,0,0,583.277378268693
train,1527,9,2,0,71.17583859709698
train,1605,3,0,0,274.6984710550825
test,296,10,1,0,127.1914397215118
test,160,2,0,0,655.9453102202957
train,3558,21,0,0,139.41036546828215
train,4869,6,0,0,291.52047930994377
val,610,4,3,0,315.41083874942115
test,1243,18,1,0,59.86562819716251
train,660,6,0,0,241.68567403633716
train,4948,1,0,0,NaN
train,598,1,0,0,NaN
train,2902,2,0,0,289.8279662144425
train,2201,1,0,0,NaN
train,1566,13,3,0,52.146428449127754
val,485,11,1,0,298.0268444284843
train,568,3,0,0,356.9824925679129
train,3452,5,0,0,229.73952642068366
train,4800,8,2,0,101.97180982997213
val,343,9,0,0,269.0018587296378
train,2577,3,0,0,84.16204607778973
train,1329,1,0,0,NaN
train,4735,1,0,0,NaN
test,170,4,0,0,431.35946404607466
val,948,2,0,0,358.66593091622184
val,490,9,0,0,301.0103818807584
test,46,1,0,0,NaN
train,4125,3,0,0,371.3950053514452
train,2174,3,0,0,493.58206004675657
train,3567,13,1,0,235.4283330442621
train,3361,10,0,0,279.0631812114148
train,3668,6,0,0,390.54143589676346
train,2824,9,2,0,204.13720875920686
test,445,2,0,0,1012.5888849873871
test,380,9,0,0,263.9469643697385
train,1558,3,1,0,124.70966281728133
train,2129,1,0,0,NaN
train,1865,2,0,0,494.811327679551
train,3099,6,0,0,214.44113411377026
train,3565,17,0,0,191.81371171008604
test,1110,7,0,0,111.5280233842598
train,1637,3,0,0,318.9686504971923
train,1516,7,0,0,191.787642980459
train,3273,13,0,0,218.03669415949233
train,4574,4,0,0,286.1624558486435
train,1177,8,0,0,220.03148906655497
val,536,5,0,0,314.97063355176465
val,848,9,0,0,204.2235294964809
train,2687,3,0,0,504.936134575453
train,453,10,1,0,330.23178692759814
val,789,3,0,0,280.07900671060656
val,1077,36,22,0,146.17450416245873
train,3805,11,3,0,195.64380899992722
train,937,6,0,0,150.3595690337
train,1010,1,0,0,NaN
train,4785,9,3,0,173.85051049680584
train,1814,3,0,0,473.3587434494054
train,432,44,11,0,104.47006859792204
test,568,2,0,0,806.5048046974053
train,1764,7,2,0,59.39696961966999
train,3831,3,0,0,458.68180692065823
test,628,13,3,0,101.83319694480774
train,2923,2,0,0,950.645307146677
train,550,4,0,0,231.26820817183926
val,1244,7,1,0,42.101068870041765
test,1148,2,0,0,741.1607450479282
train,2959,9,0,0,278.4317690207064
train,3013,12,0,0,243.14587457402263
train,1968,5,1,0,186.70297265978385
train,4521,3,0,0,119.96353612660808
train,3309,36,8,0,78.11072275842079
test,1129,1,0,0,NaN
train,1570,9,3,0,61.002049145909844
val,71,3,0,0,460.1209080230978
test,1168,4,0,0,150.31674133140402
train,4173,9,1,0,84.59905436823747
val,43,5,1,0,230.1792779552495
train,2904,6,0,0,294.0514410779175
train,4681,3,0,0,114.6669089144728
train,4859,2,0,0,965.7019467723983
test,1076,6,1,0,146.41705435546154
train,835,5,0,0,383.8258068447196
train,3679,3,0,0,320.79315765770315
train,2488,2,0,0,68.28067076413353
train,473,5,0,0,278.97759766690945
train,2928,16,0,0,93.54703738613408
train,1161,8,0,0,289.20926679482454
train,927,1,0,0,NaN
train,629,4,0,0,411.5351298324847
train,2375,3,3,0,36.830693721405794
train,2972,7,0,0,213.10091506138588
train,2436,5,0,0,214.66543736708059
train,3261,11,0,0,228.2805291740844
val,331,7,0,0,309.7942865838555
test,1196,4,0,0,320.3122436197842
train,4872,4,1,0,342.2976833122018
test,7,2,0,0,413.80671816682724
val,322,4,0,0,157.72376648620224
test,1257,3,0,0,532.4894365149415
val,861,9,0,0,181.0586921415263
val,1124,3,0,0,156.28499608087785
train,3906,10,0,0,307.04669897451777
train,3433,20,0,0,181.28538827109224
train,4162,1,0,0,NaN
train,2243,4,1,0,364.1716830564369
val,233,3,0,0,66.82252614201292
train,419,16,1,0,249.12848090894786
train,1631,13,2,0,239.15110286176812
train,2289,2,0,0,585.1232776090864
test,747,11,0,0,250.34076775467474
val,649,4,0,0,96.0390570945852
train,3884,41,4,0,65.15558303015943
test,43,2,0,0,374.0952418836679
val,152,13,0,0,137.19420541699273
train,1382,5,3,0,160.21313928638938
train,4713,21,2,0,38.55191305240247
train,3715,18,5,0,86.86304320407777
val,933,14,3,0,257.8840294504962
test,866,1,0,0,NaN
val,1216,6,0,0,195.1741080376102
train,2454,9,3,0,210.6952775930206
test,867,5,1,0,190.62069667273803
test,94,24,1,0,178.95001987603425
train,2163,1,0,0,NaN
train,1822,16,6,0,130.25455846149876
val,330,11,0,0,175.06070375729672
train,4193,9,0,0,163.6986560726752
test,472,2,0,0,1046.672465482875
train,2870,7,0,0,166.3648099809572
train,1226,6,0,0,306.7513812338384
test,333,7,0,0,252.54950009849554
train,587,5,0,0,424.0477567444497
test,248,28,0,0,148.66068747318505
train,2513,2,0,0,1029.0043731685498
train,1961,4,0,0,495.8197866213204
test,41,3,1,0,138.94693231590253
train,1233,9,0,0,395.4971554891388
train,4589,1,0,0,NaN
test,506,4,0,0,480.58598355625327
train,352,23,2,0,138.67948658687772
train,3019,6,0,0,227.03523955544875
val,737,16,7,0,222.71352642114022
train,1745,19,7,0,165.43578814754684
train,3998,2,0,0,934.8553364023762
val,463,19,5,0,140.18559127100045
test,1137,2,0,0,374.00701865072
train,4726,3,0,0,203.54115063052976
train,2257,1,0,0,NaN
train,2710,6,0,0,407.4804049428593
train,4044,15,4,0,93.12625838075961
train,3827,7,0,0,116.81181447096864
train,3020,9,0,0,211.56854681166575
train,975,22,1,0,113.4986753690419
train,1469,35,29,0,45.01388674620311
train,3579,7,0,0,299.900816937867
val,512,2,0,0,860.6063269579187
train,2897,20,4,0,42.68277893984185
train,4328,4,0,0,109.61405975864614
train,1086,4,0,0,406.2445698239551
train,398,1,0,0,NaN
train,840,12,1,0,163.02186565429804
train,644,7,0,0,135.08700899790475
train,399,3,0,0,597.6725692216432
train,2342,1,0,0,NaN
train,172,3,0,0,414.4324432280851
train,1241,32,1,0,108.18361208430593
val,271,4,0,0,372.83919938797237
test,606,8,0,0,384.6058145934675
train,3900,1,0,0,NaN
train,2869,12,6,0,165.51150825633795
train,3496,28,1,0,116.76423922306662
train,3522,18,7,0,96.73813549517132
val,1237,2,0,0,658.2979948321276
train,1507,18,2,0,61.113372296294635
train,2395,1,0,0,NaN
val,179,6,2,0,151.601775091853
train,1390,3,0,0,472.2568157263588
test,489,4,1,0,134.64062917178197
val,1363,4,0,0,315.4008402344419
train,3676,18,9,0,125.70249796536845
train,4147,38,10,0,92.38719357602605
train,1389,3,0,0,559.5491488689801
train,1792,3,0,0,362.37032163244277
train,1288,8,3,0,301.29766605748455
val,154,16,0,0,168.6801707374047
val,94,15,0,0,187.739846596294
test,1238,4,0,0,211.22328552283847
val,1258,4,1,0,217.76684613729282
train,2469,3,0,0,350.5859381093315
train,3969,23,0,0,189.8644253144859
train,4535,7,0,0,65.02499519415592
train,4512,12,3,0,106.3296760081587
train,671,7,3,0,200.33971149025845
train,2472,3,2,0,615.1887921605854
test,250,33,0,0,109.55021679576906
train,2362,2,0,0,877.2104935532863
test,896,5,0,0,133.87400793283214
val,911,23,5,0,180.03471887388832
test,928,20,2,0,165.10002993312628
test,725,7,0,0,390.287073831558
val,1281,3,0,0,238.36579033074355
train,1784,5,0,0,167.54775438662256
train,559,2,0,0,444.1489052108538
train,4579,2,0,0,795.6282109126096
val,290,2,0,0,334.4734668101492
train,1656,2,0,0,615.6687421008152
train,1456,24,10,0,61.03028652289248
val,1040,15,2,0,79.45124291035351
val,635,1,0,0,NaN
train,1630,24,11,0,134.3304023342081
val,225,4,0,0,508.09624385644554
train,1750,22,17,0,128.93893903704964
train,2110,4,0,0,371.88225033031483
val,903,25,8,0,115.11081617293833
train,2635,62,15,0,90.94524030225995
train,4971,6,1,0,293.49623773086404
val,1272,2,0,0,826.3789990071142
train,4900,30,13,0,83.88759889897466
train,4774,5,1,0,135.09256086106296
val,1095,2,0,0,128.88463833987353
train,502,2,0,0,577.249512775888
train,930,1,0,0,NaN
train,1074,1,0,0,NaN
train,2115,4,3,0,149.43631080957465
val,566,13,4,0,102.50487793271108
test,68,4,0,0,235.4054657639446
train,615,1,0,0,NaN
test,922,14,0,0,197.7444396480616
train,2803,35,2,0,84.74963126763443
train,1685,3,1,0,174.2849677969962
train,1976,4,1,0,284.7275121993968
train,389,3,0,0,344.33777021988163
test,355,2,0,0,773.6358962716247
train,3910,12,1,0,197.0082094966423
val,264,7,0,0,406.74469879766104
train,2344,4,1,0,223.89687525791453
train,3086,5,0,0,294.8834515533213
train,4493,5,0,0,66.9215959164155
train,983,2,0,0,939.1162068668606
val,483,9,1,0,263.37900447833727
train,2319,2,0,0,321.68812536368205
val,219,4,0,0,521.8184882913788
train,2602,3,0,0,852.3109761114191
train,4431,3,0,0,142.69723192830335
val,722,7,1,0,192.81208468350732
train,3923,8,0,0,235.2667836088439
train,3878,22,3,0,119.03326558721841
val,1,14,1,0,135.38252481336718
train,2448,3,0,0,261.0842775810141
train,862,13,5,0,176.07100840286
train,2283,3,0,0,174.0186771585165
train,4066,10,6,0,222.33646312410906
train,3797,13,2,0,88.84396434198555
val,1307,2,0,0,675.1379488667483
train,1722,13,7,0,155.31983131590118
val,893,9,3,0,176.49079296099274
train,3302,4,0,0,590.9091569317059
train,605,1,0,0,NaN
test,125,35,7,0,124.00403219250575
train,3786,13,1,0,81.20498753155498
train,2131,4,2,0,78.93606238591107
train,2949,23,6,0,55.056788863863105
train,3885,38,1,0,109.39778398608368
train,4279,14,2,0,132.6820964113619
train,349,8,1,0,227.207993029507
train,2724,1,0,0,NaN
train,3370,5,0,0,225.0
val,272,5,0,0,445.2600363832353
test,615,1,0,0,NaN
train,3713,13,8,0,85.72630868059116
val,298,3,0,0,530.5327511096747
test,482,14,12,0,172.6574718370947
train,1924,4,0,0,489.74521822776336
train,4591,2,0,0,975.8616705250801
train,1227,11,0,0,239.50469723994976
train,481,3,0,0,480.0354153601586
val,203,6,2,0,272.8016922967489
train,4248,3,0,0,297.90015105736353
test,1062,2,0,0,615.5901639889968
val,1255,4,1,0,154.6593619557043
train,2648,5,6,0,310.5414626100676
train,2828,13,2,0,124.1219158730641
test,503,8,2,0,125.29681199524063
train,4809,16,5,0,92.26079814499164
train,4386,2,0,0,91.00137361600648
test,869,12,1,0,110.18240600072534
train,3870,12,0,0,164.9014857422455
test,904,13,2,0,101.12615883143194
train,1969,5,0,0,534.5114591849272
test,967,3,0,0,540.816512321878
train,479,2,0,0,457.70760317040833
test,299,8,0,0,158.14708343817156
train,4946,3,0,0,252.17305565821263
val,527,3,0,0,195.65530915362353
train,4305,30,2,0,69.3895724549443
train,42,2,0,0,519.0185449480587
train,3188,5,0,0,365.41072781186926
train,3420,10,0,0,198.51007531105316
train,4660,13,3,0,62.64982043070834
train,353,13,5,0,176.4404998859389
train,96,18,0,0,210.98459659415897
train,2596,4,0,0,521.2970467668891
test,754,9,0,0,124.10177275123833
train,2485,3,0,0,572.8981148511488
val,569,8,3,0,156.6338307246047
val,170,3,0,0,493.5040526682633
train,2670,23,7,0,138.7416664164014
test,1173,2,0,0,444.01041654447704
val,556,9,3,0,88.69751969474682
train,2137,6,3,0,187.03007779498998
train,4644,17,1,0,63.413326675076746
train,2452,1,0,0,NaN
train,1498,9,2,0,95.63472172804185
test,28,3,3,0,162.0
train,944,1,0,0,NaN
val,978,9,0,0,333.62141717821413
train,3322,10,0,0,176.33603479052778
train,112,8,0,0,327.86658872169335
val,471,50,69,0,79.48425444895037
test,1073,12,0,0,72.62798781253146
train,1467,29,19,0,52.84174486142561
val,889,12,5,0,115.78104335339184
val,1032,5,0,0,208.59650045003153
test,696,6,0,0,168.32780518975468
train,4497,20,4,0,42.55772918353421
val,1353,14,2,0,69.40276559079365
train,4537,4,0,0,406.03549140905125
train,3531,14,0,0,136.83471559797854
train,4834,1,0,0,NaN
val,967,1,0,0,NaN
val,1288,1,0,0,NaN
test,328,6,0,0,206.89699821349654
train,447,36,31,0,103.15158748172517
train,1198,12,1,0,166.0340774068034
train,551,2,0,0,454.26451545327643
test,659,9,2,0,218.24756585125985
test,300,16,1,0,113.04320987456518
train,1850,7,3,0,315.74831749353785
train,3634,19,0,0,168.482194904981
train,2504,1,0,0,NaN
train,2921,3,0,0,328.94756421046804
train,2256,1,0,0,NaN
train,4400,1,0,0,NaN
train,4996,5,3,0,134.23859355639868
train,374,10,1,0,309.1550089721368
train,4691,6,0,0,223.20024206349825
val,669,5,0,0,378.36292101631733
train,4122,12,0,0,182.88301784494246
train,1446,20,4,0,201.35747104557157
train,1937,8,9,0,242.24367896810023
train,1078,5,0,0,433.13537144869616
train,3810,3,0,0,385.0509706519385
val,587,19,14,0,154.6584947553803
test,240,4,0,0,421.4386895326968
train,2821,14,10,0,228.77589216108976
train,3320,22,4,0,65.89942620754367
val,1081,1,0,0,NaN
test,107,4,0,0,110.32564487077272
train,3690,41,4,0,81.7572626743337
train,4322,1,0,0,NaN
train,226,9,1,0,148.1730407327865
test,403,24,3,0,65.38479311863269
train,1022,48,18,0,87.741808734491
train,3409,11,0,0,223.6766639593858
val,1214,7,2,0,175.5348968154196
test,40,1,0,0,NaN
train,1395,3,1,0,483.3138214452386
train,1804,8,3,0,49.86481725625794
train,611,1,0,0,NaN
train,415,3,0,0,285.39665379958467
train,900,5,0,0,354.87039887823835
test,39,3,1,0,236.26521115052043
train,3514,6,0,0,291.9090292004692
train,666,8,1,0,267.0510994920759
train,1058,7,0,0,369.0121949204389
test,546,3,1,0,30.923292192132454
train,2766,7,1,0,412.4875755704649
train,3321,17,6,0,61.98386886924694
train,4485,8,0,0,72.19692305763267
val,771,15,7,0,202.0501175451279
train,4045,15,2,0,79.43078748193297
val,1037,3,0,0,408.91227665600843
train,2762,7,8,0,189.04232330353963
test,838,3,0,0,196.72950973354253
train,1402,34,12,0,63.01274350439657
train,5045,1,0,0,NaN
train,383,1,0,0,NaN
train,740,52,10,0,101.53324578678651
train,2957,12,2,0,97.88002860645271
train,4791,7,2,0,96.89298220201502
train,2050,6,3,0,206.85504353358328
val,746,11,5,0,174.90354484686696
train,698,18,0,0,123.89770693247064
test,288,14,0,0,137.42231156892376
val,824,41,0,0,120.9297316626478
train,251,3,0,0,657.4802278395906
val,352,21,0,0,107.70561730940499
train,3617,1,0,0,NaN
train,4987,2,0,0,778.0406480383914
train,1242,17,0,0,129.34160196935863
train,2419,1,0,0,NaN
train,2146,1,0,0,NaN
train,1905,8,4,0,226.79257691917155
train,1939,4,0,0,329.1904938783034
train,2255,1,0,0,NaN
train,3523,23,6,0,59.81638571495272
val,421,14,1,0,227.50494500120212
val,1246,8,1,0,38.91336531321854
test,141,2,0,0,385.35989671993633
train,284,2,0,0,634.8064665707179
val,614,2,0,0,417.8232281719148
train,440,56,13,0,94.78552564881483
train,541,3,0,0,439.01993121041784
train,2227,1,0,0,NaN
train,3936,43,2,0,100.17983829094555
test,783,8,0,0,251.96400959713077
train,1292,9,2,0,367.1219143554359
test,224,17,0,0,127.61073622544461
val,826,41,2,0,114.2420675583211
train,4295,9,0,0,264.2087243071281
test,60,4,0,0,73.94753548785096
train,2545,3,0,0,82.66952280012266
train,1397,6,0,0,217.68612725665363
train,1662,22,6,0,122.54435629456509
test,604,11,2,0,165.8229477484947
val,302,8,0,0,103.25938214031692
test,678,25,4,0,131.0467473842827
test,1042,2,1,0,369.5030446423953
train,3938,40,2,0,116.5423713053193
val,190,8,1,0,292.88268009664915
train,499,7,3,0,37.50333318519835
train,345,7,2,0,141.81061314302255
val,792,6,0,0,189.3105913571663
train,3454,10,0,0,349.36669074427584
val,460,11,0,0,273.56580561173945
train,1532,11,2,0,144.53373308677806
test,56,2,0,0,520.3654965502612
train,4738,1,0,0,NaN
train,2456,5,0,0,193.29381780077708
val,22,1,0,0,NaN
test,1002,10,3,0,233.5533658876342
train,3601,11,1,0,168.04538077555122
train,4010,9,4,0,35.654592972014136
train,2644,21,3,0,141.31967308198813
train,2430,5,1,0,285.27399110329003
train,3775,24,3,0,61.018439835839786
test,525,1,0,0,NaN
train,947,3,0,0,430.7391902300045
train,3600,10,0,0,278.6583306055922
train,847,38,9,0,142.15271886575346
test,512,5,1,0,533.768676488233
train,3022,8,0,0,276.19965604612906
val,534,2,0,0,1095.2927690804866
train,4515,9,1,0,74.78301946297702
train,4245,19,4,0,83.5224520712844
val,282,2,0,0,414.2864347284376
train,1303,2,0,0,927.0
train,1659,26,5,0,100.20603774224385
test,839,2,0,0,631.5791716008374
train,1531,9,1,0,54.589376255824725
train,3709,17,2,0,117.88553770501282
val,349,12,2,0,104.16042830984523
train,4264,7,2,0,100.4800975317998
val,191,6,0,0,356.3779594756107
test,1008,10,2,0,167.09483693593475
train,4336,6,0,0,73.68424352247487
val,811,4,0,0,315.6876908281798
train,3238,6,0,0,188.47082002262314
test,387,6,2,0,342.58830138767826
train,4201,6,1,0,173.54610338466262
test,1012,11,0,0,142.89856542317
train,1533,5,1,0,238.14386408219718
train,4624,36,12,0,35.28229033918491
train,209,10,0,0,193.79176969107846
val,1235,5,0,0,59.26634795564849
train,1210,3,1,0,82.00152437607487
val,69,3,0,0,584.9053342208464
train,932,5,0,0,317.3787169928066
val,945,4,0,0,119.87198234643941
val,1208,10,1,0,110.89197387405025
train,131,8,1,0,295.7626836728137
test,44,45,14,0,88.20005668932419
test,494,6,2,0,119.96478803174006
test,263,10,0,0,323.11955991552105
train,3199,4,0,0,249.97979234644444
val,122,2,0,0,444.88200682877704
val,745,7,2,0,94.13288479590966
train,1463,25,15,0,63.460617708938194
val,70,3,1,0,345.028984289726
val,1182,4,0,0,106.65258750351637
train,1557,4,0,0,119.17108662984003
train,3366,3,0,0,311.66969695496545
val,254,3,0,0,29.038767191463208
val,414,10,0,0,127.95845654842057
test,1023,30,8,0,50.502475186865844
train,4391,2,0,0,868.7462230133723
val,484,9,2,0,275.93568091133125
train,405,6,1,0,338.16305238745406
val,758,27,4,0,91.81775427443213
train,2808,4,0,0,246.3426331561668
train,2150,1,0,0,NaN
train,2440,2,0,0,292.6777237850534
train,1497,6,1,0,92.9075772771681
val,300,4,0,0,42.101357764283364
test,1195,5,0,0,375.74259806415347
train,485,3,0,0,498.7787585693681
train,2966,9,2,0,138.15932831336434
train,4447,2,0,0,369.44045528339205
val,823,35,0,0,152.76452467768817
val,1285,3,0,0,357.56188275597833
val,124,2,0,0,428.9160757071248
val,476,14,3,0,221.11365855595625
test,398,8,1,0,50.32585138364233
train,359,206,182,0,50.06470279675369
train,1318,13,0,0,291.1391419922783
train,745,35,9,0,89.81369606023348
train,2424,2,0,0,236.02595196291446
train,1734,6,0,0,511.75189301066587
val,1332,2,0,0,1064.5850130449892
train,2109,2,0,0,572.0603115057013
val,1184,1,0,0,NaN
train,4777,37,30,0,35.531676008879735
train,2699,20,4,0,158.19655196231355
train,4658,19,12,0,68.1487343976394
val,401,10,1,0,239.1782807865296
train,4673,6,0,0,231.97683073962364
val,445,24,14,0,69.57636247824365
train,4684,8,0,0,221.6135659860381
train,2883,6,0,0,32.81451036012037
train,4332,3,1,0,21.569654610122992
train,3770,13,0,0,91.8163928718614
train,4749,5,0,0,377.18065963142914
train,4938,1,0,0,NaN
val,413,14,5,0,62.27760432129676
train,3594,9,0,0,170.62385530751556
val,618,2,0,0,562.2277118748239
test,393,7,2,0,250.5718459843404
val,1219,9,5,0,60.440052945046304
val,26,1,0,0,NaN
train,3432,22,0,0,122.0727116157166
train,4981,7,1,0,204.70039081545497
train,1062,3,0,0,431.70418112406554
test,955,4,0,0,311.50019889276814
train,5019,10,1,0,99.85467085607812
train,4372,2,0,0,823.9206575878529
val,192,5,0,0,362.243702498746
test,432,11,2,0,174.08690358553685
val,100,11,0,0,212.23159519732212
train,2656,9,1,0,268.5167592534961
train,4308,34,7,0,82.46969140235703
train,128,4,0,0,359.2494063141539
train,4503,10,1,0,73.38426261808453
val,497,5,0,0,446.54283109238247
train,4192,5,0,0,333.8521379293534
train,708,5,0,0,282.25741797160975
val,615,4,2,0,100.50733790664728
train,2335,1,0,0,NaN
train,1990,4,1,0,443.6377296875919
train,2785,11,5,0,102.67058975188561
val,284,1,0,0,NaN
val,814,7,0,0,270.70740662198364
train,511,5,0,0,367.1382573363882
train,2022,1,0,0,NaN
train,3499,16,0,0,157.76327202489176
train,988,15,0,0,201.00808441453293
test,1170,1,0,0,NaN
train,2822,12,5,0,300.5203820042827
train,737,61,9,0,81.27115109311545
train,2169,12,0,0,162.27131468483546
train,1116,4,0,0,110.41866406779879
val,666,2,0,0,709.2601779319067
test,965,23,5,0,117.47765745025733
test,1014,9,1,0,100.06123125366787
test,1109,2,0,0,1010.5486133779018
val,891,8,1,0,210.82746357581732
train,4523,6,0,0,280.4004527774281
train,2916,6,0,0,312.65396207308805
train,1762,5,0,0,161.4465855941215
val,387,4,0,0,495.85908916455264
train,4121,10,1,0,198.4508820847712
train,746,77,22,0,72.58443359288546
train,3856,5,0,0,241.0808992848666
train,991,7,0,0,257.9733513369162
train,4949,1,0,0,NaN
train,625,6,0,0,308.1376647270834
test,1147,10,0,0,125.29532736408524
train,2685,2,0,0,784.5842848285963
val,1022,4,0,0,236.01676039489024
val,856,36,2,0,90.21363533302491
train,4674,7,0,0,118.69709347747316
train,2974,6,0,0,224.13713475270188
val,305,1,0,0,NaN
train,4984,8,3,0,228.4630282410026
val,1009,31,6,0,70.36511919978534
test,1237,7,1,0,105.64326765109077
train,181,4,1,0,345.22588468849966
test,958,8,0,0,202.62468018509065
train,4468,16,2,0,64.66065264130884
train,80,44,36,0,103.19916101126822
train,4718,1,0,0,NaN
train,3442,31,0,0,97.82893232576956
train,3274,10,0,0,173.22312201320008
train,3559,36,0,0,125.8742934974534
test,912,20,2,0,135.83329836763744
val,293,5,0,0,35.03212811120672
test,920,21,2,0,156.50958437105376
train,848,35,10,0,155.46141000261125
train,1063,6,0,0,284.80696815448454
train,442,11,7,0,131.73647938213622
val,1292,2,0,0,263.5474340607398
train,277,9,2,0,120.30378215168466
train,618,11,2,0,222.80035906613796
train,1204,14,2,0,150.60151367952395
train,1095,3,0,0,260.1562030780739
train,4725,5,1,0,149.38959133754935
test,481,13,7,0,120.67829133692605
val,97,11,1,0,258.2155107657168
train,3997,2,0,0,62.83709095749102
val,273,5,0,0,339.9544087079913
train,4976,6,0,0,205.59979341406873
train,555,3,0,0,371.7048560349999
train,4263,6,1,0,171.26149596450452
test,817,7,1,0,223.95144563052054
train,1021,101,14,0,71.72516991963143
val,1326,3,1,0,153.8587014113924
test,981,1,0,0,NaN
train,710,5,0,0,271.1424902150159
train,144,3,0,0,514.6066458956783
train,5015,9,0,0,123.9395013706284
test,359,40,1,0,82.30735082603498
train,2799,6,0,0,408.6327436545326
train,2365,3,0,0,66.57514551242078
train,3787,20,4,0,59.746253575051455
val,1023,10,1,0,140.40413198650313
val,403,10,0,0,337.00816013859367
val,730,13,7,0,129.634100452003
test,282,6,0,0,341.7191449086221
val,685,4,0,0,479.393003388592
train,3338,18,2,0,84.23502092764596
val,568,8,2,0,227.74108105478027
val,431,14,1,0,213.79546300143977
train,4227,24,3,0,69.84799982704024
train,145,3,0,0,590.9985194566904
train,250,2,0,0,669.6164947191788
train,3941,34,2,0,102.5
test,426,11,2,0,235.2126697267815
train,2939,16,4,0,38.227912837225766
test,766,8,0,0,207.5361414308361
train,309,7,4,0,366.6023049572929
train,786,32,1,0,129.1963230548144
train,2357,3,0,0,99.95248871338822
train,1967,20,11,0,114.70820782608627
train,3044,5,0,0,412.977299618272
train,4160,25,1,0,148.29447056448194
train,1709,1,0,0,NaN
train,3476,4,0,0,380.31245361091544
train,1728,8,2,0,198.87810336987832
train,4765,7,0,0,274.49635698857645
train,1815,3,0,0,468.09854731669486
train,1719,13,3,0,287.06271091871196
train,2173,3,1,0,234.50053304843468
test,875,2,0,0,216.37467504308356
train,4030,4,0,0,420.7630219180252
train,3310,35,7,0,72.8920434615466
train,681,6,2,0,144.04599959735086
val,437,11,0,0,234.78181360573907
val,139,11,0,0,225.90318722851168
train,4894,10,2,0,89.62700485902673
val,1305,3,0,0,407.8627220033721
train,1199,10,1,0,175.14878434183532
train,2637,3,0,0,499.2707181479803
train,684,3,1,0,171.97456207241814
train,2368,3,2,0,605.0
train,3050,9,1,0,201.26164562578734
val,981,8,0,0,217.80292825312046
train,3450,7,0,0,177.51408394828846
train,1325,9,0,0,292.58545760170654
train,2275,25,9,0,163.7261433003294
train,4527,3,0,0,180.77679607737272
train,4928,9,2,0,144.42472087561742
train,3080,9,0,0,309.608220175111
train,1715,29,9,0,143.1127178136171
train,235,7,0,0,248.11539653959406
train,2703,19,3,0,136.69308687713507
train,2951,25,11,0,43.142206712220926
train,1696,2,0,0,950.5652265888964
train,3299,6,0,0,527.7158838064238
val,1056,17,7,0,164.32665638903507
train,2868,6,0,0,226.71568097509268
train,3761,25,2,0,82.59842613512681
test,256,43,0,0,107.1785892797624
test,706,11,0,0,216.5023094565044
test,139,1,0,0,NaN
val,766,30,6,0,122.67946038355402
train,2441,1,0,0,NaN
val,849,8,1,0,203.49809775865492
train,4892,16,3,0,83.28899212847189
train,2273,25,15,0,107.97337634806091
train,3210,5,0,0,269.60804884127623
train,1668,17,3,0,76.58492018667904
train,676,5,1,0,638.009796163037
train,2598,3,0,0,128.61765042170535
train,3184,10,0,0,148.51935900750448
train,3562,29,1,0,175.5455781271633
train,2849,17,2,0,80.31967380411851
train,1562,10,1,0,184.14125013152267
train,4220,7,6,0,105.39449701004318
train,4124,3,0,0,499.4949949699196
val,324,30,3,0,139.21160668470782
train,269,7,0,0,372.20592418713596
train,3017,3,0,0,216.00462958001617
val,1299,2,0,0,1011.1390853883555
train,2622,7,1,0,198.6158352196521
train,4829,1,0,0,NaN
train,1765,2,0,0,980.1388932187111
train,329,6,1,0,401.17140974899996
train,592,5,0,0,426.510550865978
train,3772,13,0,0,81.12490369793976
train,230,3,0,0,622.0213018860367
test,1092,12,0,0,54.23454835594969
train,3346,12,0,0,169.28821577416426
train,521,44,3,0,104.04572659652037
val,286,3,0,0,530.6799883168763
train,2187,2,0,0,580.0176721445649
val,637,4,2,0,134.0386008637417
train,1067,1,0,0,NaN
train,3154,36,10,0,43.30415684434925
test,1112,5,0,0,397.5550276376844
val,1101,6,1,0,112.50247719519207
train,1182,10,0,0,254.56258028860336
train,2831,9,0,0,254.9127301646585
train,4053,23,12,0,64.5077514722068
test,1183,7,1,0,155.50321540083985
val,591,1,0,0,NaN
train,4070,8,2,0,214.24014082165598
train,1132,10,0,0,353.4240995482386
train,2417,1,0,0,NaN
train,2059,1,0,0,NaN
val,927,40,1,0,91.80005446621477
train,3212,20,1,0,133.87774273567658
train,1426,19,3,0,234.06462782744427
test,975,4,0,0,497.44003056616873
train,4833,3,0,0,594.4335538981628
train,680,4,2,0,267.31452215306876
train,3030,11,0,0,243.6313813941053
train,2627,14,2,0,219.50227789250843
test,982,2,0,0,390.46254621922446
train,2815,3,0,0,445.4090816317063
train,3159,51,23,0,44.54492114708477
train,2393,1,0,0,NaN
train,2166,6,2,0,230.80782049142096
train,3825,7,0,0,123.8587905640936
train,4835,3,0,0,467.30129466972375
train,2025,1,0,0,NaN
train,4083,4,0,0,213.36820875431823
train,3956,16,2,0,261.82370592618764
test,661,15,0,0,163.50076452420643
train,4649,12,7,0,54.07207184302284
train,544,2,0,0,424.73344582220034
val,740,6,1,0,462.8501377335865
train,2494,5,3,0,202.30978720763858
train,409,3,0,0,249.07027120874943
test,156,11,4,0,195.356724993024
train,4217,13,4,0,160.8182203607539
train,3124,7,0,0,195.59460626510128
train,3881,18,6,0,100.51994372776146
train,4366,8,1,0,49.70343081007186
train,3970,24,6,0,138.4602831139674
train,1490,30,8,0,49.345488853361786
train,3950,32,9,0,122.26966254162608
train,1344,55,25,0,57.10078808562978
train,1128,6,0,0,452.2087099101303
train,4473,3,1,0,35.0
train,4141,14,1,0,214.86765166883424
train,2145,1,0,0,NaN
train,3556,28,0,0,136.95345924802336
train,2004,6,1,0,358.813670308142
train,2036,1,0,0,NaN
train,825,5,0,0,381.7869170099992
test,687,4,0,0,218.46613133431805
train,3500,12,0,0,181.66246172503554
train,1954,5,1,0,144.53113851347052
train,2096,3,0,0,117.58613863887189
train,2108,2,0,0,731.3036305119782
train,3816,5,1,0,437.92065491364986
test,378,13,7,0,272.99908424754835
test,498,2,0,0,206.592594252553
train,2153,15,4,0,101.01980003939822
train,316,12,0,0,199.68997890672108
val,934,18,0,0,181.39735389470266
test,411,9,0,0,39.05124837953327
train,827,6,0,0,297.9345565724124
train,213,6,0,0,275.80065264607333
train,3862,17,1,0,78.74801584801995
train,117,5,0,0,464.3888456886104
val,1054,14,6,0,178.80995498014084
test,218,2,0,0,1067.3004497328764
val,40,3,0,0,617.9573205327371
val,846,8,1,0,125.40533878613084
val,90,3,1,0,434.69989648031896
test,876,4,0,0,190.84423022065758
train,1019,121,24,0,66.00946901770988
train,1016,95,19,0,53.67727638395972
train,1771,4,0,0,501.42827743887517
test,671,6,1,0,399.06139878469827
train,648,5,0,0,384.4008324652797
train,3231,8,0,0,282.57637344613863
train,869,27,9,0,127.69592789122134
train,4429,2,0,0,403.83195762594124
train,4919,2,0,0,191.4118596116761
val,1006,62,7,0,97.46484261509639
train,1799,4,2,0,71.6870741393149
val,609,6,5,0,160.33480595304314
val,896,31,13,0,105.78397799288888
train,1102,17,3,0,144.3918280236108
test,536,1,0,0,NaN
test,806,11,1,0,223.55759884199867
test,1155,3,0,0,641.3930152410455
train,4304,4,0,0,151.7235223342749
val,1018,9,0,0,303.29028998634294
train,2688,2,1,0,405.4281687302943
train,864,14,4,0,140.0102041226097
train,3924,13,1,0,290.5942188000305
val,432,10,0,0,283.4508791417796
test,782,4,0,0,458.30948379759707
train,1691,31,16,0,99.02019995940222
test,243,3,0,0,683.4917702503813
val,1274,2,0,0,291.5788915542413
train,3517,13,0,0,272.02941017470886
train,3250,3,0,0,256.3049940988275
test,1107,1,0,0,NaN
val,926,27,1,0,121.5257174428524
train,1068,4,0,0,287.8319727140929
train,2919,1,0,0,NaN
train,3726,20,3,0,116.34539097016263
train,344,3,1,0,562.285514663147
train,1701,1,0,0,NaN
train,1453,12,4,0,279.0557946792257
train,1836,4,1,0,214.9747606345479
train,4793,8,1,0,174.64310487863634
train,3662,4,0,0,458.21785534019114
train,4046,17,4,0,80.16389461596785
train,609,4,0,0,391.41260488263237
test,342,1,0,0,NaN
val,516,2,0,0,516.3005423200716
train,4699,4,0,0,157.09929731408533
val,526,2,0,0,473.1648761267049
train,1471,30,20,0,52.73755777432247
train,4709,10,0,0,44.86925450684466
train,2054,2,0,0,435.72497059498437
val,400,10,0,0,317.5617392280837
train,683,6,3,0,202.20039564748632
train,3481,3,0,0,581.5019346485444
test,336,2,0,0,1523.3033184497433
train,813,49,13,0,55.536024344563955
test,78,4,0,0,373.408831362612
train,3423,5,0,0,139.75424859373686
train,1392,3,0,0,550.7313319577886
train,3561,48,2,0,93.10815330684665
val,222,4,0,0,508.80498466108315
train,1057,5,0,0,578.635679853913
test,728,10,0,0,186.26119789814103
test,1187,6,0,0,329.83849617125134
train,857,18,2,0,223.72360179471454
val,79,3,1,0,488.4956499294543
val,177,11,1,0,212.87378889849262
train,1003,8,1,0,313.75905251245416
train,1449,14,4,0,215.1795761683715
train,4459,2,0,0,842.024049537779
train,3098,5,0,0,260.6386387318657
train,1263,39,18,0,54.74486277268398
train,1994,3,1,0,645.9769732738157
train,4056,11,2,0,163.97027169581685
train,949,14,3,0,192.4941951473448
train,1670,18,6,0,159.44836995609842
train,1580,3,0,0,436.152496267074
test,1097,5,1,0,334.3983403068861
train,3004,14,1,0,166.26102471911005
val,1253,3,1,0,124.9419865377528
train,2214,3,2,0,399.06139878469827
train,1699,1,0,0,NaN
train,2790,10,7,0,168.43273690128973
train,2358,1,0,0,NaN
train,3972,18,2,0,175.45247483495277
train,156,12,1,0,219.0005707755119
train,3235,7,0,0,256.95962717905707
test,633,5,1,0,355.25941226095614
train,3170,19,3,0,81.81228514104713
train,4120,14,1,0,186.0243846569741
train,4490,6,0,0,164.73767025182795
test,701,11,0,0,203.70812453115363
train,3347,9,1,0,163.09889637885354
train,4469,13,0,0,70.00714249274856
train,4418,2,0,0,134.30655233457526
val,575,10,0,0,348.1768709721353
train,3150,3,0,0,433.26579601902574
val,51,3,1,0,450.68642091813683
val,223,3,0,0,562.483999772438
val,1137,18,1,0,79.96017422559092
train,3222,6,0,0,309.10324501220305
train,770,4,0,0,496.2955895288328
train,5024,19,0,0,71.98090024443984
test,1032,19,1,0,193.380454027805
test,650,13,0,0,100.11618250812403
train,294,3,0,0,145.24806367039804
train,1429,13,5,0,243.23702431990077
train,972,34,0,0,117.5638124594469
train,3415,12,0,0,97.30823560984757
train,4042,15,1,0,125.14391715141412
train,3277,20,0,0,202.90257227513874
test,178,5,1,0,351.59955915785787
train,2340,1,0,0,NaN
train,1738,20,5,0,135.20912466815008
train,2314,2,0,0,785.6732781506572
train,3073,14,0,0,159.89449646563824
train,386,5,0,0,448.08034993737454
train,788,29,1,0,123.2000405844089
train,1569,11,1,0,68.28250141873832
train,4208,2,0,0,940.7223288516118
train,657,6,0,0,419.90772795936965
test,1201,2,0,0,440.7224183088489
train,1160,9,0,0,301.0186871275602
train,2435,2,1,0,60.59909240244444
train,1561,12,3,0,117.82070200256484
train,3426,7,0,0,235.19034844142735
val,1186,2,0,0,782.0385220690858
train,2600,2,0,0,627.6434099072497
train,3147,8,1,0,229.9294948270345
val,472,10,1,0,238.56340876169588
train,3530,21,1,0,115.16292806281021
train,5051,1,0,0,NaN
test,315,1,0,0,NaN
train,1131,5,0,0,306.70873805615645
train,3367,4,0,0,212.79577086400707
train,1985,3,1,0,78.53184067625055
val,734,10,1,0,241.667643676186
train,1443,6,1,0,259.0275081916977
train,3606,3,0,0,194.38235516630618
train,2905,4,0,0,286.32180166355187
train,3001,21,0,0,109.41320761224397
train,2031,1,0,0,NaN
train,4370,2,0,0,747.081320874776
train,4095,11,3,0,135.31629613612694
train,256,2,0,0,1044.043222285361
train,2498,5,1,0,165.73774464496614
test,523,5,1,0,341.54428702585557
train,3913,34,2,0,111.15431795970645
test,588,8,0,0,311.25830111688947
test,670,8,1,0,303.0416558212312
train,4115,12,2,0,81.75175083464356
train,543,3,0,0,420.47592083257274
train,3229,6,0,0,153.11760186209813
val,158,9,0,0,191.4849863566332
test,1204,11,10,0,68.41052550594829
train,914,1,0,0,NaN
val,386,9,0,0,315.9434284804797
train,3877,27,4,0,96.88395119936015
train,4119,11,0,0,229.55445976935408
train,3934,49,5,0,91.78235124467012
train,2881,3,0,0,165.47280743372912
train,4823,7,2,0,253.03853461478946
test,631,6,0,0,346.453197279511
train,1587,2,0,0,696.8536431705011
train,2963,5,1,0,249.8649635303037
train,4672,7,0,0,243.72628089723932
train,4079,1,0,0,NaN
train,1735,66,39,0,61.34021763666981
train,1989,5,2,0,281.98448538882417
train,4166,7,0,0,80.55588122539532
train,4866,1,0,0,NaN
val,361,7,0,0,253.9611190714043
test,202,27,16,0,197.44936059658437
test,349,2,0,0,392.1543063642168
train,2877,7,0,0,78.40918313565064
train,5039,6,0,0,361.72970403216425
train,4909,2,0,0,254.1598906200583
train,340,1,0,0,NaN
train,1415,25,20,0,58.69412236331676
train,751,32,3,0,115.63844516422728
test,112,9,1,0,265.14760040400137
val,900,31,10,0,98.2980162566875
val,648,2,0,0,538.3646533716715
train,1788,4,0,0,187.03405357434474
val,1030,5,0,0,411.11829197932803
test,1075,5,0,0,118.76131525037941
train,2501,1,0,0,NaN
test,931,17,0,0,224.1929972144536
train,2090,10,7,0,187.49326945657634
train,1678,6,1,0,219.60432610854355
train,1817,2,0,0,757.0105679579381
train,1040,10,0,0,162.85346173784578
train,2901,3,0,0,391.34799092367905
train,1625,4,1,0,282.2911426805976
train,752,33,1,0,104.57652700295607
train,3954,15,0,0,210.92474961464336
train,874,17,1,0,145.31431450480025
train,3978,51,9,0,88.55789067045353
train,3808,6,0,0,326.4243959995939
train,1687,9,0,0,123.39469194418372
train,1909,11,4,0,141.09748403143126
train,1367,19,5,0,208.653420772342
val,98,9,1,0,255.9472601924076
val,876,15,5,0,194.3514857159574
test,487,20,9,0,130.02304161666746
test,581,3,0,0,698.8520945092746
train,610,1,0,0,NaN
val,905,17,3,0,157.19812339846808
train,1477,35,21,0,42.638011210655684
train,4286,30,10,0,34.514489710844636
train,4609,7,2,0,61.4593361500106
test,292,34,0,0,76.65221785874463
train,2991,5,0,0,209.07534527055074
train,2239,1,0,0,NaN
train,2421,2,0,0,337.87941636033406
train,2613,2,0,0,623.4831593555675
test,270,6,0,0,286.606568411805
test,237,2,0,0,731.7731889048682
train,1620,3,0,0,273.69508581631493
val,114,5,1,0,428.33748376718097
train,1754,9,4,0,25.401771591761076
test,516,3,1,0,158.26875876179733
val,8,17,4,0,180.12842640738302
train,436,45,9,0,88.670739254841
test,320,19,0,0,160.0726397608286
train,3224,10,0,0,227.93952981627194
train,973,37,1,0,129.24492253082903
test,14,11,0,0,174.41330224498358
train,4276,3,0,0,285.5805490575295
val,519,5,1,0,193.05763388169865
val,132,6,0,0,417.27988209354163
train,3521,15,1,0,75.73803535872844
train,3535,11,0,0,201.6587464009434
train,1239,28,0,0,143.4381399767858
test,495,2,0,0,157.18858101019933
train,2370,2,0,0,756.004133586583
train,2250,1,0,0,NaN
test,718,10,0,0,137.20017517601173
train,2608,5,1,0,153.22206107476822
val,727,3,1,0,273.3870882101055
test,974,3,0,0,246.71440979399642
train,2325,1,0,0,NaN
val,20,2,0,0,935.2799046274864
test,1162,1,0,0,NaN
train,3204,9,0,0,330.3127306054067
test,337,7,1,0,196.6214637317096
train,120,6,0,0,525.2808772456884
train,1098,14,1,0,218.28879952943075
val,809,2,0,0,529.1590025691711
test,830,1,0,0,NaN
train,159,4,0,0,254.63585345242285
test,1015,8,1,0,139.51402854897407
train,3218,10,0,0,214.5788371821077
train,3731,13,1,0,216.5900505563448
test,1174,4,0,0,309.2626906017862
train,1126,5,0,0,254.71650908411885
train,1014,3,0,0,332.53759185992794
train,3115,6,0,0,240.79140350103864
val,542,2,0,0,983.286580809481
val,281,4,0,0,419.93914666133446
train,1154,17,1,0,230.07824755939012
val,313,12,1,0,235.8340057040307
train,1072,14,5,0,88.68322280704484
test,297,16,1,0,149.57168685468724
train,3425,9,0,0,197.94001616651445
train,2712,10,7,0,254.84061111526998
train,3138,8,0,0,208.95556892731219
train,814,127,46,0,37.98025802966588
train,3789,20,0,0,89.91543459316456
train,3859,20,1,0,105.7828230907804
train,1524,14,2,0,105.21613967371974
train,2060,2,0,0,374.0805394564117
test,690,7,0,0,286.34332539802637
train,3675,7,0,0,219.38607521900747
test,1072,20,1,0,41.93149174546501
train,4651,18,10,0,42.199674585618496
val,11,9,2,0,236.17154782064668
train,501,2,0,0,998.6847600719658
train,1934,10,1,0,254.78618486880328
val,36,1,0,0,NaN
test,435,13,2,0,223.75041899402112
train,3207,16,0,0,169.73976180437631
val,1329,4,0,0,199.29740588208514
val,646,3,0,0,499.00901795458566
train,3128,4,0,0,385.26215437460297
train,1904,34,25,0,90.57764719176008
test,93,8,1,0,255.45147918192458
val,1088,4,1,0,118.0762419889495
val,1019,6,1,0,242.36379019518776
val,63,6,2,0,215.98900434975852
train,1314,6,0,0,283.9234051641393
train,3921,17,0,0,107.72766589878387
test,528,1,0,0,NaN
train,3137,5,4,0,73.09240726641858
train,3097,6,1,0,277.90016192870416
val,806,6,0,0,288.10996933077126
train,1510,3,1,0,79.23698631321108
train,3284,4,0,0,432.87599901533935
train,332,4,1,0,475.2586722427215
val,540,2,0,0,1077.770151748507
train,2769,8,1,0,251.21984962613413
test,790,12,0,0,135.63554106501732
val,82,2,0,0,593.7293154291777
train,3837,5,0,0,403.19040167146835
train,196,5,0,0,289.88359732830696
train,495,3,0,0,570.1973342624464
val,1310,1,0,0,NaN
test,888,4,0,0,299.20812310613246
train,1105,32,9,0,143.67782744139308
test,972,2,0,0,464.973655167688
val,1213,5,0,0,145.16886718577092
train,3272,2,0,0,1001.8164752089077
train,2573,4,0,0,453.33796854225864
train,3844,4,0,0,334.9384583190839
train,763,34,5,0,86.70310279788927
val,958,2,0,0,267.76528901259775
val,74,3,0,0,494.4555086152848
test,172,4,0,0,362.30088461418654
train,1441,10,2,0,270.01075716375476
train,2936,22,4,0,78.14522206461399
train,646,1,0,0,NaN
train,3966,19,4,0,120.55392984054896
val,696,4,1,0,299.46267832055406
test,311,24,1,0,121.5136478445016
val,860,30,0,0,124.68460209665025
train,2702,19,10,0,192.2095210961205
train,2053,3,0,0,510.612622249
val,546,2,0,0,1048.229578861425
val,1334,1,0,0,NaN
train,4265,8,1,0,210.07117588498863
train,4367,7,1,0,260.641995848712
train,4274,1,0,0,NaN
train,659,9,1,0,328.5977784465379
train,1220,7,0,0,247.956649436953
train,3179,16,1,0,57.83989603875641
train,267,9,2,0,157.0485593693874
train,4885,4,1,0,207.83142890988668
train,2903,4,0,0,303.0398412537712
train,1070,2,0,0,761.2603037069515
train,2788,7,4,0,118.94956914591998
test,791,7,0,0,174.04597093871493
val,501,4,0,0,339.69737123952416
train,3774,15,1,0,65.364363379444
test,692,6,0,0,308.5657761039501
train,2231,1,0,0,NaN
test,235,92,18,0,50.202024345832584
train,3413,6,1,0,98.6927048975759
train,3456,8,0,0,124.57888166763236
test,1011,8,0,0,136.70587453286203
test,712,9,0,0,196.10775099419197
train,700,6,0,0,214.72994034277497
train,2014,3,2,0,245.65931694116549
train,1966,3,0,0,779.9097704221945
train,3650,13,0,0,199.74546302732386
val,75,2,0,0,473.38911056339265
train,4752,4,0,0,223.04843123553866
train,3276,13,0,0,177.82153975264077
val,416,9,2,0,83.85254915624212
train,532,20,2,0,113.98283049978437
train,3695,16,0,0,224.57891263030774
train,3657,14,2,0,240.44593987006726
train,4618,9,2,0,111.14967386366908
test,313,1,0,0,NaN
val,1173,6,0,0,148.25261743541586
test,348,1,0,0,NaN
train,364,78,47,0,71.0790413427024
train,264,13,0,0,186.26929430263056
train,1852,6,2,0,289.4075830130845
train,1372,15,3,0,237.51894661268605
train,1915,2,0,0,981.1424463348836
train,2631,4,3,0,91.1662879509903
test,6,2,0,0,518.2048340183638
test,289,36,0,0,93.73633233703994
train,3654,21,2,0,128.1727350102197
test,197,19,1,0,132.03503322982124
train,2556,4,0,0,477.81265624637706
train,4462,1,0,0,NaN
val,788,6,0,0,190.86500932288155
train,3688,33,1,0,113.26186472065521
train,2037,5,1,0,186.16994923993508
train,121,3,0,0,470.7347979489088
train,2518,3,0,0,594.5555062397455
train,2900,4,0,0,378.0983415279638
val,1106,2,0,0,456.11073216928366
test,824,1,0,0,NaN
train,4335,4,0,0,77.47618713896715
train,4502,10,3,0,83.78431071154391
val,360,7,0,0,299.77700045200265
train,1742,20,7,0,117.38185549734678
train,778,7,0,0,260.8006901831358
train,3363,8,1,0,310.3810512567326
train,3889,50,7,0,62.75400129896775
train,1926,7,1,0,115.35380357838228
train,2878,8,0,0,35.340248072927665
val,87,2,1,0,299.1253917673991
test,1021,3,0,0,176.08591652940333
test,458,3,1,0,305.01024572954924
val,49,2,0,0,748.0596567119496
train,4957,11,9,0,125.85904814513735
val,45,22,1,0,135.05924625881784
train,4254,8,2,0,156.7202922406668
test,905,12,0,0,253.38952006132263
test,1001,8,0,0,242.80587463729682
val,1343,1,0,0,NaN
train,3988,9,1,0,173.96910645284123
val,210,8,2,0,270.5443586549163
train,74,41,30,0,120.14262357714684
val,317,11,0,0,199.76548750972978
val,611,3,0,0,494.631175725914
train,3246,7,0,0,227.7438253828191
val,466,15,4,0,216.80521211446924
train,1720,19,7,0,184.11205826887058
train,3519,13,0,0,269.82309019059136
test,1044,3,0,0,593.3609778204158
train,1076,1,0,0,NaN
test,1256,2,0,0,564.5267929868343
val,208,3,0,0,351.02492788974405
val,1225,18,5,0,81.81530071855131
train,488,8,1,0,143.28547562171488
train,4520,3,0,0,119.03780911962384
train,3003,13,0,0,250.62172691129555
test,376,5,0,0,349.30108788837174
train,3779,1,0,0,NaN
train,2887,2,0,0,323.6251689841196
train,2523,1,0,0,NaN
test,396,26,7,0,54.45181356024793
train,100,62,5,0,103.66532689380765
val,772,29,10,0,114.91953706833317
train,4773,10,5,0,119.26527037572987
train,3380,8,0,0,240.86995343155664
val,777,4,0,0,343.0817577664378
test,825,2,0,0,868.9397274840184
train,4850,4,0,0,160.8332733309404
test,23,28,1,0,189.31785441420996
test,189,2,0,0,562.9513744543128
test,540,1,0,0,NaN
train,1122,3,1,0,97.50512807027125
val,1087,6,0,0,84.22143432642311
train,1648,2,0,0,1029.984587263324
train,1403,13,4,0,65.10376333208396
train,2483,3,0,0,265.1527861441399
train,1173,11,0,0,138.62629620674426
val,199,8,0,0,219.62902244299642
train,4642,13,1,0,42.08622102303793
val,1027,4,1,0,373.2808354889953
val,1263,9,1,0,59.03600596246328
test,828,1,0,0,NaN
train,2282,1,0,0,NaN
val,1259,5,0,0,218.92921230388603
train,2862,19,6,0,173.58715390258578
train,5030,4,2,0,230.787552391723
train,1677,15,7,0,228.2241223008646
train,2880,9,0,0,49.51009997970111
train,2560,6,0,0,262.62775528824216
val,337,5,0,0,410.22189117598293
train,146,3,0,0,594.7909296551184
train,3533,16,2,0,76.83825179877294
train,3424,7,0,0,230.81431931316567
train,429,54,18,0,95.12228971171794
train,3830,3,1,0,112.48222081733628
train,3819,6,0,0,358.5625632252751
test,813,2,0,0,822.0054744343252
val,228,4,0,0,729.0857507671441
train,3946,13,6,0,153.4421715174808
train,1866,5,0,0,296.6150704195591
val,829,27,2,0,185.43529868932723
val,406,27,1,0,177.65838004439868
val,1119,2,0,0,473.2940417964291
val,547,2,0,0,990.2364616595372
val,753,7,4,0,177.97893133739174
train,1756,2,0,0,145.0
train,4663,3,0,0,872.3045626385317
test,1090,8,1,0,88.3317609922954
train,558,2,0,0,414.58714403608803
test,510,3,2,0,368.3737911415523
train,4088,6,0,0,85.03675675847474
test,417,23,4,0,49.51009997970111
train,1780,6,0,0,450.2513187098956
train,2345,4,0,0,89.32908345747134
val,16,23,10,0,102.08329931972223
train,4068,14,1,0,151.9001460775848
test,391,5,1,0,341.60869426874956
train,3515,11,0,0,195.5159840013087
val,676,13,3,0,128.14054783713078
val,1336,2,0,0,482.59351425397335
train,1506,24,6,0,33.13608305156178
train,2499,2,0,0,910.2554586488345
train,252,3,1,0,521.6100075727076
train,3996,1,0,0,NaN
train,2135,8,4,0,271.1961150732305
train,3061,13,0,0,290.8066367880898
train,280,5,0,0,291.00386595370173
train,3615,6,0,0,290.221471661951
train,4541,1,0,0,NaN
val,639,7,2,0,167.14140719761815
train,1496,5,1,0,207.69508901271595
train,52,3,0,0,444.26146580589227
train,3894,17,15,0,124.33824833895642
val,729,20,2,0,81.43999583544255
train,39,8,0,0,246.23722662648865
val,794,6,0,0,199.10361624038876
val,1041,17,4,0,111.35640978408023
val,1185,3,0,0,74.30343195303969
test,908,19,7,0,162.98006013006622
train,1048,32,0,0,95.94399407987974
train,4840,4,0,0,130.65957332145737
train,918,4,0,0,224.85027065222977
train,2492,7,2,0,305.71759844667105
train,3093,3,0,0,171.42053552593984
train,4934,3,0,0,550.242900908317
val,358,11,0,0,272.489449337034
train,40,3,0,0,331.56371936627806
train,4549,3,0,0,399.11213962995413
train,3092,3,0,0,396.05712971741843
train,693,2,0,0,530.8577964012585
train,2933,21,3,0,77.49354811853694
train,68,9,0,0,221.82200071228283
train,1087,4,0,0,413.91980531605094
test,85,14,1,0,247.30734935924528
train,2160,1,0,0,NaN
train,1317,9,0,0,272.3348123174854
train,287,6,4,0,124.59592996801396
train,2915,6,0,0,259.83300995584096
train,1688,16,7,0,118.12810842470982
train,1577,7,0,0,185.2815425238035
train,1316,6,0,0,274.57694732078295
train,274,1,0,0,NaN
train,2657,24,5,0,136.7232657327411
train,3478,7,0,0,344.61899251202044
train,2477,1,0,0,NaN
test,479,19,2,0,131.12684698413213
train,2023,2,0,0,745.9024735178185
test,739,10,0,0,318.2407720259884
train,3187,4,0,0,305.26398678440046
train,5009,8,1,0,143.643182201659
test,88,20,1,0,164.14399166585417
train,916,4,0,0,204.16940641741758
train,3280,8,0,0,259.35873193119755
train,3035,5,0,0,360.36543951938563
train,4638,10,0,0,87.00675024488288
train,2875,4,0,0,191.8307756751807
train,987,1,0,0,NaN
train,4237,17,14,0,109.65856099730654
train,3288,6,0,0,351.7204145340444
val,1370,13,14,0,165.40027206749087
train,728,1,0,0,NaN
train,2920,1,0,0,NaN
train,3421,4,0,0,292.35107285333027
val,612,3,1,0,140.20074892809953
train,2397,1,0,0,NaN
train,1942,6,1,0,193.19679086361657
val,1116,3,0,0,378.00132274900835
train,3781,1,0,0,NaN
val,659,4,0,0,230.71872137811295
val,1317,4,0,0,199.88247781359524
train,4999,6,0,0,231.62955338211918
train,4606,9,2,0,101.39033484509261
train,1586,3,0,0,800.5826003605124
train,4687,2,0,0,161.23042516845263
test,1207,4,0,0,459.56389276697337
test,1057,3,0,0,450.34042678844634
val,871,1,0,0,NaN
test,316,4,0,0,456.1304925847028
test,947,4,0,0,286.1174727163335
val,682,5,0,0,330.80054413498175
val,1011,61,18,0,75.54137938904744
train,4729,6,0,0,267.57148577529705
val,966,3,0,0,262.0543836687339
train,4632,18,5,0,49.56217740588052
test,104,5,1,0,102.35355391973451
train,2374,1,0,0,NaN
val,702,9,5,0,186.64538569169076
train,995,9,0,0,346.08127658109447
train,4127,6,0,0,270.1481075262235
train,2002,2,0,0,182.6369349282888
val,113,4,0,0,478.5268301485644
train,2425,1,0,0,NaN
train,4060,7,5,0,188.90010587609527
val,622,3,1,0,697.862808867187
train,3445,11,1,0,78.90659034580065
test,1067,3,1,0,25.124689052802225
train,4252,4,0,0,226.91729276560926
train,2970,4,0,0,226.39329396838076
train,1045,28,1,0,86.82165628459296
train,1088,5,0,0,423.73635671252003
train,4401,1,0,0,NaN
val,795,5,0,0,274.5541840875859
train,619,8,0,0,353.67913805420574
test,130,9,2,0,260.2407539183669
train,2713,6,2,0,485.5720852767383
train,1891,6,4,0,105.81233387464809
train,1941,3,0,0,237.32361871503645
val,886,19,4,0,141.18162061684941
train,1439,12,3,0,265.83311291626603
val,1206,10,0,0,106.30380990350251
train,3902,10,1,0,293.47745761962483
train,101,54,2,0,85.04540871125369
train,2743,7,3,0,323.21045775160184
train,305,17,5,0,177.4690113794518
train,969,29,3,0,132.15332004910056
train,1380,6,2,0,262.797450520358
train,3741,29,3,0,82.53787009609589
train,1535,17,3,0,67.17886572427373
train,4109,19,10,0,67.3145600891813
test,180,3,0,0,679.6506455525515
train,221,10,1,0,167.21991508190644
train,443,9,6,0,150.50747489742827
train,3989,1,0,0,NaN
train,4637,17,3,0,52.630789467763066
val,799,3,0,0,199.86057640265125
train,1832,13,12,0,118.72657663724664
train,2462,4,0,0,464.5616601880784
val,1063,4,0,0,489.95466253424695
val,671,4,1,0,347.4220873470565
train,4704,4,0,0,225.13666819349473
test,852,8,0,0,294.7875509933163
test,946,8,0,0,260.6485922663355
train,2208,3,0,0,677.490221331644
val,453,27,25,0,59.30430001273095
train,229,6,0,0,542.5389386947263
train,1,1,0,0,NaN
val,687,1,0,0,NaN
test,976,7,0,0,114.80635870891473
train,1549,4,1,0,187.32351874903847
train,926,2,0,0,685.9163578746318
train,187,1,0,0,NaN
test,566,1,0,0,NaN
val,1179,11,0,0,97.5820167858812
test,1135,2,0,0,477.8980016698124
train,2534,2,0,0,347.7038970158373
train,363,23,3,0,129.31550564414152
train,3411,5,0,0,251.41847585251168
train,3549,15,0,0,117.30835434869931
test,446,2,0,0,911.5385345666962
train,480,2,0,0,477.87289104949235
test,585,6,0,0,229.58371641121357
train,803,18,2,0,133.30887856665913
val,1092,4,0,0,439.25822579838996
train,4838,8,2,0,115.08261746705188
train,2863,8,1,0,173.71303708993196
test,265,8,0,0,268.54022190025404
train,1459,22,13,0,57.07422453652788
train,2835,29,4,0,88.45620385252806
val,513,1,0,0,NaN
test,518,2,0,0,631.0001980982256
val,102,2,0,0,214.62641962256185
train,3190,23,1,0,125.95435681229927
train,191,14,2,0,136.48792744083062
val,843,9,1,0,272.58255630175603
train,1033,14,0,0,207.138597142644
val,597,5,2,0,347.3384516577455
train,3510,8,0,0,217.58265361377363
test,807,7,0,0,247.5020201937754
train,2617,4,2,0,485.433081267754
train,4442,2,0,0,394.35421894535375
val,1321,2,0,0,62.62786919575023
train,4748,7,0,0,355.79383075033775
train,3765,10,2,0,180.06657693308978
val,50,3,0,0,503.19702900553773
train,3685,11,1,0,264.0549185302179
test,310,37,4,0,72.3671196055225
train,3703,19,2,0,90.31195934094221
val,426,11,0,0,263.5075900235134
train,297,2,0,0,646.0665600385149
val,723,19,24,0,209.43555094586975
val,712,2,1,0,427.84401363113636
train,2873,5,0,0,422.38755900239295
train,2819,5,0,0,254.82984519086457
train,2823,6,0,0,426.1484483134956
train,4795,10,3,0,152.94046352956235
train,3056,9,0,0,299.02675465583343
train,2750,17,4,0,186.68489494332422
train,1396,3,0,0,436.58275275141136
val,707,12,4,0,192.0583939080254
train,1006,5,0,0,371.36302993162906
train,3729,11,1,0,248.8784844055428
train,2215,4,3,0,640.6892455679332
train,1716,27,13,0,146.27457058559426
train,3638,19,1,0,204.71016095934272
train,3944,51,1,0,94.70084476919939
test,440,14,4,0,212.3605424743495
train,1326,16,8,0,162.10575059619836
train,2633,2,0,0,438.4575235983527
val,1247,4,0,0,148.91508453020097
val,182,8,0,0,263.0826866215259
train,3728,12,1,0,135.57009257207136
train,4441,2,0,0,364.51234546994425
train,776,6,0,0,337.69992207572557
train,4238,12,8,0,130.67486192918284
train,189,3,0,0,195.0057691454281
train,4763,12,6,0,120.78197276110262
train,3964,28,3,0,106.01886624558857
train,4827,8,0,0,144.0517304648211
val,292,14,0,0,66.30422309325402
val,661,5,0,0,96.67600529604023
train,1785,8,0,0,192.14642853823747
val,1049,3,0,0,67.08576600144028
train,3984,4,0,0,450.634227824764
train,1502,6,2,0,77.17674520216566
train,3758,1,0,0,NaN
train,3359,8,0,0,178.45944502048508
train,4065,3,0,0,489.0769366878794
train,4914,4,0,0,225.69771878452335
train,1629,2,0,0,1007.2859574122931
val,1159,3,0,0,390.04006204491355
test,401,13,1,0,111.58180855318666
train,478,3,0,0,467.7739838853803
train,2097,4,1,0,202.47118236864975
train,679,7,2,0,132.3074072000506
val,1154,11,0,0,124.4598328779209
train,78,44,30,0,122.7675393508909
val,451,19,14,0,56.449092109616785
train,759,32,1,0,108.17037974770474
train,1599,1,0,0,NaN
val,246,11,0,0,329.8673976009148
train,2380,1,0,0,NaN
train,4354,11,5,0,33.63406011768428
val,1282,2,0,0,249.331606500259
train,1948,1,0,0,NaN
train,2850,18,0,0,133.35369868443615
val,1020,3,0,0,550.7109041956587
val,57,5,0,0,492.20447986583787
val,95,12,0,0,123.9679373959307
val,274,5,0,0,421.60704453317663
train,1911,9,4,0,196.80574178615825
train,2565,20,1,0,159.63428494480314
test,1191,2,0,0,1128.9536084357053
train,4942,1,0,0,NaN
val,166,12,1,0,210.26509025045414
val,929,7,2,0,290.22491278317233
test,1136,1,0,0,NaN
val,1153,4,0,0,183.52944424038657
train,3735,19,1,0,219.13123921522464
train,4766,9,1,0,183.76411510411927
train,1348,1,0,0,NaN
train,3440,13,0,0,154.61646096066227
test,1156,7,1,0,150.40029920183005
train,4696,7,1,0,84.53401682163222
val,183,6,0,0,326.58612952787814
train,4742,4,0,0,251.9837450360157
train,3974,20,5,0,130.70299607637895
val,869,2,0,0,415.70813078408753
val,492,7,0,0,503.08970373085555
test,819,2,0,0,535.0934497823721
train,2459,3,0,0,687.9914607028201
train,1652,6,3,0,330.0288316567157
train,4821,5,1,0,202.60429413020842
train,4393,5,0,0,53.033008588991066
train,3164,9,0,0,276.54520426143716
train,3916,33,2,0,129.1907504429013
train,314,10,1,0,285.14684785291485
train,328,11,3,0,259.3535232072239
train,2043,3,1,0,219.80957667945225
train,4689,6,0,0,208.45556154414365
train,4203,10,0,0,243.5293972272725
test,1003,6,0,0,250.81517099250595
train,2801,17,4,0,190.18543582514408
train,427,13,4,0,140.05177614011183
val,807,4,0,0,415.09602192126306
test,198,15,4,0,194.45436482630058
train,4426,1,0,0,NaN
test,57,6,0,0,275.2062862654122
train,2805,27,4,0,90.47098982546837
test,902,7,1,0,185.9516066077408
test,228,6,1,0,436.65661566040654
train,3090,4,0,0,185.91725032935113
val,716,12,11,0,182.48362043483468
train,1178,12,0,0,359.2122777555969
test,50,1,0,0,NaN
train,570,14,4,0,158.95360958468353
train,2677,7,5,0,552.6782517885067
test,144,3,0,0,501.20080806000306
test,715,8,0,0,341.5263533023477
val,384,7,0,0,351.411439768258
train,2482,3,0,0,266.4286959019242
val,1313,1,0,0,NaN
test,994,4,1,0,326.265341162622
train,1869,3,0,0,328.1463088318989
val,1260,3,0,0,646.059594774352
train,1278,6,1,0,241.50704684603485
train,577,14,4,0,96.00130207450313
train,3929,36,12,0,110.41965404763774
test,675,45,25,0,107.71258050942797
val,357,14,1,0,271.2374553129821
train,1421,21,2,0,189.5422116574564
train,713,1,0,0,NaN
train,1196,9,0,0,183.7675161719285
train,3311,33,9,0,53.75872022286245
val,1068,7,2,0,268.5609800399157
train,1541,10,1,0,65.97347952018296
train,2892,21,1,0,39.080046059338265
train,2100,5,2,0,183.47343131908772
train,3497,21,0,0,147.85127662620977
test,1126,2,0,0,306.75275059891476
train,806,46,30,0,40.50308630215727
train,3706,48,15,0,81.33303462481791
train,323,1,0,0,NaN
train,2420,3,0,0,668.8022876755133
val,1014,19,7,0,98.23059604827816
train,28,5,0,0,299.81661061388843
train,1202,13,2,0,237.702545211447
train,3388,16,0,0,160.8182203607539
train,2593,2,0,0,407.26189362620215
val,705,2,0,0,498.48570691645716
test,855,6,0,0,358.64936732961934
train,3823,4,0,0,494.963726122198
train,3815,5,0,0,412.2438598693739
train,1544,11,1,0,97.67932227447118
train,8,5,1,0,198.66366049179703
train,3458,6,0,0,422.3659550674036
train,2590,20,7,0,49.72926703662542
train,2889,14,0,0,54.29555022245154
val,461,12,4,0,282.8352160729677
train,940,4,0,0,263.9303040167274
train,147,6,1,0,258.32164855671255
train,1002,9,0,0,363.82585119806976
train,4089,11,1,0,78.27036476214992
val,278,5,0,0,434.5215759890411
train,4895,11,2,0,127.52450744856849
train,1193,10,0,0,268.7413634590143
train,3839,3,0,0,304.3094641972214
test,148,3,0,0,535.4365041720633
train,4331,10,1,0,41.754588863793344
train,1758,9,4,0,26.575364531836623
val,1122,2,0,0,629.3586020703935
test,673,28,20,0,55.52279243689448
val,694,12,1,0,162.9271309512323
val,77,3,0,0,625.4840125854537
train,55,7,0,0,348.02909361143935
train,2122,8,7,0,320.09787871174626
train,3117,7,0,0,424.0627901620231
train,3918,29,3,0,111.30588483993108
val,1094,3,0,0,384.66381425863284
train,1097,10,0,0,324.84804139782034
train,4570,2,0,0,462.94843125341725
test,496,4,1,0,138.0850461357251
train,4261,9,0,0,106.4248561192356
test,485,26,25,0,145.482883670993
train,1930,4,0,0,352.3246852426349
train,2467,4,3,0,142.8326195807406
train,4517,1,0,0,NaN
test,414,18,0,0,69.5449494931156
train,56,3,0,0,501.5301586146141
train,3614,3,0,0,535.8106008656417
train,5005,10,0,0,155.66630977832037
train,1964,10,7,0,238.74225597724006
train,1603,3,0,0,373.6793411469251
train,2714,12,8,0,196.21798834059973
train,4285,31,4,0,42.61748467472007
val,744,8,2,0,319.62305081710474
train,1554,2,1,0,159.23645939294178
train,4652,20,11,0,55.58102194094671
val,500,4,0,0,419.30305609636815
val,853,23,7,0,128.239034618949
val,323,5,0,0,450.5846202435232
train,140,4,0,0,603.6670917818009
train,4236,7,1,0,477.32509885821
train,4762,6,1,0,87.47856880402193
val,681,4,0,0,836.8234484129259
val,985,4,1,0,217.31327070758647
train,3712,12,2,0,135.0512143932175
train,61,3,0,0,703.2433789236838
train,1145,6,0,0,197.10022831037006
test,717,8,0,0,297.25075612861303
train,4499,6,0,0,125.12956207108073
val,592,3,0,0,613.1861462883844
train,1479,24,7,0,47.720540650751225
train,885,9,0,0,366.0300534109187
test,926,12,2,0,119.45396602875938
train,4415,3,0,0,376.24892026423146
test,603,21,7,0,100.4415252771482
train,4388,2,0,0,55.616993805850385
train,19,6,1,0,194.4408650464197
test,1093,4,0,0,79.50396698775887
train,1082,4,0,0,429.4630694959728
val,1136,11,1,0,150.55314676219822
train,1023,59,22,0,94.88150504708491
train,525,10,0,0,261.96421511343874
train,875,8,0,0,376.3704266648204
train,4253,3,0,0,470.0877577644413
train,1657,34,23,0,105.58692660893587
train,1110,2,1,0,68.04594036384536
train,1578,4,0,0,313.2257402620638
train,2748,13,3,0,313.520732966737
train,4281,31,6,0,72.52068670386402
test,261,23,0,0,90.78546139112804
test,605,3,0,0,203.16003544004417
val,875,8,0,0,314.9718241366996
train,265,8,1,0,267.329384841996
train,4407,3,0,0,438.72913055779645
train,2787,5,1,0,357.22017020319555
test,584,8,0,0,217.02822397098493
train,4022,8,2,0,127.27662427085393
train,3619,4,0,0,285.0924114187873
train,3818,6,0,0,406.0508623958132
train,4241,44,30,0,93.48701305993038
val,1090,7,0,0,352.59750424527965
train,4685,2,1,0,149.5200655430568
train,2964,6,1,0,232.93775992741064
train,599,1,0,0,NaN
train,2777,6,4,0,214.27202337216121
val,711,11,10,0,189.6740625388722
train,3942,65,9,0,69.80866708367951
val,474,28,8,0,121.23302370498541
train,2315,3,0,0,282.6181168998194
train,4997,3,0,0,288.11152354600466
val,631,3,0,0,188.56630133722197
train,692,3,0,0,289.1854941036981
train,3548,13,0,0,273.37931523800404
train,4050,24,14,0,77.94816686079955
train,49,2,0,0,539.774489949275
train,2852,3,0,0,119.25812341304051
val,422,6,1,0,339.1031286571974
train,1354,2,1,0,80.62257748298549
train,4707,11,0,0,128.06248474865697
train,2056,3,1,0,192.54155395654206
train,4219,9,2,0,172.34413247917666
train,2690,10,3,0,308.28970892601444
train,2682,6,5,0,203.857865884855
train,952,2,0,0,175.77400262837506
train,4554,2,0,0,434.0475204398707
train,107,56,12,0,70.30419415901333
train,2285,3,2,0,501.4902790682986
val,1199,5,0,0,206.83145312065088
train,1741,19,5,0,168.67127793433
train,2514,4,0,0,446.570048642385
train,593,2,0,0,711.9301229755628
train,4011,13,4,0,70.06604027629933
test,729,5,0,0,238.41140912296962
train,4509,16,3,0,64.01154967335908
val,131,1,0,0,NaN
train,1813,3,1,0,211.6181702973542
train,387,3,1,0,128.85068878356842
train,2041,2,1,0,128.05662809866578
train,735,69,14,0,71.17056976025975
train,1776,7,0,0,231.59285394847572
val,1190,5,0,0,208.52158161686765
train,554,4,0,0,164.9177022466157
train,3254,5,0,0,259.63917269934444
train,3165,9,0,0,144.24371736751655
val,5,15,11,0,190.19792322735807
train,3586,11,0,0,168.83794004903044
train,1437,10,4,0,255.72690511559398
train,1674,17,8,0,217.54654674344982
val,545,4,0,0,666.0166202615856
train,3994,6,0,0,462.7857552272776
train,5031,4,1,0,114.54055081941183
val,232,1,0,0,NaN
