split,image_id,n_boxes,n_pairs_iou_gt0,n_pairs_iou_gt0.5,median_nn_dist
train,941,6,0,0,298.6088578726358
val,640,27,5,0,62.07253821135398
test,842,2,1,0,116.05602095539895
train,2698,4,0,0,634.7879771152681
train,5389,23,10,0,55.509008277936296
train,4303,9,0,0,141.1523999087511
train,5237,9,2,0,293.47061181658376
train,2846,9,5,0,284.0360892562774
train,658,1,0,0,NaN
train,4061,38,4,0,128.3627671873741
train,1170,20,0,0,109.12456385956014
val,790,11,0,0,188.56961579215246
val,410,13,11,0,202.83552450199645
test,539,1,0,0,NaN
train,1735,4,0,0,339.5201564732036
train,2253,1,0,0,NaN
train,3719,26,0,0,113.0170685428429
train,578,7,0,0,316.2601777018409
test,653,3,0,0,414.889141819836
train,779,9,0,0,228.2131678935289
train,2932,3,0,0,446.0910781443628
train,4506,7,0,0,67.57403347440494
train,3361,5,0,0,482.52098399965985
train,1937,7,1,0,134.13146536141323
train,1966,20,3,0,135.20912466815008
train,4955,8,1,0,38.91336531321854
test,553,2,0,0,664.8969845021106
test,1172,3,0,0,413.74780966187603
train,4541,6,1,0,416.60463882958396
train,2842,10,8,0,267.6020455552312
train,3887,7,1,0,194.84673464033213
val,206,11,0,0,241.29857024027308
train,1537,10,0,0,361.6218007305684
val,724,12,0,0,201.4754675474511
test,235,4,0,0,489.88259989018604
train,105,6,0,0,526.2176355843654
train,3037,2,0,0,614.6629157513897
val,203,2,0,0,542.9376115171982
train,185,17,1,0,129.76902558006668
train,5305,138,45,0,55.210959057056776
train,4481,6,0,0,223.6766639593858
test,399,2,0,0,850.0485280264886
val,200,5,2,0,349.6891476726151
train,3317,10,0,0,231.17525819170183
train,2747,8,0,0,384.70314534446254
train,4452,30,6,0,34.677081768799404
train,1667,31,1,0,124.383479610437
train,4949,9,1,0,69.15562160808042
test,1165,3,1,0,91.01785539112642
train,1740,7,1,0,477.07572774141425
test,144,3,0,0,356.07934509038853
train,4415,19,9,0,166.1114083980989
train,2004,7,5,0,56.02008568361887
train,1640,32,7,0,57.87054518492115
train,2517,1,0,0,NaN
val,160,5,1,0,419.2761619744199
train,170,2,0,0,934.7878101473083
train,2883,8,0,0,378.8492189998292
train,3799,32,1,0,104.40062205201517
train,2420,2,1,0,37.0
train,1398,22,0,0,151.69335357212506
train,2608,3,0,0,507.20902988807285
train,4347,14,1,0,49.658836071740545
train,3710,6,0,0,240.304922407653
val,803,10,1,0,105.78743170615465
train,1410,44,1,0,95.77560452935023
train,2430,3,2,0,510.72742240847026
train,607,3,0,0,415.69279522262593
train,3692,11,0,0,211.74572014565018
train,4283,2,0,0,361.7848117320571
train,4925,3,0,0,165.0530217839104
train,904,6,0,0,302.20086179548423
test,768,3,0,0,372.2633476451852
train,2041,8,1,0,415.88982197721134
test,221,127,32,0,38.029593739612835
train,249,16,1,0,167.1592536165595
train,1650,53,29,0,44.63462781294362
train,2739,6,3,0,236.14981423138073
train,4537,5,0,0,98.60020283954795
train,5223,5,1,0,196.68884055787203
test,420,15,8,0,39.02883549377306
train,4600,4,0,0,273.56858778929575
test,90,71,22,0,104.82962367575303
train,3793,11,0,0,192.75956526201236
train,3583,22,1,0,125.1718818265508
val,871,6,1,0,339.5775436465936
test,87,3,2,0,482.8345990088117
train,317,6,0,0,150.26378431989644
test,75,3,0,0,505.8206203784104
train,2666,3,0,0,394.30001268069975
train,3211,3,0,0,432.8305095531044
train,4145,24,12,0,78.83288997481603
val,62,1,0,0,NaN
train,1198,14,3,0,88.92003439262051
train,1295,38,0,0,81.92439870480659
test,733,4,0,0,505.45183687583483
val,213,4,0,0,472.099420313462
train,3991,23,0,0,121.82877328447496
train,3293,6,0,0,309.294762322287
test,479,3,0,0,250.52943938786913
train,4244,3,0,0,502.0383451490533
train,3214,16,0,0,81.10791233995099
test,1168,1,0,0,NaN
train,2547,5,0,0,234.81535299038688
train,704,7,0,0,312.86099149622345
test,13,44,27,0,123.50404851663771
train,4547,1,0,0,NaN
train,3219,9,0,0,144.02777509911067
train,3497,6,0,0,287.691675235833
train,4591,2,0,0,280.12854192316786
train,5330,17,2,0,87.59138085451102
val,822,7,1,0,302.30324179538667
train,2762,1,0,0,NaN
train,2178,2,0,0,562.8969710346646
train,4011,26,3,0,112.03794000248308
train,1699,13,1,0,128.31406781799103
train,3205,5,0,0,253.40580103857133
train,3821,10,1,0,148.8092812823054
train,2136,3,0,0,710.0253516600658
train,1103,43,1,0,100.20603774224385
train,4579,3,0,0,450.34042678844634
train,1776,2,0,0,1027.1874220413722
train,4431,6,1,0,194.3122487132502
test,1154,5,1,0,232.17450333746814
test,820,3,0,0,312.61797773000836
train,5155,2,0,0,965.2072316347407
train,4554,4,0,0,319.01112290246755
train,3975,17,7,0,171.34905894109835
train,2730,3,0,0,231.6559949580412
val,696,2,0,0,289.14226602141724
val,289,8,0,0,277.3067204770273
val,748,13,2,0,121.88621743248906
train,2215,4,0,0,167.5255769505027
train,878,32,1,0,115.31424397569423
val,484,1,0,0,NaN
train,583,7,0,0,387.8479083352133
train,4007,20,0,0,182.03090396962818
train,4227,7,3,0,114.12712210513327
test,1077,9,2,0,142.148689758295
train,5353,17,2,0,93.69765205169232
train,5044,4,0,0,343.29752690536134
train,2188,5,2,0,258.2174471254799
train,643,3,0,0,203.05479556021325
train,3890,13,2,0,189.7636688093904
train,4620,2,0,0,219.20424265967117
test,1137,3,0,0,440.8446438372593
train,5240,1,0,0,NaN
train,3016,4,0,0,191.3064276753828
val,232,15,1,0,237.8581510060145
train,2397,2,0,0,742.2789233165657
train,5128,7,0,0,206.5363164191712
test,187,6,1,0,256.66842225367236
train,3607,28,0,0,136.30572255044908
train,3092,4,0,0,377.836350345319
train,1632,9,2,0,288.44410203711914
val,405,30,14,0,47.563115961845895
train,1243,4,0,0,167.83601376165893
train,4719,5,0,0,284.1324515080951
test,1186,4,1,0,317.94427991084336
val,604,6,2,0,125.23087517860951
val,12,2,0,0,725.8203978946858
train,71,41,25,0,122.54080952890756
val,196,7,1,0,129.11719482702526
test,947,6,1,0,115.5995242204742
train,148,1,0,0,NaN
train,4274,14,0,0,188.51599019830803
train,4433,12,1,0,134.204067687966
train,4762,5,0,0,208.9174478113305
train,1964,20,9,0,129.90751389848026
train,880,19,1,0,157.78624781646846
train,4691,7,0,0,164.39966544978125
train,1153,48,12,0,88.67149323150306
train,4822,3,0,0,418.63229689072006
val,108,2,0,0,834.2758836260341
train,2783,13,1,0,185.18706758302537
train,1392,7,0,0,328.50608822364313
val,396,1,0,0,NaN
test,1084,2,0,0,147.8732565408634
train,5009,3,0,0,207.82324220356105
train,4020,15,1,0,166.81726529349413
train,1447,9,0,0,303.9230988260024
train,2161,4,1,0,505.10779354602994
train,4781,2,0,0,498.9348654884723
train,473,53,10,0,111.14180131705622
test,417,3,0,0,495.79279946364693
test,1060,3,0,0,433.3358974283114
train,2965,7,1,0,285.85354641844134
train,1045,5,0,0,317.98938661533975
train,3316,10,0,0,186.31640026240737
val,66,10,4,0,192.06574395242896
train,2950,27,4,0,91.81775427443213
train,3916,13,0,0,138.98291261878202
train,2387,10,2,0,138.56144319474242
train,1584,8,1,0,269.12171967345927
test,1148,15,8,0,74.17715281675349
train,3687,17,0,0,129.61674274568082
val,504,8,3,0,242.4378838795727
val,550,1,0,0,NaN
test,268,121,16,0,66.09841147864296
test,791,1,0,0,NaN
train,3772,29,2,0,92.35393873571392
train,970,11,1,0,214.05840324546944
train,1658,18,2,0,53.96758286230726
train,5171,1,0,0,NaN
train,5393,21,4,0,69.70114776673337
train,2399,6,1,0,240.907139786267
train,1065,8,0,0,389.69539386551645
train,405,2,0,0,591.6757980516019
train,550,2,0,0,998.6847600719658
train,348,2,0,0,1009.4965329311439
val,194,34,10,0,114.63092950857548
train,2702,4,0,0,309.4617350973163
val,637,25,2,0,77.13138142157186
train,5122,23,24,0,72.01388754955533
val,800,8,0,0,205.70888499115694
val,866,15,0,0,77.62087348130012
train,2992,4,0,0,479.8270167823953
test,225,4,0,0,325.97552674460655
train,3328,11,0,0,154.5736070614903
test,1151,3,0,0,80.44874144447506
val,427,2,0,0,405.44543405987446
train,3758,8,0,0,295.74028119598927
train,2799,6,0,0,133.34635353094586
train,2333,3,1,0,35.38361202590826
test,646,4,0,0,415.08855749380945
train,3596,14,0,0,164.9522482100573
test,245,3,0,0,52.630789467763066
train,4383,7,0,0,370.85644122759953
train,3202,7,0,0,130.90550026641355
train,1329,7,0,0,325.27104082595486
test,1164,4,0,0,199.18246637687508
train,601,4,0,0,231.5456034713779
train,773,6,1,0,257.573632012873
val,782,2,0,0,631.3843916347631
train,154,2,0,0,514.8507065159763
val,69,35,6,0,124.00403219250575
train,3768,13,0,0,176.31931261209021
train,4460,5,0,0,453.93006069217313
train,3728,2,0,0,428.1781171428545
train,296,2,0,0,489.9923468790099
val,52,3,0,0,394.3665807342199
train,4315,4,0,0,489.6281722819998
val,1003,4,0,0,177.72466518793578
train,2331,2,1,0,407.4291349425075
test,276,3,0,0,432.0026041588175
train,603,5,1,0,427.8787795626233
train,155,6,0,0,276.0588705330803
train,3929,15,2,0,104.43299287102711
train,482,12,4,0,132.53948696438886
train,226,5,1,0,236.66960092077733
train,3776,17,2,0,131.73553051474002
train,3849,7,0,0,258.60877788659843
val,1058,10,2,0,138.46479697020467
train,2304,1,0,0,NaN
train,4248,3,0,0,326.8470590352619
train,2142,4,1,0,358.3389995877014
train,2615,2,0,0,431.54895434932985
test,458,9,0,0,185.43192821086663
test,379,15,2,0,73.52720584926371
val,1095,102,21,0,62.978943395530166
train,3923,14,1,0,145.3151747065667
val,116,44,1,0,104.65232016681414
train,712,3,0,0,369.06943791107926
train,649,1,0,0,NaN
train,2414,2,0,0,804.6819247379675
train,3407,7,0,0,224.5022271604449
train,1422,10,0,0,149.91330828182
train,4741,6,0,0,54.53897688809353
train,3068,25,3,0,42.45291509425472
test,730,27,6,0,62.177166226839255
train,4994,11,0,0,49.87233702163956
train,1599,15,2,0,196.4993638666548
val,817,6,0,0,152.21448682697715
train,2571,27,13,0,45.27692569068709
train,1771,3,0,0,274.2576343513522
val,747,14,0,0,171.06339734130364
train,2693,3,0,0,490.58460024750065
test,1076,5,0,0,299.91707187154253
train,5104,10,3,0,152.85511631036206
train,5105,13,3,0,105.220007603117
train,99,67,5,0,82.87943049997388
test,136,3,0,0,601.9451802282331
train,2104,1,0,0,NaN
train,1524,6,1,0,294.334843333235
test,373,25,8,0,59.80175582706581
train,6,2,0,0,893.6470220394627
train,432,2,0,0,596.0480265884621
train,5025,3,0,0,238.36579033074355
test,1002,8,1,0,139.4876479265611
train,1736,3,0,0,317.1880357138333
test,985,9,1,0,274.9277177732358
train,3234,23,0,0,129.8778272069563
train,2897,12,2,0,215.8338481332342
val,767,10,0,0,211.4203948499249
test,496,1,0,0,NaN
val,43,13,2,0,194.5057839756957
val,60,1,0,0,NaN
train,3314,12,0,0,149.0447925852152
train,3542,3,0,0,412.7047976459687
test,465,4,1,0,343.174692220725
train,612,2,0,0,420.80399237649823
train,1146,6,0,0,316.8024105549588
train,4175,3,0,0,227.29936207565564
train,408,3,0,0,539.1794691936999
train,4092,6,0,0,462.82719701214654
val,17,14,3,0,171.64643893771873
val,215,3,0,0,332.66199061509866
test,903,26,1,0,161.38880518565657
train,4641,3,0,0,34.60130055359191
val,1047,1,0,0,NaN
train,1617,15,0,0,155.46382215808282
test,811,30,3,0,96.19574243532674
test,372,17,3,0,66.00189391222042
train,5051,5,0,0,377.2346749703691
train,1412,42,2,0,88.79893017373577
val,500,1,0,0,NaN
val,45,64,7,0,76.50081698473903
test,905,29,3,0,110.61871451070112
train,2953,21,16,0,143.54180575706854
train,3766,15,1,0,183.86476008196894
train,4184,4,0,0,213.60529114835816
train,3274,6,0,0,249.331606500259
train,3836,4,0,0,191.09324215261935
test,822,6,0,0,374.1972270707191
test,116,11,3,0,160.20689747947807
val,940,14,4,0,240.59484596914336
train,1761,8,0,0,241.18544849442824
train,1863,1,0,0,NaN
test,22,6,0,0,364.78555344201885
train,4261,70,9,0,97.8084863393765
val,155,6,0,0,287.8046330435194
test,469,6,3,0,107.83578238085434
train,3331,9,0,0,222.16266563038894
train,985,1,0,0,NaN
train,2949,15,4,0,174.34520354744492
train,570,15,1,0,114.59602959963317
val,271,10,0,0,233.49946466748057
train,3616,8,0,0,169.6651113222751
train,2060,3,0,0,114.5043667289593
test,754,7,0,0,294.37561040276415
test,216,19,0,0,181.99450541156455
train,5208,9,0,0,128.80314437155639
train,4167,1,0,0,NaN
test,711,7,0,0,317.49803148996057
train,820,1,0,0,NaN
train,4197,6,0,0,267.89270240153985
train,1087,4,0,0,358.3258354333581
test,627,7,5,0,552.3717045613397
train,1312,18,0,0,180.91475375420492
val,387,2,0,0,615.6687421008152
test,707,6,0,0,345.7244749916218
train,14,2,0,0,125.75472158133864
test,831,3,0,0,443.4289683816338
train,3737,1,0,0,NaN
test,782,7,0,0,248.49597582254728
test,275,3,0,0,65.62202374203343
train,3755,20,0,0,139.58194705803783
test,494,1,0,0,NaN
test,383,3,1,0,124.70966281728133
train,2543,5,2,0,121.8400590938793
val,1002,1,0,0,NaN
test,804,5,0,0,404.5309011682544
train,677,2,0,0,577.7068893478769
train,4678,7,0,0,247.18515327583896
train,498,8,0,0,222.13133661199345
test,660,12,1,0,148.07760632945153
train,4055,51,0,0,94.70084476919939
train,1488,12,0,0,295.8689674000607
test,1046,2,0,0,471.29422869371103
train,3564,6,0,0,312.6227758817326
train,3707,10,0,0,176.50038122357697
test,888,14,1,0,66.06928924382666
test,616,4,3,0,93.38962123689998
train,3371,5,0,0,327.7132893246778
train,3080,4,1,0,134.75447584464243
test,540,2,1,0,36.00694377477767
train,806,6,0,0,393.59528706527976
train,2349,1,0,0,NaN
train,2479,2,1,0,80.64893055707559
test,358,24,9,0,70.15854439212916
train,1688,5,1,0,110.48303037118416
train,4419,18,0,0,127.65676636982468
train,5231,1,0,0,NaN
train,628,10,2,0,157.57624352001847
train,4463,7,0,0,520.8848241214174
val,228,101,10,0,72.01562330494683
test,511,1,0,0,NaN
train,2494,2,0,0,834.0337223398104
train,5396,21,6,0,70.09279563550022
train,112,6,1,0,178.51890656174209
train,4170,11,3,0,70.26023057178222
train,2438,1,0,0,NaN
train,1308,7,0,0,458.9172038614373
train,745,3,0,0,367.5275499877526
test,432,19,6,0,185.18774257493394
train,2529,1,0,0,NaN
val,948,1,0,0,NaN
train,663,11,0,0,297.6743186773088
train,1477,15,1,0,180.23595645708434
train,1054,4,0,0,103.0797184803186
train,1633,10,0,0,302.2984759635215
val,489,1,0,0,NaN
train,3740,8,1,0,203.42037303143965
train,3064,19,2,0,62.13895718468407
val,317,6,0,0,343.0338896270239
train,2952,6,2,0,349.713040222597
train,4718,8,0,0,202.43220378241935
test,617,4,1,0,299.99721799125575
train,1990,7,0,0,238.43500162518086
train,2500,1,0,0,NaN
test,911,43,2,0,99.96124248927681
train,381,2,1,0,435.8308157989749
train,126,22,4,0,126.43674307731911
train,1833,9,3,0,250.5139716662526
train,807,2,0,0,456.95322517736975
test,718,17,0,0,145.30743270734638
train,4259,55,2,0,93.5200513259055
train,4854,2,0,0,577.3820225812369
train,4509,7,0,0,106.34025578302885
train,2587,3,2,0,140.00803548368216
train,1469,4,0,0,517.5863563110338
val,699,14,0,0,165.13782122820925
train,4317,4,0,0,353.96003949249325
train,1923,8,0,0,477.1907740590914
train,1431,8,2,0,204.08680827612335
train,5036,1,0,0,NaN
train,4548,4,0,0,356.3930214161785
val,20,13,1,0,162.05940268926082
test,332,3,0,0,395.23948436359444
train,1174,22,0,0,85.57160744078611
test,473,1,0,0,NaN
test,588,2,0,0,843.8253670043346
train,2694,3,0,0,647.4266367705302
train,1903,16,4,0,118.12810842470982
train,537,5,0,0,439.42007236811565
train,225,6,0,0,218.86182855856796
train,2175,1,0,0,NaN
train,3377,2,0,0,277.7669886793605
test,913,16,2,0,206.09314013556292
test,1016,21,4,0,199.21094347449892
train,4634,3,0,0,224.51336263126967
val,783,8,0,0,282.49336275388845
test,550,1,0,0,NaN
train,4375,11,2,0,250.51147678300092
train,2376,1,0,0,NaN
train,3401,9,1,0,162.40766607521948
train,52,10,0,0,226.4315760196531
train,4914,19,11,0,68.20007331374359
val,1067,16,3,0,83.28899212847189
val,595,11,3,0,105.10114176354128
test,634,2,0,0,809.5870861124206
train,2170,3,1,0,173.11845655504212
train,2026,32,14,0,107.0480669549606
val,628,16,9,0,186.4478521176421
train,2862,9,0,0,270.1134021110393
train,2095,11,3,0,141.09748403143126
train,4428,4,0,0,227.46374946290382
val,27,5,0,0,340.1812017146156
val,463,4,2,0,184.18505003741345
train,1610,10,2,0,256.7123877026584
test,166,29,1,0,140.21590494662152
train,1553,3,0,0,551.2862232996576
test,1007,1,0,0,NaN
train,2825,22,1,0,191.81371171008604
train,2273,2,1,0,413.05114695398197
train,493,11,0,0,197.40377402673943
train,423,4,0,0,218.0701754491658
test,931,4,0,0,118.91039923261515
train,64,12,2,0,169.4666883978824
test,1120,7,0,0,84.90288569889718
test,1108,2,1,0,161.4938079308306
train,5074,5,0,0,211.6039933460614
train,4604,2,0,0,434.7208874668895
val,378,12,0,0,209.3262959161992
val,159,7,2,0,205.80877046423458
test,18,8,0,0,328.29864452964165
train,4414,12,6,0,154.70614885302996
train,61,24,4,0,162.58074916791347
train,1899,3,1,0,169.26384729173563
train,2157,3,0,0,780.4031009676986
test,253,1,0,0,NaN
train,4844,2,0,0,316.44154278476145
train,352,4,0,0,316.8639186529539
train,2315,3,0,0,258.50048355854193
train,289,2,0,0,670.2501398731671
train,1461,30,18,0,101.0705199353402
train,3324,10,0,0,318.49289949436184
val,915,24,2,0,88.05648586021448
train,2448,1,0,0,NaN
train,2303,1,0,0,NaN
test,47,3,0,0,195.0057691454281
train,1278,2,0,0,429.6073788937988
val,936,4,0,0,263.76338211330824
train,2093,8,4,0,233.15767197328077
train,2468,3,1,0,141.59272580185748
train,3868,20,1,0,71.01229765415627
train,149,3,0,0,664.9889096819585
test,882,4,0,0,448.55690846966905
train,5177,4,0,0,251.24193952473428
train,3131,16,0,0,124.86631334430298
val,71,3,1,0,334.7215260481465
train,2174,2,0,0,631.865887669211
train,1012,3,0,0,610.9429187739228
train,4299,2,0,0,402.9714630094791
train,3902,7,1,0,104.65419246260515
val,576,42,8,0,116.97841467902732
val,659,9,0,0,298.52679946698254
train,4420,30,2,0,82.72695915896759
test,206,7,0,0,197.47721387542413
test,851,22,0,0,174.5064468723147
train,678,2,0,0,756.7621819303605
train,4757,1,0,0,NaN
test,743,4,0,0,223.897922099646
train,739,43,0,0,107.76942980270425
test,103,1,0,0,NaN
train,3463,26,0,0,104.36714042264452
train,1604,18,1,0,215.89504022531327
train,403,3,1,0,232.24555969921147
train,2678,6,1,0,107.44766167767449
val,422,6,2,0,289.40714710304013
train,1841,11,3,0,222.73358525377353
test,912,18,1,0,167.59872300342153
train,1107,34,0,0,117.99152511939153
train,69,16,4,0,160.9332170379205
train,4234,6,0,0,388.3258940632211
train,1829,11,0,0,174.58665470189868
train,4876,17,2,0,87.57425420750096
train,17,6,1,0,198.36582366930045
train,4736,5,0,0,259.0694887477103
test,558,2,0,0,336.1967429943366
train,1341,9,0,0,183.7675161719285
test,1128,5,0,0,369.71407871489015
train,5075,9,0,0,84.59462157844315
train,3040,5,0,0,384.90420886241293
train,826,1,0,0,NaN
train,3121,8,0,0,271.09822942985073
train,2915,10,0,0,162.8454641463361
test,1187,3,0,0,445.41272994830314
train,3816,25,2,0,82.39690528169125
val,861,4,0,0,230.0164137326953
train,4144,24,3,0,72.79001850862221
train,4772,2,0,0,511.149684534775
train,2368,1,0,0,NaN
train,4908,18,9,0,41.96735744435351
train,4461,6,0,0,127.01574705523721
train,3660,1,0,0,NaN
train,1022,4,0,0,75.39409455296384
train,480,56,11,0,94.48037617451102
val,16,1,0,0,NaN
train,1366,11,0,0,272.489449337034
train,2607,4,0,0,450.08594305845463
val,268,16,0,0,147.4118380592278
train,2673,5,0,0,288.7650428982012
train,3336,10,0,0,162.14918820180552
train,1214,14,1,0,218.8355546980426
train,3966,17,1,0,145.43899064556246
val,959,1,0,0,NaN
test,697,6,0,0,312.65396207308805
train,976,10,0,0,166.57130605239308
train,5120,14,8,0,166.77388451042572
train,3683,3,0,0,356.8991454178617
train,3128,7,0,0,146.32156368765337
train,3659,6,0,0,204.0700031391923
train,3727,5,0,0,331.2948082901391
train,4904,15,4,0,42.921439864012015
val,993,3,1,0,77.89736837660179
train,367,6,2,0,205.5024330756208
train,1041,2,0,0,1523.2827216245842
train,4188,6,0,0,96.06508210583073
train,1026,3,0,0,139.68983499167004
train,3288,8,0,0,180.3411939614204
train,1879,15,10,0,110.60967407962109
train,3444,3,0,0,631.1150845923428
val,1042,9,0,0,111.66579601650632
train,1114,3,0,0,254.159398803192
train,3222,14,1,0,98.04335775563789
train,4260,53,1,0,97.10046343864688
train,4796,3,0,0,47.69171835864168
train,2504,2,0,0,551.4798273735857
train,5204,2,0,0,62.261545114139274
test,470,5,3,0,528.4931409204854
train,3365,5,0,0,380.52660879365584
train,4187,4,0,0,45.588992495552404
train,2649,18,1,0,158.73641674171682
train,2690,9,0,0,289.50690838043914
train,2293,1,0,0,NaN
train,1142,3,0,0,329.38199707937895
val,1103,6,3,0,168.00297616411441
train,3078,6,1,0,233.397193642083
train,4222,16,1,0,100.22474744293447
train,2068,2,0,0,495.31000393692835
test,1005,19,0,0,193.47415848117805
train,2978,16,9,0,166.55915157554762
test,257,3,0,0,225.9828533318402
val,802,1,0,0,NaN
train,5291,6,0,0,205.59979341406873
train,883,6,0,0,313.7742022537863
train,2779,29,8,0,124.5090358166828
test,370,11,3,0,218.9274994147606
train,2010,3,1,0,36.31115531073061
train,4388,15,2,0,76.3053078101386
train,3534,5,0,0,280.9844301736308
train,2985,40,13,0,36.8141757856847
val,796,20,3,0,115.8792474949678
val,491,1,0,0,NaN
train,3705,19,0,0,151.16629915427578
train,4366,6,0,0,437.5965509260359
val,789,33,1,0,114.32956747928333
train,4610,1,0,0,NaN
train,3173,5,0,0,261.3446000972662
train,4196,9,1,0,185.08173869941896
val,777,16,1,0,175.06045225866183
train,740,24,1,0,92.66741606411608
train,2879,7,8,0,192.49220763449102
train,2839,5,1,0,355.51722883708464
train,340,7,2,0,214.47668870998544
test,1146,13,6,0,166.26635257922752
train,2526,1,0,0,NaN
train,950,8,0,0,410.32908285015907
train,3181,4,1,0,221.98066990322576
train,1874,2,0,0,964.1946120986157
train,1707,2,0,0,240.3018934590404
val,779,3,0,0,480.5437024870891
test,1110,5,0,0,59.5
test,121,7,2,0,58.0387801388003
test,173,3,0,0,493.3284909672256
test,908,8,1,0,192.23597978327152
train,295,4,0,0,456.13218169187235
train,4413,12,8,0,130.7642289042526
train,1475,4,0,0,555.6886048089347
train,2190,2,0,0,182.94329722621706
train,4004,17,1,0,170.9575970818495
train,4857,1,0,0,NaN
train,11,5,0,0,596.4494949281121
test,445,7,0,0,222.52752638718653
train,3932,11,1,0,101.07423014794622
train,1823,3,0,0,307.6824661887642
train,2145,12,1,0,229.76646166258308
test,607,1,0,0,NaN
train,3693,19,0,0,205.06218569009744
train,4095,2,0,0,934.9776735302293
train,2385,18,13,0,168.32854778676136
val,335,10,0,0,216.90697462315347
train,1418,27,1,0,177.65838004439868
train,3456,43,1,0,100.08995953640904
train,402,5,1,0,406.3157639078258
train,3522,4,0,0,301.2273337937659
train,4033,36,10,0,110.32792031031855
val,189,18,2,0,133.45265432994975
train,1290,1,0,0,NaN
train,2306,1,0,0,NaN
train,2067,6,3,0,220.6824865555772
val,532,1,0,0,NaN
val,113,3,0,0,568.6848863826082
train,2185,4,1,0,304.7963698690635
train,1913,1,0,0,NaN
train,2864,7,3,0,322.50348835322694
train,721,2,0,0,298.6071834367017
train,1465,1,0,0,NaN
train,2648,20,0,0,159.3986700450302
train,3306,8,0,0,342.12753470014655
train,3830,7,1,0,144.92843061318231
train,4982,5,0,0,303.1575497987804
train,1435,7,1,0,129.0048448702606
train,1622,12,0,0,278.0290323441804
train,3006,11,0,0,156.7322557739791
train,2945,8,1,0,286.8539557601306
train,5222,10,2,0,144.09084251969625
train,87,18,0,0,211.15456424145796
val,291,18,1,0,158.49369072616108
train,914,40,3,0,97.61854282076013
train,1384,4,0,0,496.05317126981436
train,3532,4,0,0,592.8203733019236
train,5341,11,2,0,136.2616967456372
val,890,26,2,0,105.61087584969093
train,3257,9,0,0,260.0158649005864
val,162,2,0,0,533.5599778843987
train,462,10,4,0,289.5585068926752
train,1957,14,4,0,276.22637914738607
train,4680,4,1,0,58.31751838614717
train,301,7,0,0,371.52960851054655
train,3549,18,0,0,178.30451480543056
train,1215,15,2,0,192.5941328285989
train,5212,2,0,0,798.4297088660967
train,5213,4,0,0,225.50786576734617
val,488,1,0,0,NaN
train,3099,3,0,0,364.1060971749855
train,4897,10,0,0,87.05127261743178
train,3372,4,0,0,305.9542114779652
val,600,1,0,0,NaN
train,1522,8,0,0,294.0344367586899
train,3817,12,0,0,78.20805585104388
val,250,1,0,0,NaN
train,4308,1,0,0,NaN
test,1000,3,0,0,354.22732813830163
train,437,2,1,0,305.20566836151653
train,1825,11,2,0,160.9425363289643
train,222,5,0,0,422.9917256873945
train,1721,6,0,0,202.87869640816297
train,1886,18,4,0,159.6560103889519
val,647,8,1,0,166.1693413358794
train,4889,12,0,0,107.72292894603093
test,536,2,0,0,633.5954939865024
test,943,5,0,0,166.50825805346713
train,2557,2,0,0,967.9764976485741
train,4864,7,0,0,201.6587464009434
train,2482,1,0,0,NaN
train,4174,15,1,0,100.94800641914628
test,688,5,0,0,421.9816346714629
train,1212,4,0,0,269.65037462142436
val,661,12,0,0,268.86629887550373
test,84,24,5,0,130.25017112062966
train,5261,9,7,0,115.10212856415819
test,1112,5,0,0,388.7061872417263
test,977,19,0,0,187.8223895066826
train,2405,1,0,0,NaN
train,1121,14,0,0,183.43844915127266
train,3221,22,1,0,86.47551418755144
train,3008,25,4,0,134.24324936472598
train,3668,3,0,0,194.38235516630618
train,2596,4,0,0,332.67262824676885
test,734,6,0,0,241.41414747370214
train,4059,32,8,0,118.78672249078454
test,277,1,0,0,NaN
test,547,2,0,0,711.8247677624038
train,5158,4,1,0,148.5970482035174
train,2125,5,0,0,159.49059533401962
train,754,3,0,0,92.54863586244802
train,3944,18,3,0,99.99451342603408
train,4797,3,0,0,158.36745246419795
train,3547,4,0,0,316.02765626319706
train,1909,1,0,0,NaN
test,66,2,0,0,795.1503002577563
train,4524,7,0,0,280.8491588023721
val,918,9,0,0,169.23947530053383
train,326,3,0,0,632.9178461696273
train,2126,4,1,0,400.96056284382496
train,4935,1,0,0,NaN
train,1446,14,1,0,227.50879103893985
test,424,3,1,0,304.9299099793262
train,30,4,0,0,437.36828418449267
train,673,24,6,0,125.23977004130916
train,1238,1,0,0,NaN
test,717,8,0,0,190.14060563642636
train,2441,1,0,0,NaN
val,63,9,1,0,265.42418879973997
train,181,17,2,0,159.4090649869072
train,5095,22,6,0,73.47271470965964
val,965,6,1,0,193.20030046620448
train,4236,10,1,0,247.47717192242789
val,617,12,5,0,310.8834186636528
train,4264,14,0,0,240.39842102592024
train,4406,16,1,0,59.51890455981192
train,738,30,0,0,105.02618721061904
train,4990,9,0,0,141.40456145400685
train,3457,35,0,0,152.76452467768817
train,942,5,0,0,402.2179135742216
train,5001,2,0,0,712.5114034175173
train,3059,30,4,0,51.64076732112923
train,1611,13,1,0,258.55947091530027
train,5254,1,0,0,NaN
test,1145,13,5,0,115.93640498135174
train,1019,4,0,0,213.14736419449633
val,638,25,8,0,44.206899913927465
test,840,3,0,0,451.40807480593435
train,3386,19,1,0,75.82380892569299
train,3611,29,0,0,175.04570831642803
train,2575,1,0,0,NaN
train,636,5,0,0,375.40644640176333
train,3555,12,0,0,167.04607565600878
train,2107,4,0,0,488.6737789003978
test,621,4,1,0,553.221171134654
train,3189,6,0,0,273.8985376649554
train,2009,7,2,0,179.8054504179448
train,4224,11,1,0,74.50671110712108
test,1087,1,0,0,NaN
train,3334,14,0,0,124.057446370623
val,930,4,0,0,244.049378884681
val,819,2,0,0,142.70423960065096
test,919,22,3,0,123.48279232346505
train,4848,2,1,0,78.16009211867653
train,1804,3,0,0,195.65530915362353
test,1001,8,0,0,136.8902995088152
train,4568,5,0,0,188.5
train,2713,2,0,0,910.4207818366186
train,4987,4,0,0,224.86936536389177
train,5070,1,0,0,NaN
train,4133,1,0,0,NaN
train,5338,8,1,0,92.23951162497696
val,953,5,0,0,388.70843829276464
train,2193,3,1,0,363.45598082849045
train,2559,4,3,0,153.99129794464778
val,693,5,0,0,207.53855063577947
train,1402,17,0,0,129.34160196935863
train,1391,9,0,0,320.0941267814828
val,743,11,0,0,207.38611332488009
test,739,7,0,0,262.9676786222976
train,5022,3,0,0,228.83673219131583
val,1102,11,3,0,193.47997312383524
train,2975,7,1,0,90.08884503644167
train,1585,15,1,0,285.2402496142506
val,106,15,3,0,116.78719964105656
val,910,10,1,0,110.53721408170678
train,3795,27,1,0,116.2497311824849
train,4323,5,0,0,334.5538073314964
train,1922,2,0,0,573.9000348492758
test,983,3,0,0,55.70008976653449
train,969,9,1,0,217.83020910791964
train,142,3,1,0,237.80086206740293
train,4083,51,7,0,89.19641248391103
train,2737,4,1,0,491.8300087451579
val,397,5,0,0,319.1884239755571
train,3650,7,0,0,339.7164258613351
train,3203,7,0,0,145.74807031312628
test,36,2,0,0,363.6983640326143
val,544,3,0,0,344.9268038294502
train,5201,8,0,0,91.61829144293304
train,5078,6,1,0,87.93321329281673
train,5142,8,2,0,114.77310759447064
val,92,17,3,0,104.58130808132016
train,533,8,1,0,143.093357050965
train,3955,27,5,0,97.62171889492625
test,885,6,1,0,283.01987562713686
train,3767,16,0,0,224.0458149511965
test,599,13,2,0,87.75676612090945
test,1181,21,19,0,64.42243398071824
test,335,16,1,0,185.32673849177834
train,431,3,0,0,296.8252853110732
train,2202,2,0,0,1027.9078266070358
train,305,1,0,0,NaN
train,4970,3,1,0,194.0103090044444
train,2654,35,10,0,41.512046444375635
train,4603,3,0,0,287.02003414396006
train,5067,2,0,0,1011.3283344196384
train,3178,4,0,0,280.7046736318073
train,4841,4,0,0,347.094764336312
train,156,5,0,0,286.69844785069904
train,3867,28,9,0,61.24399267042709
test,567,2,0,0,531.6787093724931
train,5069,1,0,0,NaN
train,3424,4,0,0,212.80754642008185
train,1265,7,0,0,189.984867818466
val,998,2,0,0,345.3259329966401
test,570,1,0,0,NaN
train,3599,14,0,0,164.902227611643
train,4337,6,1,0,475.0378932253721
train,5267,24,24,0,83.73229822091903
train,4546,14,1,0,64.59811971180855
val,992,5,0,0,397.5550276376844
train,4457,5,3,0,269.87450787356704
train,4728,3,0,0,149.53009730485698
train,2227,2,0,0,374.99633331540724
train,4146,16,7,0,81.11874012828355
train,4202,9,4,0,128.84486796143648
train,2680,6,0,0,198.53514580512723
val,150,5,0,0,384.4008324652797
test,1019,1,0,0,NaN
val,68,8,0,0,242.37545474022372
val,73,2,0,0,403.7635446644484
train,4498,6,0,0,108.07945278851432
train,5362,3,0,0,149.30254518929007
train,3686,23,1,0,166.5007507490582
train,2685,8,0,0,220.53627819476776
test,1003,16,1,0,107.56974481702557
train,1891,21,6,0,187.38262993137863
train,4030,18,1,0,168.11135842587203
val,872,16,1,0,83.53133360764974
train,2759,10,3,0,305.6876228805804
train,2446,4,2,0,145.05408302595742
train,292,2,0,0,1070.3070821030758
val,57,3,0,0,340.2120662175285
train,3606,40,0,0,96.11793740453581
test,845,13,0,0,226.01382701064995
train,224,4,0,0,541.4816288307949
test,893,19,3,0,128.23123644416754
train,3844,1,0,0,NaN
train,1810,1,0,0,NaN
train,5390,23,12,0,62.54998001598402
train,3637,11,0,0,171.70104833692776
train,2931,10,0,0,249.90830616778626
test,860,13,1,0,216.5900505563448
train,3943,19,2,0,158.66001386612822
train,929,13,2,0,180.7242374447877
train,1223,1,0,0,NaN
train,1345,10,0,0,226.11091111309366
test,666,7,1,0,223.03026700427904
train,1936,4,1,0,428.82185372125207
test,732,10,0,0,147.8326756843696
train,1783,1,0,0,NaN
train,2955,11,2,0,213.3102201020851
train,5318,3,0,0,446.67913539810655
train,2751,1,0,0,NaN
val,453,4,2,0,278.1573268886054
val,889,26,1,0,148.66068747318505
train,946,5,0,0,383.8258068447196
train,3681,4,0,0,243.63182558010863
train,1984,5,0,0,426.5002930831349
train,5215,1,0,0,NaN
test,471,2,0,0,981.1424463348836
train,4257,21,4,0,169.23947530053383
train,4609,2,0,0,182.49657531033287
test,1180,9,4,0,213.20999038506616
val,352,22,15,0,57.38541173834876
train,2513,1,0,0,NaN
train,4164,7,4,0,265.1061108311161
train,4759,2,0,0,782.5001597443926
train,4856,1,0,0,NaN
train,2313,1,0,0,NaN
train,3245,9,0,0,330.3127306054067
train,1145,1,0,0,NaN
train,2565,2,0,0,1015.9705950469236
train,5317,5,1,0,321.4875580796246
train,2413,4,4,0,251.87596083601198
train,912,29,1,0,123.12290607356537
train,2084,13,10,0,207.3191983391794
train,211,3,0,0,461.22933558046805
train,3701,20,0,0,163.3066948198387
train,2758,21,3,0,141.31967308198813
train,1039,7,0,0,252.94366961835593
train,2017,3,0,0,474.2051243923878
train,2177,2,0,0,394.5684351288126
val,283,10,0,0,321.97204847626136
train,4526,8,1,0,50.15296811811461
train,2270,4,0,0,372.131980873193
train,2963,11,3,0,242.44432350541845
train,397,32,8,0,114.47705323596068
train,1715,12,3,0,117.830468184064
val,525,1,0,0,NaN
test,746,13,0,0,178.13758727455584
val,878,19,8,0,66.20045317065436
train,4976,7,1,0,149.64290828502365
train,3187,2,0,0,411.41827864109297
train,4435,9,0,0,106.36023693091323
train,5297,6,0,0,147.78700890132393
test,448,3,0,0,358.23037280498704
train,4986,9,0,0,94.69028461251978
train,2243,3,1,0,148.33239700079008
test,57,14,1,0,247.71535153098952
train,5191,16,0,0,113.1795655987629
train,1369,10,0,0,239.26972228010797
train,3132,20,0,0,117.70832595870183
test,37,4,0,0,555.6561472402989
train,2151,5,1,0,394.44169404361907
test,512,3,1,0,413.70097896911
test,1065,2,0,0,185.0331051460792
train,821,1,0,0,NaN
train,3677,4,0,0,285.0745848852713
train,2102,3,0,0,493.7777840284028
train,4370,13,4,0,160.8182203607539
test,395,1,0,0,NaN
train,101,5,0,0,405.0077159758811
test,1069,4,0,0,79.67788353252917
train,318,1,0,0,NaN
train,5141,3,0,0,254.66104923996525
train,685,1,0,0,NaN
train,3450,13,0,0,187.8430195668713
train,4852,2,0,0,847.3890782869461
train,875,33,1,0,104.15613280071415
train,1143,4,0,0,548.705295433877
train,4801,10,1,0,75.70006605016934
train,108,4,0,0,288.0050592851903
train,4310,15,2,0,83.1820293092204
train,5035,1,0,0,NaN
train,4430,8,2,0,156.7801007781281
train,3626,11,1,0,169.76233386708608
train,4751,2,0,0,602.9197707821497
train,1569,20,3,0,94.55797564156586
test,770,7,0,0,214.59729728027799
train,3841,3,0,0,110.91100035614141
train,2805,12,10,0,170.0514957348545
train,1250,2,0,0,79.85298992523698
test,1093,9,1,0,75.2013962636333
train,2426,5,2,0,351.3264151754035
train,1401,26,1,0,153.20917398715898
train,1363,6,0,0,306.91768896420706
train,844,16,1,0,113.26301002302141
train,2434,2,0,0,685.9774048757
val,35,1,0,0,NaN
train,3618,14,0,0,226.76997746761796
test,1094,5,2,0,57.31710041514661
val,273,10,0,0,268.8299780026878
test,915,17,1,0,172.18086420970246
train,4770,10,1,0,38.63768543170299
train,1798,1,0,0,NaN
val,90,2,0,0,605.671734522918
train,313,6,2,0,182.0675174066783
test,945,5,1,0,191.93032589979103
train,4937,6,0,0,231.97683073962364
test,392,5,0,0,506.7247773693329
train,4964,2,0,0,109.0011467829582
test,741,8,0,0,216.00007532510787
train,4731,3,0,0,46.63153439465616
train,2036,8,0,0,198.3054557814374
train,1772,1,0,0,NaN
train,2365,5,1,0,227.2894630201761
train,2069,3,0,0,391.27292265118473
test,414,11,0,0,334.461133765943
test,296,4,0,0,319.5049802697655
train,3999,15,0,0,204.84445318338499
train,13,3,0,0,302.2796718272666
test,122,2,0,0,524.8973709212116
train,4505,7,0,0,88.78203647134931
train,4858,1,0,0,NaN
train,5234,1,0,0,NaN
train,3009,19,8,0,171.29214809792072
train,2816,9,2,0,261.3063336392748
train,2531,1,0,0,NaN
train,2940,23,8,0,165.36626016210198
test,1050,3,0,0,442.65392802956126
train,2878,5,0,0,314.52265419203115
train,404,3,0,0,635.4952792900983
train,4067,22,4,0,75.63543521407948
test,1195,2,0,0,612.1962512136121
train,2362,1,0,0,NaN
val,431,6,2,0,322.973218281037
test,678,2,0,0,718.5173971449822
val,1000,2,0,0,480.98336769580715
train,849,5,0,0,390.69169430639295
train,1774,1,0,0,NaN
train,1835,14,2,0,206.8967133620058
train,483,11,1,0,177.15882704511228
train,1137,5,0,0,340.41335167704574
train,4492,8,0,0,94.30360697342635
val,381,26,0,0,188.37329959418346
val,583,28,17,0,80.6303054352604
train,4079,18,2,0,175.31320734158376
train,3115,6,0,0,302.11320056177
test,83,1,0,0,NaN
train,3455,12,0,0,252.74493071078598
train,1313,13,0,0,158.05774261326144
train,159,4,0,0,241.96067659212565
train,3846,2,0,0,555.511025993184
train,4655,20,1,0,41.93149174546501
train,4768,6,1,0,158.7841950516628
val,370,4,0,0,401.4927692824222
test,1092,2,0,0,975.3412223422118
train,3541,6,0,0,478.60988202655653
train,3878,5,0,0,231.80002157031825
test,544,1,0,0,NaN
train,2080,7,3,0,104.01562382642331
train,2309,6,2,0,230.80782049142096
train,4515,3,1,0,43.55743334954437
train,1334,10,0,0,254.88930905763004
train,3406,11,0,0,91.67469661798724
train,4563,1,0,0,NaN
train,212,3,0,0,380.8654618103353
train,2974,15,0,0,163.08663341917386
train,3992,21,0,0,108.24047302187847
train,2213,6,1,0,205.19245754521114
train,687,37,5,1,85.33024082938006
train,3706,21,1,0,128.08200498118384
test,759,6,0,0,292.557521724588
val,634,20,0,0,41.24653702824232
test,1056,5,0,0,118.76131525037941
val,999,2,0,0,555.14074791894
train,1567,25,18,0,63.15853069855251
train,771,1,0,0,NaN
test,1173,1,0,0,NaN
train,3990,20,3,0,160.5124605754955
train,1486,9,0,0,272.8099155089492
val,553,5,0,0,200.44201156444225
train,4712,1,0,0,NaN
train,1098,7,0,0,406.74469879766104
train,2745,12,4,0,191.19055211677386
val,50,5,0,0,334.18295887133445
train,809,18,0,0,123.8787289694817
test,291,1,0,0,NaN
train,1455,14,1,0,172.72087308718653
train,4341,5,0,0,208.95035295495435
val,718,6,0,0,287.05027305770784
train,2165,5,1,0,176.13914953808538
train,1263,12,2,0,139.44257223826895
train,4002,11,1,0,204.29880077964236
train,2422,1,0,0,NaN
train,1162,25,1,0,153.23592920721956
train,553,7,0,0,335.0854368664804
train,5116,9,4,0,134.51579832867216
train,3194,8,0,0,267.51462698827925
test,443,4,0,0,149.64383200153543
train,1193,1,0,0,NaN
val,83,3,1,0,109.40978018440582
train,2794,11,10,0,375.44706684165214
val,704,14,0,0,128.55686984601482
train,4835,2,0,0,438.39536950109317
train,4284,1,0,0,NaN
test,1086,2,0,0,440.8744152250162
train,4543,2,0,0,142.72438474206152
train,2194,2,0,0,351.3495410556274
train,565,12,0,0,123.839830922011
train,2743,1,0,0,NaN
train,2197,4,1,0,167.4503518293726
train,3014,53,19,0,62.66179059043876
train,1872,2,0,0,1022.7700132483353
train,1809,5,0,0,109.7565487795603
test,82,12,2,0,92.18529999694168
train,975,1,0,0,NaN
train,1644,26,8,0,63.26598091711368
val,939,16,1,0,264.36923468937687
train,4044,6,0,0,296.10714839239074
val,497,1,0,0,NaN
train,4754,3,0,0,119.94269465040378
test,290,3,0,0,37.33630940518894
train,4584,2,0,0,372.4113988588427
val,728,19,0,0,109.13867325563382
train,3835,2,0,0,215.8963871860759
train,620,2,0,0,444.1489052108538
train,3348,4,0,0,469.5646099655576
train,3380,24,4,0,88.86506625215557
val,434,1,0,0,NaN
train,1367,7,0,0,299.1692664696693
train,5309,18,1,0,60.21443078871029
train,2154,13,6,0,274.38339964363735
train,1722,7,3,0,98.60147057726877
train,3553,13,0,0,204.3679280122006
train,3204,5,0,0,236.21176939348302
train,3533,9,0,0,350.8389944119667
train,4958,1,0,0,NaN
train,3653,7,0,0,247.00202428320299
train,3421,8,1,0,263.84124303415615
train,3462,27,1,0,184.94593804677083
train,85,36,8,0,108.3276542642365
train,1424,58,24,0,47.89436939145554
train,4386,15,3,0,99.73088789337032
train,2664,2,0,0,758.4260016639724
test,593,22,0,0,45.069390943299865
train,4391,2,0,0,755.0518194137406
train,5293,4,0,0,466.3323736145178
test,1140,2,0,0,1128.2642642572705
test,630,2,0,0,784.2501195409536
val,846,14,3,0,257.6544741188076
train,1253,1,0,0,NaN
train,91,54,1,0,84.89382617832183
train,4237,8,0,0,202.49271862443646
train,5143,5,0,0,285.45446221770646
train,2485,10,4,0,249.99918021713
val,10,3,0,0,444.2324841791739
train,4722,9,0,0,140.2221451839901
train,3333,9,0,0,124.6645498929026
train,3581,21,1,0,113.68487146494031
train,2715,4,0,0,466.5097832780201
train,1171,6,0,0,505.72008618872553
train,2027,20,27,0,55.14064375063023
val,901,5,1,0,346.82740664486136
test,753,11,0,0,187.74517304048058
train,1770,2,0,0,807.1748571406322
train,1601,15,4,0,217.33154395991392
train,2645,5,0,0,422.2712398447235
test,299,44,0,0,113.98464808911768
test,308,19,1,0,166.20770138594662
train,5189,10,0,0,91.99184746487049
train,3559,9,0,0,275.13632984395207
train,4820,4,0,0,410.9515542530471
train,2356,1,0,0,NaN
train,4412,17,14,0,107.70909896568628
train,2964,6,2,0,306.26989731281134
train,4530,5,0,0,198.13757846506553
val,166,1,0,0,NaN
train,742,26,0,0,90.06744453532615
train,5299,5,0,0,388.068615066975
val,744,5,0,0,266.4230658182583
val,355,2,1,0,159.4090649869072
test,344,5,1,0,328.9658036939402
test,286,5,0,0,254.73761010106065
train,3180,4,0,0,237.10538150552617
train,502,6,0,0,293.61752331902807
val,775,6,0,0,347.97294386709575
train,3857,2,0,0,618.769949173358
train,3088,5,0,0,301.5149250037218
val,1023,3,0,0,114.0175425099138
train,815,5,0,0,209.4856797015013
val,542,4,0,0,93.50570449593594
train,3496,7,0,0,235.6825195045233
train,2166,9,2,0,247.98790293076797
train,3404,6,0,0,190.64255310575868
train,2255,1,0,0,NaN
val,353,6,2,0,132.69410067631213
train,5200,5,0,0,163.99542676550465
train,2570,26,13,0,82.95462674531981
train,3278,6,0,0,238.60898977196982
val,39,9,0,0,381.29843954571857
train,203,3,0,0,228.35498680782078
train,1160,23,1,0,158.39823231336896
train,5014,1,0,0,NaN
val,40,8,0,0,232.15949571506374
train,4850,2,0,0,477.57852757426184
train,4221,23,1,0,84.21698166047035
test,986,10,2,0,236.80866898758657
test,1004,8,3,0,65.09416256470314
train,1038,12,6,0,99.45607874071203
train,3492,6,0,0,266.71363968416404
train,4294,10,0,0,121.10842249818961
val,619,19,6,0,164.4118304745738
train,1918,7,0,0,339.8621043894126
train,4088,1,0,0,NaN
test,1006,6,1,0,336.12051410171324
train,110,6,2,0,82.26922138287287
train,5306,168,11,0,51.119956963988145
train,1148,3,0,0,333.2390283265152
test,503,1,0,0,NaN
val,980,9,0,0,68.41235268575406
test,328,4,1,0,278.3368508395158
train,1830,16,1,0,196.86035659827502
val,735,4,0,0,388.55636828403783
test,227,13,3,0,176.5573561197607
train,2118,6,1,0,191.8547627764294
train,5037,3,0,0,43.8092455995307
train,5251,2,0,0,222.94506049697534
val,446,7,5,0,259.7306296916095
test,174,6,1,0,362.2862234890848
train,1921,4,0,0,409.2815083408284
test,563,2,0,0,716.2918399646893
train,2236,1,0,0,NaN
train,2652,1,0,0,NaN
train,3978,50,4,0,62.75400129896775
train,3309,10,0,0,293.1528375007466
train,1277,5,0,0,409.94054446956085
train,1883,10,0,0,200.715809545684
train,2729,11,2,0,166.32047378479896
train,700,7,0,0,276.6572789571964
train,4169,13,2,0,118.59595271340417
train,2797,6,0,0,317.15132854225305
train,2754,23,3,0,198.04039991880444
train,3601,13,0,0,273.4382928559934
train,3207,6,1,0,245.4837061802677
train,871,41,17,0,86.26992523469578
train,3587,17,0,0,179.88885457415086
train,3635,13,0,0,175.76191282527623
train,5046,2,0,0,1040.525348081439
train,2075,15,9,0,50.31152949374527
train,372,5,0,0,181.50275480003052
train,2515,2,0,0,712.7643369305173
val,575,1,0,0,NaN
val,547,1,0,0,NaN
test,721,4,0,0,229.68708812917248
train,884,6,0,0,348.25888359092863
train,1819,6,0,0,246.0101280451458
test,119,4,0,0,319.1370965326015
train,1023,4,0,0,224.85027065222977
train,3949,13,1,0,130.1047654776719
train,2538,4,1,0,333.0943743108718
train,1598,15,6,0,237.17082451262846
val,794,9,0,0,147.02125696646726
test,486,7,7,0,398.7812683665069
train,535,5,0,0,528.253017028772
train,2122,7,2,0,294.02253315009716
train,4713,9,0,0,79.5062890594197
train,3870,16,1,0,111.7161581867189
train,3289,5,0,0,336.8920450233279
train,5183,2,0,0,419.6403221807933
val,339,9,0,0,301.0103818807584
train,2813,21,12,0,81.29268109737801
train,2725,3,0,0,340.5297343845321
test,152,6,0,0,417.27988209354163
train,3011,8,2,0,175.66595170895647
train,1668,2,0,0,428.27006666354816
train,4346,17,4,0,110.90987332063814
train,1665,30,7,0,49.345488853361786
train,853,2,0,0,914.0242064628267
train,2284,1,0,0,NaN
train,522,3,0,0,211.89915054100618
train,1888,9,4,0,234.07691043757393
val,651,11,0,0,282.2769030579725
train,3589,18,2,0,96.29382119326245
train,818,5,0,0,307.5386154615384
train,850,4,0,0,370.8022249662184
train,2023,16,2,0,136.7707936658993
val,55,8,1,0,266.04698833100895
test,249,5,0,0,486.0444938480427
train,646,1,0,0,NaN
train,4906,15,1,0,87.30692985095742
test,200,35,9,0,89.4664741677015
train,595,3,0,0,422.59229761082963
val,897,13,0,0,46.02445002387318
train,3946,31,10,0,105.62196741208714
val,458,1,0,0,NaN
train,1492,12,0,0,286.1506160735864
train,2472,2,0,0,758.0026385178353
train,2111,4,0,0,235.55814370856095
test,549,1,0,0,NaN
train,1245,14,0,0,66.30422309325402
train,822,1,0,0,NaN
train,1281,2,0,0,253.00296440951044
train,2841,5,0,0,269.7688825643165
train,4575,2,0,0,285.0846365555324
train,2659,35,26,0,51.92783453986888
val,168,33,1,0,122.82609657560563
train,756,5,1,0,522.1082263286032
train,4868,15,4,0,57.002192940272046
train,3798,46,0,0,106.05888516103013
val,217,2,1,0,27.35415873317986
train,960,42,33,0,110.20548988140291
train,841,16,1,0,149.57168685468724
train,3953,17,2,0,156.11534197509224
train,1702,6,0,0,211.4293006636446
train,3941,22,1,0,118.92969874980784
train,3022,7,0,0,47.885279575251516
test,968,28,6,0,37.05130491297152
train,390,5,0,0,374.88831670245474
train,563,18,0,0,180.00069444310486
train,2490,1,0,0,NaN
val,776,7,0,0,197.47404892795407
test,856,6,0,0,179.8295935379305
train,5310,21,0,0,67.4166151627327
test,514,1,0,0,NaN
train,3961,10,1,0,122.88904038010705
train,5113,10,2,0,99.725666742061
train,168,5,0,0,577.9500410935187
test,236,4,0,0,522.5169986862504
test,105,2,0,0,385.35989671993633
test,464,7,2,0,207.83286554344576
train,3676,1,0,0,NaN
train,4510,14,0,0,67.82893386337298
train,4915,12,1,0,64.07027391856539
train,3097,4,0,0,190.80088147178603
train,4514,2,0,0,70.45920805686082
train,452,10,1,0,195.7402615712976
train,1349,16,0,0,206.45641186458704
test,673,22,7,0,152.05357895435304
train,2599,6,0,0,132.3782459469833
train,656,4,0,0,392.42337456607555
val,190,11,1,0,141.7603611733548
test,1049,2,0,0,368.75906768512147
test,639,10,6,0,256.79526400782675
test,1,7,2,0,101.47043904507362
train,3442,7,0,0,270.70740662198364
train,2296,1,0,0,NaN
train,1508,55,20,0,57.716981903075975
train,3179,3,0,0,237.2003372678884
train,2585,3,0,0,554.2097978202839
train,1081,3,0,0,70.66293229126569
train,5096,22,6,0,73.35240173070792
train,3157,4,0,0,511.42969788396096
train,715,2,0,0,515.5700728320061
train,5202,8,0,0,69.40403898791662
train,2984,11,7,0,219.20424265967117
train,285,3,0,0,612.0590249314195
val,24,1,0,0,NaN
train,2074,9,2,0,272.68342450541434
test,224,3,0,0,731.5138412907852
train,4497,5,0,0,74.08272403199008
train,481,56,10,0,99.58558712936824
test,1199,4,0,0,368.28858393807616
train,4533,6,0,0,84.15759026968394
test,109,15,2,0,173.50072045959925
train,1008,4,0,0,481.13832661343315
train,1375,7,0,0,326.6381790299474
train,3005,18,4,0,112.3284429700828
train,3319,12,0,0,185.62394780846572
val,821,14,2,0,240.51952871910913
val,508,4,0,0,499.97627459798804
train,780,6,0,0,326.6898376135995
train,2361,1,0,0,NaN
train,1499,7,0,0,155.08868430675398
train,2073,4,1,0,347.84847745371
train,2604,2,0,0,1067.1047277563716
train,4255,5,0,0,325.2648920495417
test,752,3,0,0,585.3471192378074
val,192,14,6,0,180.63360706136606
test,226,32,13,0,151.44466393735576
train,4001,12,1,0,197.81078117177066
val,197,11,0,0,246.45942870987915
train,2045,7,2,0,315.53209028559996
val,574,3,0,0,664.9154081535485
val,732,3,0,0,546.8329269530137
train,3405,3,0,0,280.07900671060656
train,4486,7,1,0,83.41013127911981
train,3515,11,0,0,264.92734853163046
train,2486,10,0,0,198.5730344231059
val,495,2,0,0,728.6008852588637
test,847,39,0,0,77.93587107359485
val,308,1,0,0,NaN
val,288,14,0,0,201.65584287363976
train,1071,9,1,0,152.97221970017955
train,792,7,0,0,359.2005011132362
train,2988,6,1,0,399.54380235463543
test,584,2,0,0,256.7041098229633
test,147,19,8,0,116.0538668033082
train,3853,2,0,0,1132.3211779349533
val,310,1,0,0,NaN
train,2845,12,8,0,196.04176910093327
train,4818,2,0,0,433.7262961822813
train,1559,31,16,0,56.71860364994893
train,1946,4,2,0,494.5416171763094
train,2727,13,2,0,157.89632674638128
val,719,8,0,0,364.9542526705897
train,1002,8,2,0,113.93404507766783
train,5162,2,1,0,114.41372295314929
val,978,11,1,0,56.60830327787612
train,1900,2,0,0,460.24612980447756
train,2644,4,0,0,268.16051089453725
train,373,3,0,0,590.212885321898
val,664,3,0,0,90.01805374479055
train,398,3,0,0,565.6653162427408
train,3107,8,0,0,217.0829334609241
train,359,29,4,0,150.85257704129552
train,2774,3,0,0,514.6357935472425
val,404,4,2,0,299.4825583047742
train,1161,14,0,0,207.47647123797998
train,3516,11,0,0,260.48656395292255
train,344,5,0,0,367.970786883959
train,4748,2,0,0,487.254040516854
train,918,27,2,0,155.7441812717252
train,692,43,3,0,74.48657597178165
train,2866,30,18,0,152.6512113442253
train,4666,3,1,0,49.704124577342675
train,2217,6,1,0,370.23944954583106
train,254,9,0,0,148.51935900750448
train,1733,5,0,0,423.71954167821906
train,5112,13,1,0,79.33630946798571
test,637,14,3,0,146.5136512411045
test,744,9,0,0,166.01204775557707
test,1189,24,2,0,77.6659513557904
train,1955,19,4,0,141.8846362366271
train,3152,8,0,0,274.7130320898519
train,273,4,0,0,211.8280493482451
train,4304,23,7,0,48.52319033204639
val,179,28,2,0,133.93408471596274
val,860,1,0,0,NaN
train,1513,2,0,0,317.57715597945645
train,2200,4,1,0,442.34053924574016
train,4617,3,0,0,445.255544603321
train,621,2,0,0,321.6714161998234
train,2451,4,2,0,56.98871408014963
train,1135,5,0,0,371.36302993162906
val,202,3,0,0,600.2732711024205
train,3689,19,0,0,168.95117637944992
train,1981,2,0,0,982.1303375825431
train,3136,6,0,0,508.22640271529445
train,4291,12,1,0,63.17736424088652
train,4043,7,2,0,298.02055298250826
train,3101,9,0,0,208.38665984174708
train,3387,22,3,0,65.93152659794725
train,1818,2,0,0,990.2364616595372
train,3484,6,0,0,98.35141076771599
train,861,31,1,0,120.41594578792295
train,2098,19,13,0,154.23683088030563
train,3240,3,0,0,570.9049833378581
test,747,10,0,0,86.29310517069136
train,2705,5,1,0,149.97749831224684
val,1027,5,2,0,151.58001187491706
train,4336,4,1,0,373.245584291573
val,534,2,0,0,293.72138158465754
train,242,9,0,0,308.86971363343474
train,2035,14,4,0,179.5696243800716
train,4532,3,0,0,39.528470752104745
val,665,5,0,0,112.2686510117584
val,606,29,3,0,107.26252840577645
train,2329,2,0,0,533.5850447679358
train,2070,3,0,0,328.64000060856864
train,3528,8,0,0,124.57888166763236
train,3918,11,5,0,135.18968155891187
val,191,37,8,0,34.73110997362451
train,5149,2,0,0,575.3966023535419
train,2924,4,0,0,246.56244242813585
train,354,5,0,0,875.762096690648
test,1096,10,2,0,83.42961105027399
test,23,8,1,0,295.1570324678345
train,370,3,0,0,352.18638531323154
train,3453,11,0,0,189.4815294428457
train,3020,10,0,0,36.09016486523718
train,3498,12,0,0,130.03938431142421
val,428,4,0,0,393.4389723114715
test,238,1,0,0,NaN
train,4962,1,0,0,NaN
val,1093,16,16,0,151.49676744961025
train,177,3,0,0,505.30015832176423
train,1654,35,15,0,42.638011210655684
train,2218,2,0,0,716.2792751434317
test,628,2,0,0,1061.3067417104255
train,928,67,33,0,44.02839992550263
train,1149,119,14,0,48.703182647543684
train,3126,11,0,0,246.28844877500853
train,3530,6,0,0,421.98874392571184
train,3529,6,0,0,394.57267226468235
train,4120,19,2,0,53.781967238099426
train,4178,19,5,0,73.83258088405145
train,4131,4,0,0,420.8752439682232
train,1882,23,5,0,112.61105629555207
train,1491,17,3,0,233.51338291412765
train,123,17,8,0,130.15855715242083
train,1831,13,1,0,226.2144999773445
train,3573,16,0,0,178.93845400581336
train,1062,1,0,0,NaN
train,5266,13,12,0,120.93386622447825
val,377,2,1,0,124.31009613060397
train,925,35,11,0,45.54667935206693
test,203,8,1,0,369.2830892418444
train,632,6,0,0,366.5167117608691
train,4276,12,0,0,168.79146142847588
train,3756,30,0,0,125.23289694030547
val,656,6,0,0,248.5713935607988
train,986,5,0,0,437.84272290401265
val,926,3,0,0,580.1745427024526
train,3376,6,0,0,284.86926826177654
train,4794,3,1,0,63.41135544995076
test,680,19,7,0,178.88334187397103
train,4761,3,1,0,94.13288479590966
train,1440,4,0,0,533.9979264491641
train,5374,6,0,0,396.77323498441774
train,3903,6,0,0,441.7123832363777
train,3531,5,1,0,364.776986664455
train,1270,6,0,0,456.8886625864117
train,3411,4,0,0,137.0968630368201
train,2614,7,0,0,73.57309290766564
val,237,4,0,0,425.51220828144983
train,4156,9,1,0,268.8647429470811
train,1896,8,0,0,361.16017383364465
train,5083,10,5,0,63.52007207332287
val,1009,12,1,0,182.0452694198442
train,1328,17,0,0,170.8010538609174
train,1769,2,0,0,1058.634615908624
val,292,32,1,0,107.82375778271218
train,4555,2,0,0,305.86680107523927
train,2996,101,40,0,57.21887800367987
val,870,5,1,0,174.24408167854654
train,5111,13,0,0,88.75387315492209
train,2831,2,0,0,821.7945302811403
test,477,8,8,0,242.63810500413985
train,2544,4,0,0,195.51190583519588
val,42,6,2,0,177.42674544724085
train,50,3,0,0,372.60065754101936
train,4005,21,1,0,176.4404998859389
test,518,1,0,0,NaN
val,361,7,1,0,181.75051581769995
train,4849,3,0,0,509.18807920060345
train,3875,6,0,0,326.531065918196
train,4286,13,2,0,87.27256155287296
val,77,23,3,0,128.87590930814028
train,3044,2,0,0,393.01145021487605
test,897,4,0,0,104.83663958568503
train,167,3,0,0,595.1564920254168
train,4189,11,1,0,77.81548689046416
train,122,20,4,0,161.34791348766817
train,2755,10,1,0,281.48070485137885
train,507,6,0,0,313.7518924245717
train,2780,26,7,0,145.18436554946265
train,304,9,2,0,120.07705859155611
train,823,1,0,0,NaN
train,1666,27,7,0,53.44389581607987
train,8,1,0,0,NaN
train,2617,3,1,0,58.619535992704684
train,2097,6,2,0,356.1107110114773
train,264,17,1,0,138.95053076544903
train,1931,6,0,0,455.39488359005526
test,42,4,1,0,344.58078042200066
test,356,23,6,0,84.35786863120713
train,1600,10,2,0,334.0991619265155
train,1647,28,12,0,64.24755505587487
train,4031,25,3,0,105.35891039679558
train,290,3,0,0,657.4802278395906
train,4378,16,7,0,148.45285446901988
train,906,12,1,0,110.25538535599973
test,1141,4,0,0,320.7723737602103
test,295,6,0,0,218.38348291757816
val,627,39,11,0,107.76131031126152
test,300,21,0,0,161.1839011812284
train,974,27,8,0,134.5594664079789
test,367,19,1,0,139.70057265451706
train,1123,7,0,0,258.44341740504825
val,276,11,0,0,245.953755816007
val,798,14,0,0,288.47945636597296
test,538,1,0,0,NaN
test,5,1,0,0,NaN
train,1464,9,0,0,378.92776356450844
test,345,7,0,0,275.0654467576762
train,396,23,3,0,145.00344823486094
val,957,3,0,0,260.5618928393022
val,451,3,0,0,744.0406574912422
test,499,3,0,0,229.25586142997523
train,5062,5,0,0,376.1532267573947
val,375,2,0,0,1047.67003393244
train,3495,9,0,0,198.2738005889835
test,1061,6,0,0,124.87986122117454
train,2510,1,0,0,NaN
train,116,18,2,0,223.79732237294087
train,230,7,0,0,381.5180205442464
train,862,31,9,0,91.39474820797966
train,3615,13,0,0,235.5849103826474
train,1430,32,6,0,84.48082822377495
train,873,18,2,0,188.62197645025353
train,3670,7,0,0,196.25302545438632
train,2449,3,0,0,346.30189141845585
train,4966,4,0,0,304.05259920169567
train,3050,1,0,0,NaN
train,5336,10,3,0,134.56287206600098
train,2786,5,1,0,347.8092149440552
train,2551,5,0,0,227.55054383586958
train,3326,21,1,0,117.91734393209508
val,625,26,13,0,72.4240981994253
train,195,15,2,0,212.5088233462319
val,703,5,0,0,236.44502532301246
test,560,1,0,0,NaN
val,520,2,0,0,542.2361109332354
test,1159,2,0,0,101.30769960866745
train,896,5,0,0,357.8826623350173
train,921,14,1,0,168.50345856507388
train,4969,3,0,0,124.4869471069156
test,1018,24,8,0,199.45236161832747
train,3459,41,1,0,113.87932209141394
test,1144,4,0,0,306.8470558857066
val,928,7,2,0,100.4800975317998
val,105,21,1,0,126.08429719834267
val,342,22,9,0,56.56326677996633
train,5127,6,1,0,327.52015201327674
train,3048,1,0,0,NaN
train,1701,6,1,0,281.13803790131567
train,3478,4,0,0,327.2814392953881
train,4418,3,0,0,600.1751827591675
val,855,1,0,0,NaN
train,4325,18,2,0,104.94045930907679
train,347,16,1,0,251.45039378854477
train,1988,3,0,0,524.1090058375262
train,2870,3,2,0,310.51972562141685
train,4181,2,0,0,389.26244360328417
val,838,31,3,0,124.45882853377658
train,3781,18,3,0,85.42833253669417
train,4288,19,2,0,70.36511919978534
train,457,5,2,0,329.31937386069467
train,4661,7,1,0,53.115440316352455
train,1890,16,4,0,111.52722681719897
train,4016,35,3,0,111.42374073777994
train,2852,13,0,0,49.11720676097125
val,433,6,3,0,105.81233387464809
test,604,19,1,0,167.45148551147582
train,3704,20,0,0,193.7375802470961
train,4103,18,4,0,65.3412227057933
test,327,18,6,0,81.1529866489704
train,2817,20,2,0,81.43999583544255
test,716,5,0,0,356.480364115613
train,2567,1,0,0,NaN
val,7,2,0,0,517.9394269603348
train,4107,3,1,0,109.90109189630465
train,3834,5,0,0,152.27770683852577
train,207,17,3,0,173.60371539802944
test,93,19,4,0,196.293784924536
train,5150,5,0,0,77.20103626247513
train,719,4,0,0,530.9259177764377
train,1781,1,0,0,NaN
test,984,4,1,0,293.7606418742087
train,4989,10,0,0,44.99444410146657
train,4903,17,1,0,63.071388124885914
train,1040,6,0,0,274.40552913549783
train,5172,3,0,0,729.9195161111943
test,615,8,5,0,213.28202468444695
train,3715,6,0,0,390.96783531121605
train,1641,34,3,0,60.861524847001675
val,1056,8,1,0,102.66084940229162
test,25,1,0,0,NaN
train,3164,5,0,0,422.0639761931833
test,989,5,0,0,342.0237564848384
train,5203,2,0,0,651.726361289767
train,1884,7,0,0,255.15877409957903
train,2287,8,4,0,159.1631574444002
train,3790,12,1,0,135.50830232867654
train,3713,10,2,0,187.50259217245068
train,1217,20,0,0,209.68369035287412
train,2803,7,1,0,417.5799324680246
train,4000,15,1,0,186.63466987674076
train,3300,11,0,0,218.50057208163093
train,3910,4,1,0,502.96602933276654
train,497,11,0,0,325.22146300636433
train,3934,23,3,0,84.17244204607586
train,5043,5,0,0,365.7082170255407
train,834,14,0,0,139.3345806391689
train,2885,7,5,0,186.79534255435814
train,4905,7,1,0,40.078048854703496
train,1244,7,0,0,88.06957476904269
test,1143,1,0,0,NaN
train,654,1,0,0,NaN
train,1794,16,5,0,246.0411550940208
train,2187,3,2,0,196.82606534704695
val,903,6,1,0,249.43429869257707
train,495,17,1,0,155.18134552838495
train,2959,49,8,0,83.18653737234169
train,3374,4,0,0,391.96321264462597
train,3604,25,0,0,150.25478361769385
val,676,5,2,0,71.04400045042509
test,611,4,2,0,215.587539746583
train,4985,5,0,0,86.75540328993924
test,243,5,1,0,298.7072145094591
train,5119,14,3,0,150.7403518451233
test,293,8,0,0,313.5765770720517
train,1616,6,0,0,259.60787738433515
test,672,4,1,0,667.7888391512371
val,624,11,1,0,214.90114006212252
train,3579,18,7,0,58.7109739256317
val,470,6,3,0,206.77257891185587
train,1876,9,2,0,146.50085323983612
train,464,2,0,0,363.4105804733814
train,4355,11,0,0,105.07616285342742
val,144,7,0,0,160.35117710824576
val,142,8,0,0,353.4362483946025
test,415,13,5,0,174.89711261195822
train,987,15,0,0,198.28073532242107
train,1031,7,0,0,166.88319268278636
train,5063,2,0,0,818.630716501647
train,3127,7,0,0,312.0869269931056
train,737,14,0,0,242.9001852613538
train,322,1,0,0,NaN
train,931,159,51,0,42.9563732174866
train,4977,2,0,0,161.0007763956435
train,2991,8,0,0,201.09590302783116
test,554,5,1,0,207.17142660125697
train,4436,8,2,0,174.6458741992333
train,749,12,0,0,231.09279949643476
train,2757,18,6,0,177.50633791501645
train,3669,2,0,0,283.9634659599717
test,725,8,0,0,209.062152269292
train,2033,16,2,0,179.36476150996657
test,1114,3,0,0,483.55196204751354
train,776,10,0,0,190.71772335050562
train,3325,13,0,0,194.69078046995446
train,3771,12,3,0,153.867520525595
train,5371,1,0,0,NaN
test,349,5,2,0,159.3494587377064
test,557,5,0,0,136.8959458859173
train,2962,5,1,0,374.1724201487865
val,519,1,0,0,NaN
train,2297,1,0,0,NaN
train,5050,7,0,0,356.28991004517655
val,475,1,0,0,NaN
train,5114,14,3,0,112.47775065022726
train,1225,3,0,0,648.2100354051918
val,223,6,0,0,364.4204302725082
train,503,5,0,0,281.6988640374682
train,1545,7,5,0,160.4259953997481
train,5031,6,0,0,329.9535533793311
train,1483,6,0,0,283.9234051641393
train,3412,4,0,0,328.29777645205274
train,141,1,0,0,NaN
train,1063,1,0,0,NaN
train,1309,12,1,0,104.12665020766914
test,54,5,0,0,413.05810729242444
train,3503,28,2,0,139.49437987069632
train,580,22,1,0,143.01048912579805
train,3680,3,0,0,474.0487844093686
val,700,13,0,0,178.2533309646695
train,81,3,0,0,119.69231387186063
val,720,35,6,0,73.3655232380987
train,2043,64,44,0,50.766622893393254
train,3237,6,0,0,119.97602707899597
train,3969,13,2,0,100.73355945264716
train,1474,2,0,0,927.5001347708796
train,852,4,0,0,309.4485633702503
train,2703,10,0,0,284.1201426257875
train,1199,6,1,0,119.4563789912645
test,68,20,0,0,182.00068681189092
test,1037,3,0,0,20.248456731316587
test,326,39,15,0,60.29925372672534
train,3267,5,0,0,173.38540884399703
train,528,3,0,0,479.85336301832876
test,978,7,0,0,328.1512608538934
train,1959,57,45,0,95.63472172804185
train,1793,17,2,0,243.24884377936928
train,3933,18,1,0,92.36460328939043
train,2828,16,9,0,245.3752228730521
val,266,8,0,0,289.6903519277092
val,738,41,0,0,120.51659636747131
train,362,7,3,0,287.14108030722457
test,569,3,0,0,652.1644731200864
test,786,11,0,0,74.54528824815154
train,5314,14,2,0,100.9207685495106
val,571,60,5,0,56.49442213007295
test,449,5,1,0,402.12995411931206
train,3474,3,0,0,351.0270644836378
test,10,14,1,0,188.47015678881365
train,4087,2,0,0,734.248255020058
val,688,17,0,0,145.8363809205371
train,2882,7,1,0,412.5303019173258
test,154,9,0,0,273.7608445340568
train,2022,20,8,0,118.04643688778275
train,2465,1,0,0,NaN
train,1792,5,3,0,284.2257025675194
train,4351,3,0,0,111.38334704972732
train,4267,38,9,0,95.30379261895523
val,973,12,3,0,106.3296760081587
val,885,12,0,0,183.01128738080223
train,4081,20,3,0,130.71963136450594
train,1261,16,3,0,106.60675400742676
train,566,5,0,0,481.1925290359359
train,3149,4,0,0,392.74005410712925
val,254,12,0,0,274.8338900902966
val,921,31,5,0,59.7599364122821
train,342,9,0,0,291.47298331063206
val,895,4,0,0,267.37531591016284
val,478,1,0,0,NaN
test,1088,1,0,0,NaN
test,95,6,0,0,348.5799764759875
train,4173,14,1,0,91.02733845156479
train,2241,4,0,0,310.6569067654382
val,390,3,1,0,142.86357128393507
train,58,35,17,0,118.2169615579761
val,28,4,0,0,510.9857842312433
train,1084,6,1,0,151.53798838824105
val,684,7,0,0,291.1721999092633
train,3738,8,0,0,303.11920097545783
val,364,9,0,0,38.56488039654732
train,2970,18,0,0,133.32530587024144
train,668,15,4,0,194.69527472437537
val,969,18,1,0,80.40568604327878
train,4,2,0,0,220.73740054644117
train,1865,5,1,0,351.83412284768514
train,1837,28,17,0,75.43567538600476
train,1096,15,5,0,83.64807230295268
train,1514,3,0,0,192.3076961538461
train,106,3,0,0,470.3743190268788
train,4901,13,0,0,42.573465914816005
test,63,4,0,0,576.9555319748899
train,2404,3,0,0,471.76503685627233
val,226,2,0,0,563.4281231887525
train,4837,2,0,0,676.9817205804009
test,131,18,1,0,150.45847391952665
train,4784,3,0,0,194.7626760958064
train,3893,4,0,0,494.96802420892936
train,3353,13,0,0,218.03669415949233
test,1157,6,0,0,291.52047930994377
train,4534,3,0,0,309.0246753901701
val,632,1,0,0,NaN
train,4842,2,0,0,269.11753937638474
train,5181,5,0,0,173.14300447895664
val,960,2,0,0,529.7102981819402
train,4656,9,0,0,131.19641763401927
train,2501,2,0,0,561.3929105359276
test,667,6,2,0,385.40663075204316
val,72,3,2,0,448.4509449204004
train,1102,4,0,0,372.7986545926623
val,282,9,0,0,316.35502208752746
train,4247,8,1,0,336.1627318915956
train,1999,8,0,0,192.8833933792494
train,2682,42,28,0,41.194774351970764
test,663,6,0,0,408.625966000289
test,485,2,0,0,680.0772014999474
train,2062,4,0,0,177.49063113471237
test,17,107,11,0,59.29797635670209
train,5283,14,2,0,69.31494681468666
test,16,17,1,0,177.5675927639951
train,4527,7,1,0,261.022029721631
train,524,2,0,0,527.3978574093755
test,390,3,0,0,578.0034601972552
train,3408,6,0,0,189.3105913571663
train,3942,16,1,0,132.1789479575187
train,4744,12,0,0,53.815973023079025
val,351,19,2,0,67.26812023536856
train,3276,7,0,0,394.8078646633068
val,705,12,0,0,241.79942273566078
test,492,1,0,0,NaN
val,854,1,0,0,NaN
test,359,28,14,0,65.36216887799606
train,5080,9,2,0,166.67408316831984
val,1080,4,0,0,355.1130296236576
train,375,3,0,0,485.93106506993354
train,2288,8,4,0,266.8107943843352
train,5313,20,0,0,125.47887855219557
test,163,7,0,0,320.44422291562694
train,1068,4,1,0,207.23003675133873
train,4249,2,0,0,623.3221478497295
train,3667,6,0,0,362.6897186761865
train,1001,11,2,0,194.1474954770213
test,444,7,1,0,58.36308764964376
train,329,4,2,0,444.88706078199226
train,2972,6,1,0,317.4940944332666
train,1370,7,0,0,300.93396285564046
train,5184,4,0,0,199.76872670313506
train,3247,16,0,0,169.40794203651012
train,1536,13,2,0,261.46988354301914
test,435,9,1,0,281.5466213613653
train,808,8,0,0,239.71251702912338
val,151,5,0,0,176.16043823742038
train,4667,15,0,0,80.15609770940699
train,4570,6,0,0,281.89420289977693
test,817,27,0,0,127.94725475757579
val,951,3,0,0,91.90348197973785
train,4649,3,0,0,409.56470795223555
train,2695,2,0,0,419.7648151048394
val,412,9,4,0,26.575364531836623
train,2173,3,0,0,400.34547580808254
train,4833,1,0,0,NaN
test,172,4,0,0,410.6138728292792
train,5258,2,0,0,948.440825776706
test,793,6,0,0,191.64876728014715
train,2124,3,1,0,378.0171953760834
train,3938,20,4,0,119.39685114403883
train,1717,3,0,0,123.69316876852982
val,1033,12,0,0,74.90161539190274
train,1036,1,0,0,NaN
train,3820,13,0,0,80.95986660068061
train,3882,5,1,0,438.2079985577625
train,888,7,1,0,227.9309105847647
test,44,10,0,0,181.25258618844586
test,1017,36,19,0,146.78112509846878
train,1419,4,0,0,185.24406534268792
train,783,6,0,0,420.42954225410944
val,112,3,0,0,469.5819949699946
train,4596,1,0,0,NaN
train,1867,4,0,0,386.8139721855662
val,853,15,1,0,180.54431588947907
val,95,6,2,0,160.79956467602764
train,1060,2,0,0,881.8737154490999
train,4147,13,5,0,95.54710879979572
train,597,1,0,0,NaN
train,3665,6,0,0,179.61764946686057
train,5322,3,0,0,558.3245024177248
test,738,4,0,0,219.0504765252591
train,1856,3,0,0,288.22430501260646
train,1752,21,0,0,58.25160941982633
train,3098,5,0,0,209.07534527055074
val,931,4,1,0,447.5148631872553
test,942,1,0,0,NaN
val,725,9,1,0,126.90941651429968
train,5039,3,0,0,356.9541287056363
train,3632,9,0,0,182.50273970546306
train,5097,9,3,0,174.3107856674394
val,715,13,0,0,142.74540272807388
train,3277,7,0,0,225.34085293173095
val,157,3,0,0,350.5253200554847
val,471,3,0,0,392.5257953307018
val,679,38,5,0,51.5565223117608
test,210,2,0,0,278.4712732042571
train,3998,10,0,0,306.66522075571925
train,4240,25,1,0,170.73151437271326
train,2520,2,0,0,755.669405229562
train,1377,5,0,0,283.3218134913018
test,815,4,0,0,357.0549279122249
train,582,14,1,0,230.82445783320213
train,3030,3,0,0,368.2078217528791
train,4411,7,1,0,477.003668748994
train,4443,3,0,0,344.3980255460243
val,436,19,7,0,84.59905436823747
train,1858,3,0,0,411.2523556163539
train,4143,17,0,0,79.90775932285925
train,1528,4,0,0,476.05451815276217
train,55,3,0,0,703.2433789236838
test,524,2,0,0,355.3624909863167
train,2310,10,6,0,170.1719718402534
train,47,2,0,0,458.1923722630048
test,1026,4,1,0,117.95428396573733
train,2221,3,1,0,417.4892214177511
test,41,4,0,0,374.0868439819425
train,3026,24,3,0,49.90091714957993
train,1719,9,1,0,78.50636916836748
test,455,14,7,0,149.26386236714137
test,402,2,0,0,1092.7975567322615
train,2123,6,1,0,347.92415400752884
test,1059,5,1,0,119.23925528113634
train,448,1,0,0,NaN
train,1248,3,0,0,297.6277036836457
test,671,19,7,0,120.23518619771835
train,3031,4,0,0,378.0983415279638
val,444,3,0,0,663.6017254347671
train,1069,2,0,0,19.60867155112758
train,2192,4,0,0,329.2301524682922
train,1507,50,9,0,55.319526389874305
train,188,7,0,0,172.40214615833528
train,4899,12,1,0,67.20305052599919
train,3920,14,2,0,118.33011461306981
train,2409,8,3,0,89.42175350550893
train,3228,13,1,0,182.00618121371593
val,697,8,0,0,146.37355330248505
train,2583,7,1,0,250.66162450602604
test,439,17,4,0,187.5446613476374
train,1639,16,3,0,113.02797131891222
train,438,2,0,0,442.1280922990531
train,4470,4,0,0,151.47115305607235
val,560,2,1,0,127.20062892926276
train,2728,21,7,0,100.82286447031744
train,5233,2,0,0,483.0934174670568
train,1353,4,0,0,304.97880016817163
val,426,3,0,0,380.1726581436387
train,4026,17,0,0,224.62691290226113
train,1933,2,0,0,1342.496275600048
test,368,50,54,0,82.44662947006128
train,3394,21,2,0,117.33712115098103
train,3162,2,0,0,389.4008217762258
train,279,5,1,0,479.4687163934682
train,140,3,0,0,396.6768205983304
train,1746,25,4,0,56.43580423808985
train,3811,2,0,0,1293.7064002315208
train,4194,4,0,0,286.2985981381081
train,4045,23,1,0,126.51580928879996
train,346,7,2,0,362.53448111869307
train,887,7,0,0,257.0393938679439
train,3375,4,0,0,591.1524604820661
test,659,13,0,0,100.51119340650573
train,757,4,0,0,343.5053519507104
train,28,1,0,0,NaN
train,227,6,0,0,295.3993794593394
train,1332,8,0,0,219.79963557001886
val,1053,7,0,0,193.427635047322
train,2651,1,0,0,NaN
train,5175,5,0,0,320.00976547599294
train,5298,12,0,0,240.04687042325713
val,710,13,0,0,216.00462958001617
train,4862,2,0,0,898.1014697683107
train,5002,1,0,0,NaN
train,2400,6,3,0,353.7566841859543
train,3002,27,12,0,99.72963451251589
train,3697,15,0,0,182.36296224836883
train,1444,24,5,0,112.31762996075015
train,1497,1,0,0,NaN
train,3464,9,0,0,274.6069918993324
train,4070,13,0,0,247.73070056010417
val,578,7,0,0,245.13516679579044
test,946,4,0,0,216.04584865473248
train,113,4,1,0,219.9851106361653
train,1679,15,2,0,115.95257651298655
val,120,2,0,0,509.9129827725511
test,677,3,0,0,569.7389753211553
train,718,5,0,0,472.74728978599126
val,1030,6,0,0,120.5
train,1125,9,0,0,285.7783231807479
val,363,21,2,0,55.084026722816844
train,1471,6,0,0,375.0832405069076
train,199,17,2,0,124.5883220851778
train,3647,10,0,0,165.52329596994485
train,4572,1,0,0,NaN
train,4922,2,0,0,258.00193797721755
train,4618,1,0,0,NaN
val,1051,13,7,0,119.54915307102765
val,717,14,0,0,199.30002508780575
train,2423,1,0,0,NaN
train,617,2,0,0,465.64202988991445
train,1538,11,0,0,287.8806176177896
train,4302,7,0,0,114.36892060345765
train,4648,4,0,0,387.1734491980129
val,54,3,0,0,489.0094579862439
train,3119,8,0,0,276.5149182232308
test,374,26,1,0,137.78493462665983
train,433,2,0,0,388.40603754318755
train,1000,6,0,0,384.3985561887557
train,5167,1,0,0,NaN
train,1718,13,3,0,51.451433410547466
train,2611,1,0,0,NaN
test,675,9,0,0,255.38451401758877
train,2292,3,1,0,398.5272889025292
test,247,4,0,0,514.8523997104469
train,5397,27,5,0,54.45410911951457
train,270,5,0,0,102.73874634236103
test,852,38,5,0,105.61264242148258
train,3133,10,0,0,194.1824702079029
test,1201,7,3,0,98.23059604827816
train,698,8,2,0,125.39004636253149
train,1587,10,4,0,275.0645465619347
train,4920,2,0,0,915.1284062906145
train,647,2,0,0,627.8544815480734
train,2738,4,1,0,474.67466557484204
test,917,17,3,0,169.53170794869024
val,408,14,10,0,179.95138232311527
train,1998,5,0,0,200.8295297011871
train,2522,7,2,0,177.76740421123327
train,2837,6,0,0,346.4928215579879
train,3865,37,8,0,66.7720001198107
train,5169,3,1,0,140.8305719650389
train,56,3,0,0,231.9854521300851
test,394,2,0,0,425.82273307093413
val,781,6,0,0,323.00348295335766
train,1857,3,0,0,248.63326406577218
train,158,3,0,0,123.3288287465668
train,1832,18,1,0,201.5088842860656
train,2291,3,1,0,94.72328119316813
train,2512,1,0,0,NaN
train,5235,4,0,0,340.834843905942
val,824,20,1,0,105.05881282573426
val,579,6,0,0,306.3013222302509
train,3524,8,0,0,252.16156222891524
val,163,2,0,0,455.5680519966254
val,490,1,0,0,NaN
train,4381,4,1,0,534.4629270868725
train,3892,6,0,0,268.2939666932548
train,3544,14,1,0,97.65500499206377
val,949,4,0,0,500.4415890510744
train,315,7,1,0,265.92715167880095
train,982,8,0,0,293.8292644838808
train,2542,2,0,0,543.2221000658939
train,1636,9,0,0,252.1135656802307
train,3605,36,0,0,102.56935296643493
test,525,1,0,0,NaN
train,1573,23,13,0,71.22148552227762
train,4832,1,0,0,NaN
test,138,5,0,0,405.5517846095613
test,28,1,0,0,NaN
val,588,7,6,0,286.10006990561885
train,3301,11,0,0,277.2927153749265
train,401,3,0,0,484.4068537913146
test,958,21,1,0,166.64708218267728
val,985,4,0,0,63.84094595830325
train,1978,6,0,0,181.17379553609865
train,4117,9,0,0,126.49110640673517
test,684,15,4,0,80.2200099725748
train,1495,16,7,0,192.44599071543604
val,227,3,0,0,300.57694522368143
train,2259,1,0,0,NaN
val,22,2,0,0,326.36252848634444
test,1107,7,0,0,244.22581763605584
train,1660,16,2,0,80.97604514575963
train,761,6,0,0,272.32379624263467
train,4154,4,0,0,293.25053759630197
train,5209,1,0,0,NaN
train,2350,5,3,0,30.041637771599603
val,1061,4,0,0,130.65957332145737
train,494,14,0,0,195.13328778042973
train,774,4,0,0,514.6536984868192
train,4503,3,0,0,602.0068521204721
train,472,33,8,0,142.0563268566381
train,3104,19,0,0,203.3420763147657
val,459,5,2,0,319.86755071435425
train,4931,3,0,0,641.3930152410455
train,1314,1,0,0,NaN
train,3548,4,0,0,369.25486269220664
val,56,6,0,0,399.02506186955225
train,1720,9,3,0,61.50203248673982
val,570,6,0,0,229.6004531771838
train,1643,31,20,0,51.62363799656123
train,62,13,1,0,297.6071235706565
test,246,4,0,0,532.5747539870742
train,1608,28,8,0,121.417803819407
train,3744,10,0,0,162.70371845781523
test,862,30,1,0,116.15983178072923
train,328,9,0,0,240.0005208327682
train,1556,3,0,0,436.08284763333677
train,3845,3,0,0,500.4610374444748
train,1517,2,1,0,95.90099061010788
test,49,7,0,0,373.01239925771904
test,790,7,0,0,92.08284313595014
train,775,5,0,0,345.20863256876993
train,2264,3,0,0,131.3097483052953
train,4598,2,0,0,403.9009779636588
train,972,13,1,0,163.67040050051813
train,361,6,1,0,397.109871446178
val,124,4,0,0,164.51398130199723
train,3936,12,0,0,165.20366218701085
train,3397,13,0,0,162.9915641988873
val,983,2,0,0,154.32514377119497
train,547,4,0,0,617.8293286768514
val,815,10,0,0,418.9017616357479
train,1426,10,0,0,128.18821589415117
train,450,3,0,0,501.20080806000306
train,4326,11,0,0,82.46969140235703
val,742,13,1,0,140.43592845137601
train,4149,26,8,0,89.13059060858238
val,1054,6,1,0,96.1137874569862
train,4725,4,0,0,399.5364799122861
train,1986,4,0,0,480.25004978790935
train,3684,5,0,0,371.8736344512743
test,40,2,0,0,791.0507253014815
val,135,5,0,0,517.8892256071756
train,3134,9,0,0,228.10359488618323
test,186,3,0,0,192.84449693989197
train,4432,6,1,0,205.3807439854087
test,433,4,2,0,437.4010620233732
train,3304,13,0,0,111.39569111954016
train,1061,3,0,0,471.4875396020557
test,96,3,0,0,494.80627522294014
val,177,33,0,0,149.27156460625713
train,4988,13,0,0,149.83324063771698
test,1152,4,1,0,207.02859481026252
train,3501,20,0,0,181.85472471985406
train,2525,1,0,0,NaN
train,4574,1,0,0,NaN
train,169,6,2,0,270.07220885773677
test,1182,23,8,0,107.79726341609977
val,1011,6,1,0,71.9461604256961
val,312,1,0,0,NaN
val,9,2,0,0,539.2107658420778
train,1043,5,1,0,168.54227956213242
train,213,2,0,0,693.8461645062254
train,959,35,9,0,155.46141000261125
train,4917,6,2,0,53.89341332667657
train,4105,4,0,0,94.9808981922692
test,128,8,0,0,243.11494183702115
train,3435,4,0,0,578.6665924281032
val,1085,16,4,0,80.21250675163441
train,365,27,6,0,102.41581909060729
train,5294,4,0,0,233.9652786176873
test,719,13,0,0,291.24259647242536
train,4926,2,0,0,741.1607450479282
train,5170,4,0,0,264.1440202203207
val,804,11,0,0,145.67086187704115
train,4343,3,0,0,409.35314827175813
train,2328,6,1,0,121.07848694132248
test,418,10,1,0,184.28307030218485
train,5082,8,1,0,210.44659985244
test,1020,6,0,0,60.86143761897505
train,3716,5,0,0,352.570914852601
train,4517,11,2,0,34.590461112855955
test,421,2,0,0,1012.0948572144806
train,5087,10,4,0,119.19438583052244
val,764,48,2,0,93.26140222753358
test,561,1,0,0,NaN
train,2597,1,0,0,NaN
train,4567,4,0,0,356.4014775505345
val,947,1,0,0,NaN
test,314,10,0,0,230.16644057072384
test,15,7,0,0,211.81123671797963
train,794,7,1,0,165.08179790637126
train,2627,2,0,0,271.2793762894629
train,4269,31,4,0,119.05145946186464
train,3957,12,0,0,198.4823669750036
train,2653,31,7,0,45.967379738244816
train,127,4,0,0,464.41526660866657
train,235,5,0,0,185.60711193270586
val,1014,4,0,0,489.7583622663027
train,2594,2,0,0,349.843536455942
test,772,6,0,0,250.63918289046507
train,4440,4,0,0,211.26854101656784
train,174,1,0,0,NaN
test,889,20,0,0,91.05496044998756
train,4427,10,1,0,164.85296478983932
train,3698,17,1,0,163.49464823045432
train,978,14,1,0,185.08173869941896
train,3696,12,1,0,183.26278856371985
train,4916,13,3,0,62.64982043070834
train,3759,37,2,0,107.19724809900671
train,872,14,0,0,105.19645392005395
train,3229,16,1,0,58.19344397323674
train,4829,3,0,0,122.72428447540446
test,1131,12,0,0,90.86390922693124
train,1977,6,1,0,62.63831580847584
train,5018,2,0,0,291.93192699668873
train,4204,23,7,0,70.57797106746553
val,230,28,0,0,86.82165628459296
train,1782,1,0,0,NaN
train,3069,15,1,0,99.03660939268872
train,2736,5,2,0,485.52883539497424
train,4358,10,1,0,276.51808259135606
train,3731,3,0,0,316.50039494446133
train,4803,5,0,0,97.57561170702442
test,178,7,1,0,248.68152323805643
train,3001,45,22,0,112.10374659216346
val,26,1,0,0,NaN
train,2573,6,2,0,37.83376598672194
val,609,7,4,0,118.88755191356242
val,641,13,1,0,68.98731767506257
train,1269,12,0,0,172.92289517224745
train,3784,9,0,0,303.7268509697488
train,4447,31,5,0,72.18032973047436
train,1037,3,3,0,26.196373794859472
test,726,5,0,0,276.37700700311524
train,3382,35,15,0,48.00260409602796
train,330,6,1,0,392.2642604163678
val,182,4,0,0,365.8921613718593
val,730,14,2,0,85.43435800781711
test,265,4,0,0,333.7222588961959
train,1682,11,1,0,80.31967380411851
train,2942,15,1,0,172.41809649801846
train,2946,7,4,0,187.22446421341417
train,3473,5,0,0,175.55127456102392
train,701,5,0,0,611.0861232265056
test,510,2,1,0,256.9693561497168
train,4792,3,0,0,85.87345340674264
val,849,11,1,0,250.56186860733618
train,1541,6,0,0,218.45193979454612
train,4936,11,0,0,229.65735346380703
train,5331,12,4,0,150.73984211216356
train,2660,15,4,0,67.09135562797938
train,886,6,0,0,331.06283028921825
train,908,37,3,0,72.3671196055225
train,4953,7,1,0,42.101068870041765
train,3279,7,0,0,224.13221544436666
train,2311,12,0,0,162.03436025513645
train,3535,4,0,0,495.37176193919805
train,1421,6,0,0,242.30198100717212
train,2144,4,0,0,480.63256872416474
train,4948,8,1,0,41.677331968349414
train,892,8,2,0,157.87577390255507
train,4867,10,1,0,73.96113844445608
train,2007,1,0,0,NaN
train,3954,18,4,0,141.12499006034102
train,2319,3,0,0,171.96293205223037
train,5058,1,0,0,NaN
val,843,24,2,0,152.68677087423129
train,187,6,0,0,326.5045941483825
train,3959,6,0,0,111.40017953306898
train,4943,7,0,0,161.75598906995685
train,434,2,0,0,784.3801693056754
test,527,4,0,0,102.11586090991432
test,2,2,0,0,435.29530206516125
val,1028,2,0,0,658.8083939963121
train,923,19,4,0,114.35580440012654
train,1371,8,0,0,290.02633083288777
val,298,2,0,0,699.0851164200251
train,3427,5,0,0,225.14051168103887
train,4711,1,0,0,NaN
train,1575,24,11,0,61.204574992397426
train,5107,20,7,0,52.59515186782903
val,562,2,0,0,807.421203585836
test,35,4,0,0,255.4646115147854
val,141,166,18,0,46.24931926517099
val,833,19,1,0,135.74424481354635
val,916,4,0,0,490.20462037950153
train,1210,5,0,0,424.1842170566934
val,328,27,18,0,74.3185710303959
train,4764,8,4,0,124.2954419095364
train,5340,20,6,0,48.85901610436642
train,3510,9,0,0,264.25177388240934
train,526,3,0,0,467.56416671939263
train,4482,1,0,0,NaN
test,1099,9,2,0,98.65596788841515
train,3711,8,0,0,248.6438934515832
train,1845,10,7,0,73.4098787107067
test,1109,5,0,0,181.05316898635053
train,2418,2,1,0,57.118298293979315
train,1638,24,8,0,55.64578808896368
train,243,3,0,0,426.2563782513993
train,15,1,0,0,NaN
train,166,3,0,0,588.8229784918384
train,1439,3,0,0,506.0247029543123
train,4714,3,0,0,390.04006204491355
test,849,13,0,0,164.5189958636996
val,593,5,4,0,442.62060503324966
train,4421,52,6,0,68.74828213258368
train,5229,2,0,0,272.1810059500846
val,842,14,0,0,198.0252609979379
train,648,1,0,0,NaN
train,2857,11,6,0,202.1744296393587
val,343,29,15,0,58.008620049092706
train,1052,4,0,0,264.147037731405
train,5121,20,17,0,65.5531026174908
test,614,14,2,0,220.50226756203665
train,1364,12,0,0,181.46594411352166
train,1687,9,0,0,198.50062972192305
train,4942,7,1,0,275.71044593921357
train,996,13,5,0,102.59142264341595
train,1581,8,1,0,50.08478035195226
train,1690,9,0,0,72.0
train,2789,5,2,0,581.1802646339602
train,874,16,0,0,168.12476513651768
train,3488,12,1,0,123.35720489699821
train,2765,11,7,0,189.6740625388722
test,993,14,6,0,178.80995498014084
train,2681,13,1,0,52.61178575186362
train,3216,51,21,0,44.070965498840614
test,681,30,3,0,175.2072759932501
train,2261,5,0,0,412.8913295287272
train,4735,5,0,0,225.12940723059705
val,311,1,0,0,NaN
train,2121,1,0,0,NaN
test,1040,1,0,0,NaN
train,57,3,0,0,359.7308021284805
train,953,11,1,0,216.9850225245973
train,3646,6,0,0,187.31057097772137
val,437,4,0,0,514.9040419819095
test,211,2,0,0,673.9261829013619
train,2005,4,0,0,629.1699794643131
train,275,10,1,0,107.91741291105407
train,3425,5,0,0,256.0488234692751
train,4176,9,0,0,243.6975584613026
test,474,6,2,0,76.37237628166216
train,3332,9,0,0,256.8603706296477
train,3477,6,0,0,350.88744634141585
train,93,56,2,0,98.32853095617772
val,785,3,0,0,320.10818483756395
train,3898,3,1,0,111.07317407907276
train,1283,9,0,0,269.50046382149327
train,716,3,0,0,683.4917702503813
val,383,9,3,0,88.69751969474682
test,760,33,5,0,54.46558546458488
train,4051,57,2,0,79.85298992523698
train,4616,4,0,0,344.54680738389663
val,880,13,0,0,221.3735530726288
test,234,19,4,0,145.69231276906822
test,701,23,1,0,77.68043511721596
val,657,11,3,0,164.46884203398528
train,2042,54,35,0,57.019733426244635
test,202,43,0,0,80.9830229122129
train,2257,10,7,0,187.40289879407771
train,1954,7,1,0,284.73364746724263
train,319,2,0,0,1067.1041420592462
train,2077,5,1,0,184.5602882529175
train,1669,5,1,0,207.39877048815887
val,654,15,0,0,243.70320063552714
train,2595,3,1,0,162.65069935293855
train,3641,10,1,0,153.59345286389862
test,1079,2,0,0,770.6893018590565
train,1360,7,0,0,220.62751414998084
val,255,11,0,0,200.26107959361448
test,398,23,0,0,42.005951959216446
train,2317,2,0,0,511.56329031704377
val,644,12,0,0,179.61069010501575
test,586,7,0,0,89.2216341477783
test,955,11,0,0,230.23954916564617
test,748,10,0,0,162.8814926450887
train,1152,119,10,0,57.11610981150589
train,2429,3,1,0,440.883204488445
train,4360,8,0,0,242.46565901034313
val,357,11,1,0,68.96375859826666
val,485,3,0,0,131.24023773218335
test,504,4,1,0,295.00647016972823
train,1685,7,0,0,191.787642980459
train,3864,42,8,0,59.11429607125505
train,4216,8,0,0,345.66638540650723
train,5005,5,0,0,149.6036430037718
train,630,12,3,0,129.87852249608852
train,3199,3,0,0,368.87972294502714
train,1926,17,8,0,190.93716243832682
train,2208,5,1,0,302.32515608199066
train,2546,2,0,0,989.4823141420973
train,4888,43,8,0,37.51333096380539
val,121,1,0,0,NaN
train,1301,59,9,0,103.59174677550331
train,1472,6,0,0,538.2378656319156
train,2340,3,0,0,655.8362981720362
train,594,2,0,0,495.39933387117105
train,1013,2,0,0,78.0544681616626
train,4573,2,0,0,425.8286040180955
train,1111,7,0,0,427.72917833601207
test,266,3,0,0,365.79946692142676
val,977,8,1,0,47.522796167619404
train,720,8,2,0,182.3074105833037
test,89,23,1,0,139.09798704510428
train,4828,1,0,0,NaN
train,4765,1,0,0,NaN
test,412,11,0,0,239.70867735649455
val,31,6,0,0,455.5263439143778
val,242,32,9,0,143.45918616515144
test,826,7,0,0,284.3422233858348
train,5041,2,0,0,1054.1262969872253
train,1502,3,0,0,206.15588761905394
test,568,2,0,0,269.04646438858845
train,3802,28,2,0,162.00400400744883
train,2348,2,0,0,790.6619062532354
val,462,3,0,0,552.134494484813
train,3674,6,0,0,289.97276152799793
test,400,3,0,0,374.15638441699747
train,3298,11,0,0,203.64798059396514
train,2021,13,7,0,131.0467473842827
train,345,9,1,0,246.15543869677143
val,757,24,0,0,174.99199333804393
val,136,10,0,0,272.51555883831907
train,1397,14,0,0,168.00967234061258
val,826,26,5,0,84.96028483944718
train,1482,12,0,0,298.66568168345253
train,3239,7,0,0,123.62544236523483
train,1790,20,16,0,211.28640490735845
train,5386,8,6,0,261.4935829909397
train,4241,14,1,0,185.7612243008633
train,3627,18,2,0,62.72954352624499
train,3658,6,0,0,368.11138734380023
train,418,1,0,0,NaN
train,147,1,0,0,NaN
train,2941,16,0,0,253.35834618196094
test,1166,4,1,0,128.9532122614067
train,4217,3,0,0,553.017178756682
train,384,2,0,0,946.0708218732888
train,3554,28,0,0,116.76506702855984
val,844,18,1,0,140.20074892809953
train,4793,1,0,0,NaN
train,2113,10,1,0,255.17151094900856
train,3423,3,0,0,311.66969695496545
train,1289,4,0,0,512.3628039842245
train,4520,4,0,0,119.9285289576543
train,3452,5,0,0,340.56203546490616
train,1294,54,1,0,71.89054179793055
val,107,4,0,0,432.0940006092589
train,4855,2,0,0,485.84076609523004
train,2001,17,3,0,116.19918244118588
test,902,8,0,0,347.09288441435444
train,1854,2,0,0,744.2838840120079
train,905,3,0,0,416.84679439813374
train,4230,4,1,0,360.5958675046677
val,269,12,0,0,359.0026421277664
train,349,1,0,0,NaN
train,2735,62,14,0,91.26714897957731
val,327,27,16,0,70.5141829705202
val,321,3,0,0,497.71728923154757
val,382,5,1,0,85.37124808739767
test,896,12,1,0,120.21009229749272
train,2183,8,4,0,242.04390097666166
train,4409,27,9,0,62.01814250685037
train,988,7,1,0,281.5359657308458
train,3019,3,0,0,166.14526776288272
train,1760,29,1,0,59.35065290289568
train,2406,2,0,0,1056.7793052477891
test,98,1,0,0,NaN
train,3168,5,0,0,226.32830136772554
train,5199,4,0,0,310.80657512420623
val,296,2,0,0,61.29437168288782
train,2267,2,0,0,762.0336278669072
val,934,6,0,0,325.024645538527
train,1706,6,0,0,193.0218439743866
train,1904,5,0,0,216.02893324737778
train,3989,15,2,0,229.5822292774421
val,623,17,1,0,172.514492144863
test,86,2,1,0,529.2830055839693
train,3651,10,1,0,225.79636843846714
train,5262,3,1,0,173.5201717380432
train,863,66,8,0,82.34227346873537
train,753,1,0,0,NaN
train,202,4,0,0,552.5826565114959
val,616,8,1,0,219.1311615477794
train,762,12,1,0,218.5902306629917
train,622,3,0,0,346.0726079885549
train,2440,1,0,0,NaN
train,1350,3,1,0,81.34648117773749
train,5144,8,0,0,237.72094985507692
train,1354,8,0,0,232.51344047172842
train,3053,16,0,0,74.34699526450814
train,1307,16,1,0,155.5518286369084
train,1515,3,0,0,738.903579636748
train,1373,10,1,0,195.96045519440906
train,4518,2,0,0,512.5704829581977
val,467,5,1,0,186.92913095609256
test,338,6,0,0,264.9510404093306
train,651,1,0,0,NaN
test,467,2,0,0,607.5041152123991
test,1142,2,0,0,440.7385846508109
train,3585,11,0,0,202.15835377248203
train,2408,5,0,0,91.56691542254768
train,3808,2,0,0,899.5254304354047
train,1704,8,3,0,73.38612865208391
train,824,2,1,0,93.03897032964197
train,3720,4,0,0,295.1791017170856
train,4790,1,0,0,NaN
train,4318,6,0,0,426.75742853055334
train,2262,5,1,0,183.7477891023454
train,331,13,2,0,71.70251041630272
train,531,5,0,0,603.5780811129575
train,3212,3,0,0,439.12469755184577
train,4992,17,0,0,67.19002902216965
val,913,6,6,0,116.80643183318944
test,352,33,12,0,58.872744118140105
test,270,51,38,0,105.97287388761333
train,2823,25,15,0,161.47523029864362
train,1578,25,15,0,65.40833280248015
val,262,4,0,0,182.1646977444396
train,1494,9,0,0,293.0844588169083
val,6,1,0,0,NaN
train,730,4,0,0,431.43497355719796
train,3246,5,0,0,268.6861552071487
train,4934,6,0,0,68.50729888121411
train,3539,9,0,0,277.56170485137176
test,956,1,0,0,NaN
train,5077,6,0,0,109.09285036151545
test,823,9,1,0,184.85467264854302
train,3602,15,0,0,116.8096742568868
train,4636,11,1,0,37.05401462729781
train,5219,3,0,0,646.7209599201188
train,387,3,0,0,561.8213684081445
train,3642,6,0,0,271.83847693625677
train,586,4,0,0,344.15087452454145
train,4540,1,0,0,NaN
train,4116,7,0,0,182.03914414213224
train,1249,1,0,0,NaN
test,883,6,0,0,442.0488631044467
train,1543,6,2,0,262.4657120463547
train,3636,10,0,0,199.72105547487976
test,321,7,0,0,326.02530576628556
train,4823,2,0,0,567.4533020434369
train,816,1,0,0,NaN
val,117,9,1,0,193.41988005373182
train,695,82,4,0,60.57830376225091
test,1011,15,3,0,65.19202405202648
train,97,31,1,0,98.04335775563789
train,2421,2,1,0,37.84507894033252
test,1047,2,0,0,606.7672535659781
train,4021,23,1,0,163.56191488240776
test,205,6,0,0,308.3261260418909
train,1459,17,1,0,128.69440547280988
val,906,3,1,0,536.4405838487614
train,1131,9,0,0,363.32698771217093
train,1058,2,0,0,808.53586809739
train,3639,8,0,0,230.9036595638969
train,2250,5,0,0,369.48883609657275
test,343,2,0,0,507.7716021992565
train,3507,10,0,0,161.6547441864957
train,1625,14,1,0,220.43423055414965
train,616,3,0,0,370.7323832631835
train,4760,2,0,0,185.14993923844534
train,3167,2,0,0,262.65233674955186
train,4501,2,0,0,482.90501136351855
train,1259,8,0,0,99.1566637677883
train,4485,1,0,0,NaN
test,438,6,0,0,513.9309292113095
train,4166,2,0,0,91.00137361600648
val,253,10,0,0,62.40392615853589
val,505,3,0,0,174.59667808981933
train,1852,2,0,0,913.8540638417055
train,2804,14,11,0,133.13526955694348
train,879,23,3,0,141.07179023461777
val,248,2,0,0,335.035818980598
val,33,11,2,0,177.2484132510077
test,515,5,0,0,376.295429151086
train,4756,4,0,0,107.07653816991662
test,537,2,0,0,311.50361153604626
train,229,14,2,0,137.24319558778575
val,995,2,0,0,765.8805389876413
train,4703,9,3,0,94.51058141816713
train,2455,3,0,0,594.7177902165026
test,194,51,1,0,86.81157756889343
train,3852,5,0,0,250.30231720861076
test,700,21,1,0,73.14711204141965
val,793,30,0,0,124.79783651970895
train,3241,3,0,0,350.03214138133086
train,3764,24,0,0,156.77133028714147
train,637,4,0,0,397.55255451829123
train,5281,11,2,0,130.7143832942649
test,425,4,0,0,355.1301607771184
test,715,13,0,0,251.77023255341368
train,337,4,0,0,586.7507895767757
train,3369,6,0,0,363.5055020216338
train,5126,6,3,0,67.97977640445723
train,1095,2,1,0,29.34706118165838
train,2210,4,0,0,188.20248510924716
train,4907,12,5,0,57.74627948688382
train,1139,3,0,0,736.3945953087923
train,1791,13,3,0,312.7818728762906
train,5135,3,0,0,483.9225144586683
train,2998,8,1,0,121.69596309070741
train,4100,16,1,0,68.71862920635131
train,3350,5,0,0,479.9137943422756
train,4972,4,0,0,195.40231730104213
val,1050,7,0,0,274.75807540452746
val,517,2,0,0,489.66442590819275
train,334,2,0,0,744.0868564892139
train,4911,23,10,0,59.34854673873658
test,589,6,0,0,406.1356171334236
train,4311,7,0,0,185.47573965346518
test,506,3,0,0,104.91186777481373
train,1756,13,0,0,60.502066080424065
train,1267,5,0,0,450.5846202435232
train,139,2,0,0,548.5822636578765
train,1597,12,1,0,288.2475751845677
test,175,7,0,0,309.40467029442203
train,1901,3,0,0,525.5473337388365
val,493,4,1,0,364.06305012871616
train,3145,13,0,0,259.01447835980133
train,3862,20,0,0,89.91543459316456
train,104,4,1,0,164.76401730603916
train,4585,3,0,0,256.5345980564805
train,4542,3,0,0,56.870466852312724
val,691,5,0,0,556.0182101334452
train,4096,7,0,0,410.46437117002006
test,324,7,0,0,347.4399228643709
train,280,3,0,0,592.9270612815711
train,2598,1,0,0,NaN
train,5349,21,3,0,74.35892683464441
val,987,6,0,0,280.7206233972366
train,3956,12,0,0,266.96857057196496
train,2671,12,2,0,106.00347208827337
train,2532,1,0,0,NaN
train,1607,11,2,0,288.5004332752379
train,4747,5,1,0,334.647575816709
train,1550,5,1,0,240.57950868683724
train,5372,1,0,0,NaN
train,661,6,0,0,326.0751447136074
test,228,14,3,0,141.60496222034953
train,1928,13,2,0,295.4610803473107
train,4608,3,0,0,423.7198366845716
val,581,36,18,0,141.1253858421144
test,900,31,1,0,100.5099497562306
train,1352,23,0,0,101.47167092346514
train,4586,1,0,0,NaN
test,21,11,3,0,355.98103882089003
train,3872,20,0,0,130.8147545195113
train,2285,4,1,0,80.9319062249904
train,73,43,35,0,117.53829163298231
train,1197,3,0,0,97.40764857032532
train,4162,4,2,0,214.6172533149521
train,3252,5,0,0,323.0990560184291
train,968,14,0,0,265.228203628498
val,457,2,0,0,417.87617783262067
train,2894,5,0,0,367.7516145443824
train,3419,11,0,0,234.62416755313166
train,3648,5,0,0,260.4649688537789
val,406,27,10,0,100.90837428082963
train,5099,11,2,0,142.58769231599197
train,3083,4,0,0,226.49092941989372
train,1527,9,0,0,264.4432831440421
test,1042,2,0,0,615.997564930252
train,5161,2,0,0,375.13330963805384
train,577,18,0,0,204.38994593668252
val,1101,2,0,0,349.7059479048076
train,723,16,1,0,185.13846169826516
val,238,4,0,0,344.8023837098682
train,1588,12,1,0,208.35993335381704
test,401,2,0,0,771.1860994597866
train,1683,9,2,0,46.5537323960174
val,14,2,0,0,780.574147663116
test,242,2,0,0,685.5435799422237
train,5370,1,0,0,NaN
test,708,9,0,0,133.03101142214925
train,1163,31,4,0,102.01102881551583
train,1997,8,0,0,192.03775670424812
train,5106,7,0,0,97.0012886512339
train,4398,5,0,0,262.88067635336
train,2944,14,4,0,175.4892787945662
train,4824,2,1,0,237.70675211276603
train,2388,1,0,0,NaN
train,2640,1,0,0,NaN
train,406,3,0,0,561.8300454763878
train,1386,7,0,0,281.44271175498574
train,392,8,3,0,376.87809896492456
train,4338,14,0,0,228.67061464035996
train,4809,1,0,0,NaN
test,703,19,2,0,68.78408246098802
train,2502,2,0,0,719.2963575606371
train,2332,1,0,0,NaN
val,698,13,0,0,232.60105330801923
train,4775,6,0,0,68.09001395212076
test,1032,2,0,0,692.275234281857
val,324,19,10,0,79.69473006416422
train,1168,10,0,0,163.05903838794094
train,3940,9,0,0,146.18481453283715
train,3000,15,5,0,202.0501175451279
test,125,3,0,0,94.52116165176982
train,2352,2,0,0,303.349633261687
train,3513,5,0,0,226.6302054007806
train,3904,5,0,0,404.1763229087028
train,3643,10,0,0,254.77882565079855
val,729,16,0,0,118.8210134284259
train,838,35,6,0,93.47726996441435
test,620,3,1,0,550.5583529472602
train,1485,6,0,0,274.58923868207216
val,97,4,1,0,327.2396915149053
test,756,2,0,0,1001.8464203659162
val,384,33,20,0,54.45181356024793
test,437,25,3,1,152.24076326661003
train,939,5,0,0,386.3379349740328
train,1346,13,1,0,237.4010320112362
test,461,8,1,0,93.98537120211847
train,2577,3,0,0,263.65365538903495
train,1908,1,0,0,NaN
val,608,8,1,0,263.06510600990015
train,3196,4,0,0,385.104245238818
train,3694,15,1,0,174.6403447087757
train,3877,12,3,0,145.05412419955383
train,4056,13,5,0,145.46563167978888
train,394,83,39,0,89.55026521457097
train,1649,27,7,0,62.00201609625287
train,4395,6,0,0,275.6955977495235
train,4345,14,1,0,124.19876073697665
train,2884,10,2,0,234.55697039484835
train,84,19,0,0,248.21210687635687
train,4956,1,0,0,NaN
test,1174,5,0,0,430.02470859242493
val,950,3,0,0,533.5583379537799
train,4479,9,0,0,280.4460732476032
train,1523,5,0,0,349.7802881810237
train,443,1,0,0,NaN
train,178,2,0,0,482.0396767901995
train,2168,1,0,0,NaN
train,2271,3,1,0,129.92786460186284
train,2956,64,8,0,80.15609770940699
train,5118,12,9,0,148.84975646604195
train,3461,33,1,0,120.03749414245534
train,3390,15,0,0,112.92475370794483
test,61,4,0,0,171.22459293390799
train,1773,1,0,0,NaN
test,661,3,0,0,480.5039021693789
val,303,4,0,0,346.2569575974696
train,3335,11,0,0,192.8172710106644
train,4838,4,0,0,508.0947108724121
train,2182,3,0,0,551.4764274200667
val,502,25,13,0,107.54068997360952
train,544,4,0,0,397.09087802607644
train,4998,3,0,0,66.9664094901317
val,695,4,0,0,218.54365854371588
train,1808,4,0,0,579.0949075268637
val,246,5,0,0,354.43264522332026
train,485,18,8,0,197.18317667490476
train,2032,4,1,0,214.65542882676073
train,3258,11,0,0,244.41818672103759
train,554,5,0,0,368.517299458248
train,4122,12,2,0,59.57558224642039
train,1327,5,0,0,394.9645553717447
val,1097,2,0,0,553.9424609108784
train,2487,2,0,0,818.7337784652591
train,4545,6,1,0,112.7423744317955
test,991,7,1,0,243.14861710484803
train,1726,5,1,0,123.39469194418372
train,1186,2,0,0,789.3063410362291
val,78,78,39,0,72.40748365133389
val,287,10,1,0,238.642515072231
train,3310,6,0,0,213.10150163713067
train,3552,20,0,0,165.90283146793368
train,5244,1,0,0,NaN
train,3071,4,0,0,343.32563818040404
train,1127,6,0,0,391.5114940841456
train,2851,7,2,0,387.65609759166693
train,2854,4,1,0,317.50936088846623
val,286,10,0,0,317.352711981364
train,4887,18,5,0,49.546943617
train,2444,2,0,0,478.784398242048
train,2967,35,7,0,53.25645500782041
test,1009,13,5,0,109.41891975339549
train,1574,18,5,0,76.83703204265281
test,53,10,0,0,202.98398951641482
train,45,2,0,0,520.2492191248344
test,488,7,1,0,104.52870419171951
train,810,4,0,0,501.06279970408923
train,4065,63,10,0,62.6039136156838
train,650,1,0,0,NaN
train,856,5,0,0,362.3679069674907
test,1191,5,0,0,316.7309583858199
train,662,13,0,0,225.85836269662454
train,1393,10,0,0,336.93656673029716
train,3860,21,3,0,72.84572739701348
train,4090,1,0,0,NaN
val,236,5,0,0,403.0524159461149
train,5056,1,0,0,NaN
val,188,24,1,0,121.5136478445016
train,2403,3,0,0,643.2561698110637
train,801,2,0,0,608.4015943437361
train,3732,3,0,0,650.1793983201867
train,3837,8,1,0,256.4525181791726
train,1566,23,6,0,65.62011886609167
train,5236,3,0,0,550.242900908317
train,3773,19,1,0,90.68627239003708
train,1336,14,0,0,215.50452084447846
train,3087,6,0,0,224.07801268913636
test,389,7,0,0,185.77943912069495
train,5348,2,0,0,575.0723867479641
train,4034,12,0,0,175.00533136088202
test,750,19,0,0,128.6953767623375
test,181,3,0,0,709.0883231304828
train,1274,9,1,0,277.74898739689405
train,4292,13,3,0,62.69968101992226
train,4519,8,1,0,119.95092933152353
train,3962,5,0,0,133.67310873919257
train,1257,10,0,0,188.18142841417693
val,786,19,0,0,135.2368293032634
train,3043,4,0,0,280.0823395365595
train,1167,17,1,0,195.88580857223934
test,623,11,3,0,192.60970899723617
test,736,10,0,0,224.34181509473441
train,3110,13,0,0,266.36910481510427
train,2586,5,2,0,217.846276075585
train,4085,26,7,0,105.7319724586655
val,523,3,0,0,66.09841147864296
test,436,6,2,0,284.50175746381603
train,4213,8,0,0,288.3215776455569
train,3610,30,0,0,126.05752655038096
train,2321,5,1,0,263.86549603917524
val,702,7,0,0,391.6535458795184
val,881,16,2,0,197.92640178999562
train,3171,6,0,0,273.35416587277393
train,385,2,1,0,544.5181356024792
train,1192,6,0,0,379.38934727993444
train,1396,9,0,0,395.9561213063892
val,991,7,0,0,111.5403514428747
test,113,55,13,0,96.4118768617228
train,1151,172,17,0,53.528030040344284
train,4295,10,1,0,107.74659259543886
train,4846,1,0,0,NaN
train,430,4,0,0,354.49693733497327
val,807,3,0,0,399.7589898926602
train,4738,16,0,0,52.945726928620026
val,984,4,1,0,186.334950110089
train,409,1,0,0,NaN
train,3077,5,1,0,249.20072231034965
train,2381,4,1,0,265.18790219247586
train,4253,2,0,0,555.1923090245397
train,2394,3,1,0,634.7145027490707
train,415,3,1,0,129.52412902621657
train,1976,8,1,0,35.36240942017385
val,1062,6,0,0,243.93134279956726
train,5015,2,0,0,573.3149221850065
val,464,4,0,0,426.99054552638836
val,933,14,2,0,117.57934038026677
train,3323,12,0,0,149.38038693215384
train,885,5,0,0,400.0890525870459
test,191,1,0,0,NaN
val,701,8,0,0,297.4846707570002
val,708,12,0,0,218.52378911293778
train,4767,6,1,0,171.81405238766584
val,733,4,0,0,228.0130016888599
train,374,3,1,0,346.01300553591915
train,3560,13,0,0,214.11445537375565
train,1652,44,29,0,52.79441258315126
test,1014,9,0,0,264.55245226608656
train,2655,20,0,0,117.45454829077158
val,750,15,0,0,159.38004893963358
test,870,13,0,0,140.8128190187243
train,2135,5,0,0,442.2199678892847
test,262,11,1,0,247.18262479389605
test,283,2,0,0,69.04527500126275
train,1708,4,1,0,188.6352190583878
test,583,3,0,0,124.10076550932311
train,4316,8,5,0,238.36023480818545
train,4581,3,0,0,254.76116266024536
val,515,1,0,0,NaN
test,1125,8,0,0,53.26894354286546
train,3437,5,0,0,260.2325882744127
train,1871,3,1,0,202.4252948620799
train,2206,1,0,0,NaN
val,865,3,0,0,416.473288459176
train,2533,1,0,0,NaN
train,2242,4,1,0,262.71220055635973
train,2584,7,1,0,318.34729463276426
train,4193,8,0,0,261.12343338641136
train,2081,9,2,0,65.76473218982953
val,104,17,5,0,170.3268915937821
train,388,7,2,0,141.81061314302255
train,696,92,14,0,49.884311346896155
val,241,10,0,0,325.11690205216956
train,1820,1,0,0,NaN
val,415,5,0,0,275.8482372609983
train,1093,5,0,0,214.9843017524768
train,2492,1,0,0,NaN
train,5376,3,0,0,320.5191101946965
val,1059,5,0,0,202.58886938822675
val,563,5,0,0,226.42990085233885
train,3986,24,3,0,144.73712456067628
train,3160,9,0,0,310.32442701147454
test,271,25,0,0,162.11492836873475
train,3362,6,0,0,372.5214758909881
train,1619,14,2,0,215.1278689523977
test,408,26,18,0,198.18569517722696
train,129,11,1,0,234.39389923801343
train,1097,7,0,0,92.76987657639737
train,172,1,0,0,NaN
train,722,23,0,0,98.0624800828533
test,460,4,3,0,387.80630552682555
train,4408,24,13,0,52.5661608936185
train,1406,14,0,0,274.2200282508598
val,134,1,0,0,NaN
val,80,3,0,0,618.9935379307283
train,3075,9,0,0,278.7561658510893
train,3125,11,0,0,304.22072578968056
train,1185,11,0,0,217.13187237252848
train,4539,2,0,0,128.42312875802395
train,2314,4,0,0,290.8341679333841
train,4529,5,1,0,347.31145964393403
val,423,3,0,0,493.8851080970148
train,1929,15,7,0,176.50283283845616
train,4392,4,0,0,201.83809148716946
train,5115,15,9,0,73.00684899377592
train,3302,12,0,0,245.2982878048683
train,3112,7,0,0,261.3235542388018
train,4242,10,1,0,206.07238754911396
train,2008,1,0,0,NaN
train,2019,1,0,0,NaN
train,5359,1,0,0,NaN
train,3094,13,2,0,159.437291748198
test,466,2,0,0,431.3513648987331
train,2840,12,2,0,148.16544806398016
test,1156,2,0,0,96.00130207450313
train,1826,12,1,0,188.46255280941733
val,727,31,6,0,56.64141594275341
test,655,11,4,0,101.7656621852381
train,65,7,2,0,224.68032846691318
train,4462,8,0,0,260.4710285500838
test,361,12,1,0,253.1738811073685
train,3960,4,0,0,342.77589770535985
test,692,2,0,0,323.17062057062054
train,2003,2,0,0,503.2951420389432
train,4802,11,0,0,103.57605900979242
train,1662,26,5,0,78.61838327659706
train,2442,3,0,0,186.26929430263056
train,1950,45,25,0,47.214934078107106
val,919,8,0,0,158.43299466241072
test,1150,1,0,0,NaN
train,3139,9,0,0,373.7465718906329
train,1747,13,0,0,111.01801655587259
train,1677,24,2,0,33.13608305156178
train,5147,4,4,0,84.18224249861639
train,2474,1,0,0,NaN
train,5079,12,6,0,120.76309151930687
train,5345,10,1,0,99.96708274641878
train,1206,4,0,0,429.78521384337046
val,1052,17,2,0,82.07466113241041
test,781,8,0,0,240.8478586141229
train,4008,17,0,0,229.4613257174289
val,666,2,0,0,489.43692136985334
train,4354,6,0,0,253.25086376950424
train,5094,28,8,0,43.5272730248565
val,806,13,0,0,92.52161909521472
train,2204,1,0,0,NaN
train,2986,30,9,0,107.06885897408837
train,2090,26,18,0,89.55684571421097
val,682,19,0,0,51.62363799656123
train,2137,3,0,0,744.8867363566088
test,240,5,0,0,451.29175707074467
train,3275,10,0,0,284.9570143021575
test,999,9,1,0,272.2985493901868
train,1456,19,1,0,180.55608546930785
train,4874,7,2,0,61.4593361500106
test,214,2,0,0,504.3832867968565
train,684,2,0,0,566.2199219384638
train,4733,3,0,0,119.46233716113208
train,4689,5,0,0,147.85888542796474
test,979,12,0,0,140.3075502266662
val,1040,11,0,0,141.06027080648894
train,2491,1,0,0,NaN
train,955,14,0,0,272.91517334973406
train,3679,6,0,0,313.6000637755037
test,1080,9,0,0,64.50193795538239
val,652,10,0,0,305.19799187622687
test,689,47,6,0,96.13142046178243
train,4279,17,3,0,193.75887076466975
train,4851,2,0,0,374.283983093052
train,4251,2,0,0,544.5383365751212
test,258,2,0,0,939.7044748217388
train,192,4,1,0,165.419710254515
train,534,4,0,0,264.09382016749555
test,38,14,0,0,165.54592068918794
test,771,3,0,0,438.7539173614294
train,2591,4,0,0,229.00571320598138
train,4723,3,0,0,380.24893162243075
train,4726,6,0,0,148.25261743541586
train,4853,4,0,0,328.0663400782492
train,5264,12,6,0,150.86720198048295
test,403,2,0,0,1068.510762697316
train,4312,19,9,0,94.26027795418386
test,904,21,2,0,230.2482356067034
train,5354,2,0,0,447.3935627610214
train,4278,23,4,0,138.54692345916598
val,338,10,1,0,298.83916781341543
test,218,11,3,0,114.08878121883852
train,4959,4,0,0,170.41417154937906
val,584,3,0,0,203.78051918669752
train,38,3,0,0,385.3534092232739
train,5076,11,2,0,112.9391429044864
val,243,7,0,0,294.8219801846531
train,1208,4,0,0,406.03746331896394
train,5103,11,0,0,138.50812250550507
train,2066,4,1,0,195.860628450797
train,3895,7,0,0,123.5819566117967
train,5368,11,5,0,154.37940277122465
train,237,5,0,0,477.6023450528693
train,4749,1,0,0,NaN
val,44,12,0,0,185.19453506293524
train,3840,8,0,0,271.0453987418743
train,2,58,22,0,92.12952965521667
test,197,4,0,0,409.87321760512134
train,2222,3,0,0,510.5389309347525
train,163,4,0,0,603.4018939341865
train,1074,2,0,0,175.77400262837506
train,517,2,0,0,359.20920088438714
test,212,3,0,0,285.4772320168458
train,1659,12,2,0,76.39404264658876
train,1070,3,0,0,431.1704999185357
train,4225,5,3,0,216.75158592268707
train,5085,9,3,0,127.51568530969043
test,427,25,6,0,117.00961498953836
train,4614,2,0,0,803.7333202001769
train,4384,5,0,0,464.17695979012143
train,3981,62,2,0,78.94775325347769
train,4599,4,0,0,298.3184474715048
test,925,11,1,0,78.10249675906654
train,4873,19,4,0,67.20863039818622
val,686,8,1,0,53.3001312284577
train,4869,15,2,0,160.73036427508026
train,751,7,0,0,134.3800580443393
val,545,9,1,0,209.66699787997158
test,347,15,1,0,237.51894661268605
train,605,3,0,0,403.3934183895419
train,2850,3,0,0,625.9810300640108
train,4226,9,6,0,98.07395168952866
train,2808,13,9,0,137.27709204379295
train,1898,1,0,0,NaN
train,353,14,1,0,154.84457938571651
test,1058,7,0,0,76.94153624668537
train,3761,33,1,0,112.80514172678478
train,2720,5,1,0,340.7803544807124
train,204,2,0,0,660.0189391222043
train,2006,4,2,0,77.30579961130289
train,943,3,0,0,758.7287064557397
train,336,4,2,0,350.7280830123458
test,254,1,0,0,NaN
train,1306,6,0,0,401.40376151698615
train,2072,4,1,0,289.74892165542724
train,1570,21,14,0,71.54369294354325
train,5088,5,1,0,126.63431604426977
train,2717,7,1,0,198.6158352196521
train,43,11,3,0,132.7742444904131
train,3588,16,1,0,116.60145069442646
test,284,4,0,0,110.36027638973681
train,3907,4,0,0,200.25954541878056
train,964,17,2,0,159.07938269933032
train,3514,9,1,0,244.80604567698077
train,2071,4,0,0,262.3691308288849
train,252,7,0,0,629.0367636315067
val,380,10,0,0,248.89276641266713
train,173,1,0,0,NaN
val,365,3,0,0,223.29352879114074
val,1018,10,0,0,125.54638856292328
train,2670,8,0,0,217.47471117350634
train,4211,5,0,0,364.6865092103079
train,1534,19,4,0,220.62468130288596
train,5320,2,0,0,199.66033657188902
test,812,17,3,0,165.5936291045039
train,527,2,0,0,457.1796692767516
train,641,1,0,0,NaN
test,755,6,0,0,312.0937359191946
val,1024,5,0,0,31.67412192942371
test,872,4,0,0,123.33030091921636
train,2937,20,6,0,95.26935498889452
train,3388,14,0,0,126.8981352943403
train,4507,1,0,0,NaN
train,3847,4,0,0,200.72617467773352
val,1029,3,0,0,208.94616531537497
train,1493,12,0,0,264.7618719025373
train,666,20,0,0,172.01998362808874
train,1179,1,0,0,NaN
train,1765,1,0,0,NaN
train,1429,8,1,0,195.2764880084727
train,2216,2,0,0,352.75841591661566
train,5019,3,0,0,476.32446924339297
train,219,5,1,0,433.0106811615621
train,2191,6,1,0,359.2927079694215
train,1047,7,0,0,326.1977927577071
train,2280,5,2,0,95.524865872714
test,27,1,0,0,NaN
train,4252,3,0,0,639.3764540550426
val,511,3,0,0,277.4333253234009
train,660,4,0,0,563.053095728794
train,3446,11,0,0,149.96166176726638
test,535,3,0,0,583.3510949676876
train,5280,17,4,0,74.55534856735632
test,1198,1,0,0,NaN
train,1119,1,0,0,NaN
train,2968,19,0,0,205.00243900988104
val,513,1,0,0,NaN
train,1551,3,0,0,559.6163864648711
test,26,3,1,0,164.59191960725167
train,145,2,0,0,372.30699697964315
train,3273,7,0,0,253.38212249485954
test,698,18,0,0,84.7607279288367
train,4690,6,0,0,150.28306624500314
train,1218,34,2,0,114.27707556636196
train,681,1,0,0,NaN
train,2343,4,2,0,214.8099854989942
train,2891,6,0,0,339.0612039145735
train,268,6,0,0,118.44998235579175
test,162,11,6,0,182.5705343148231
train,2146,4,1,0,462.9614065962892
val,1045,2,0,0,454.2818508371207
val,284,9,0,0,302.539253651489
train,4923,1,0,0,NaN
test,150,2,0,0,819.000610500383
train,746,2,0,0,368.6804171637002
test,188,3,0,0,292.0449451711157
train,27,2,0,0,611.5067456700702
train,538,12,0,0,252.72762017634716
train,2085,3,0,0,127.63718110331331
train,4644,12,1,0,71.69553682064178
val,1020,4,0,0,251.12710569165952
train,3018,9,0,0,49.90490957811666
test,969,2,0,0,390.0929376443516
train,2366,4,0,0,488.4668711728795
test,602,2,0,0,750.480179618356
train,2134,3,1,0,302.54131949206544
train,1304,69,16,0,82.03810090439686
test,272,3,0,0,803.9933146488222
train,3883,3,0,0,525.0126188959653
train,3280,5,0,0,212.86732957408
train,453,5,0,0,654.185944514249
train,2801,3,0,0,504.936134575453
train,4798,11,2,0,36.41771546926029
train,1319,4,0,0,356.1148213502512
train,2824,34,14,0,135.10087682242352
test,686,28,17,0,54.97750918318309
train,3714,12,0,0,250.62172691129555
val,259,2,0,0,29.261749776799064
train,864,69,8,0,71.17056976025975
train,5270,25,9,0,81.56745674593515
train,889,6,0,0,278.0328218034698
test,1149,12,5,0,149.79449472350436
train,3244,7,0,0,393.0712403623547
test,788,1,0,0,NaN
train,1805,3,0,0,328.7803217955722
train,5311,26,1,0,49.60090724976712
train,1100,8,0,0,295.4170780439073
train,5226,8,1,0,155.21650851518368
train,496,21,5,0,133.4625415612935
train,1657,27,9,0,54.886246000250374
train,435,2,0,0,606.7635453782635
train,2592,5,0,0,96.62944685757029
test,594,1,0,0,NaN
train,924,46,19,0,40.87175063537161
train,2171,7,1,0,101.64767582192916
train,2300,6,2,0,227.28891306000827
train,686,5,0,0,235.41665191740367
test,809,13,0,0,253.12151232165155
train,2176,3,2,0,111.20364202668904
train,599,6,0,0,312.1933208023101
train,286,4,1,0,475.23343141411885
val,602,1,0,0,NaN
train,1381,11,0,0,280.5004456324446
test,382,8,3,0,84.18580640464282
train,2785,29,23,0,161.56268133452107
test,285,3,1,0,91.50546431771166
train,5187,5,0,0,92.9623579735368
train,3065,19,1,0,79.12806076228584
train,1351,14,0,0,169.766015444788
test,397,23,3,0,48.8082984747471
train,3763,37,1,0,117.4148627729897
val,943,5,0,0,213.56497840235883
train,5373,4,0,0,396.7883970339584
train,3356,6,0,0,268.69541071478545
train,3850,1,0,0,NaN
train,4296,4,0,0,631.2021006275868
test,1030,3,0,0,419.7156775723299
test,764,17,0,0,105.32093808925175
train,3945,20,2,0,83.35544818216937
val,32,9,1,0,150.50747489742827
train,2995,66,24,0,65.85020880756568
val,1060,1,0,0,NaN
test,297,1,0,0,NaN
train,1969,20,6,0,117.03097880475921
train,5003,3,0,0,68.06614430096654
train,3287,6,0,0,477.1637559580568
val,171,7,2,0,297.5105040162448
val,527,1,0,0,NaN
train,2478,2,1,0,77.96313231265147
train,4086,34,4,0,95.58399765147115
test,378,9,1,0,155.80115532305913
test,85,28,9,0,125.416228891055
val,896,3,0,0,246.71440979399642
train,1797,5,1,0,192.64604849308486
val,741,12,1,0,105.30432089900205
train,377,3,0,0,491.63502723056666
val,753,8,0,0,269.715686270427
test,938,5,0,0,89.31545219053643
train,1549,4,1,0,504.5135580536668
train,2516,1,0,0,NaN
val,813,6,0,0,409.29543966728477
train,171,1,0,0,NaN
train,1840,7,2,0,161.07451691686057
train,4918,3,1,0,78.9461842016446
train,3422,5,0,0,459.7434066955175
train,4159,10,6,0,226.94083182815297
train,324,9,2,0,340.89037827430684
train,3155,18,1,0,189.95778149442398
train,255,6,0,0,569.0974805429994
train,389,2,0,0,541.4886887091918
train,2219,2,0,0,660.3500965397068
train,3259,6,0,0,310.80273662991897
train,3558,3,0,0,497.5
train,256,16,4,0,189.09209075410504
test,848,41,1,0,81.64710650108796
train,1420,6,0,0,364.2900629992534
train,1056,3,0,0,66.82252614201292
train,5377,4,0,0,584.9425761955755
train,1165,21,4,0,221.54570634521446
train,4645,14,2,0,67.90066273608822
train,3135,8,0,0,263.6961938743152
test,669,8,1,0,307.6468746878369
test,808,15,0,0,159.7380668469479
test,737,7,0,0,233.32380932943812
train,4993,11,0,0,66.04733151308992
train,930,49,7,0,55.31726674375732
train,4331,4,0,0,236.15821645904674
train,277,7,0,0,247.9929434479941
train,1577,28,14,0,62.59792328823697
val,1026,1,0,0,NaN
train,4561,5,0,0,53.47195526628889
train,399,8,0,0,309.93744077064184
train,3015,21,11,0,202.178757538966
train,2601,2,0,0,1046.6547902723228
train,5100,7,2,0,96.89298220201502
train,1979,3,0,0,468.8968436660669
train,1118,2,1,0,76.42807075937479
train,3271,6,0,0,189.02975956182138
test,1027,4,0,0,439.39649225030564
test,1091,1,0,0,NaN
train,2656,20,3,0,97.81303987879346
train,559,5,0,0,391.7247120108712
train,3838,3,1,0,75.20804478245661
train,5033,1,0,0,NaN
train,5092,24,8,0,53.00034292847111
train,4799,10,0,0,106.30380990350251
train,592,3,0,0,348.61332447283195
train,5360,6,0,0,361.6473870578443
train,510,3,0,0,269.69056342408425
test,901,14,3,0,183.25406135950624
val,886,45,8,0,114.31644676073518
val,646,8,1,0,232.77564305571147
train,4847,1,0,0,NaN
train,1286,2,0,0,133.73948556802512
train,1851,5,0,0,333.5453492405493
train,1795,2,0,0,516.4903193671688
test,317,11,0,0,239.01935068106934
test,936,9,1,0,66.59767263200719
train,4913,17,1,0,67.75322870535396
train,1154,59,19,0,95.3795051360616
test,312,10,0,0,236.50093262981426
train,2731,5,1,0,201.06031433378394
train,446,1,0,0,NaN
test,120,3,0,0,511.1782957051287
train,3032,2,0,0,289.77232442039735
train,3556,12,0,0,179.14030813862078
train,3272,7,0,0,363.59317925395686
train,1141,5,0,0,434.8991262350386
train,1433,9,5,0,51.19570294468082
train,1252,3,0,0,383.161193233344
train,4285,4,0,0,533.7327572004368
train,3678,3,0,0,252.52425626066102
train,3085,7,0,0,213.10091506138588
train,1629,10,2,0,305.5589836509789
train,1246,5,0,0,35.03212811120672
val,46,41,5,0,106.15083607772479
val,1012,12,2,0,93.78248236354543
test,442,2,0,0,144.6003112029846
test,965,5,0,0,264.7659343646761
train,2167,4,1,0,280.9848798206957
train,3543,4,0,0,380.27754183848003
train,4451,31,3,0,42.61748467472007
train,2574,5,0,0,300.9601302498389
train,5152,1,0,0,NaN
train,3782,21,0,0,177.62953020261017
train,3688,20,1,0,123.27866981176706
test,1010,23,13,0,90.17344398435716
val,537,9,4,0,65.94694837519019
train,4860,1,0,0,NaN
test,88,8,0,0,231.24499908121356
val,347,3,1,0,159.82881467370018
train,1938,4,1,0,479.8859453624121
train,4605,2,0,0,365.0167804361876
test,963,19,0,0,72.11102550927978
train,37,2,0,0,659.1604508767194
train,3791,4,0,0,321.5495136688269
train,979,8,0,0,374.940692353032
train,2384,6,2,0,256.86529762431724
test,219,20,1,0,150.71910960458862
train,1059,1,0,0,NaN
train,2843,7,5,0,430.5124853009492
train,5034,2,0,0,559.966516856142
train,67,16,2,0,225.6879352279591
train,4589,1,0,0,NaN
train,1311,21,0,0,107.80074211247342
test,252,11,0,0,330.35776061718303
train,221,3,0,0,385.2418071808926
train,2776,4,0,0,528.6005855683916
train,5148,5,0,0,83.48652585896721
val,829,48,2,0,75.99013093816855
train,1877,2,0,0,1034.039167536704
train,3984,25,10,0,84.57245414436073
val,25,3,0,0,638.9651790199525
val,409,26,18,0,95.42716231819048
train,5192,11,0,0,83.7645509747411
val,332,9,1,0,298.003775143873
train,1344,12,0,0,262.3091990461678
test,1013,12,0,0,270.5891719932636
train,4339,14,2,0,244.4120496211265
train,51,8,0,0,227.02870742075532
test,264,7,0,0,386.2518608369415
test,720,4,1,0,340.79443849030383
val,621,5,1,0,406.978193519014
train,2638,3,0,0,291.2683470616057
train,1996,5,0,0,167.54775438662256
train,4896,17,2,0,53.24002253943926
test,656,47,14,0,70.26378868236469
train,5008,6,0,0,267.65883135065803
test,158,18,1,0,165.74061386095855
train,3166,4,0,0,290.16817150033984
test,792,10,1,0,166.24600474995873
train,1972,14,10,0,74.7562706399938
train,569,11,0,0,211.97287562327404
train,1866,42,29,0,103.90304447953815
val,85,2,0,0,928.0670773171516
train,3441,6,0,0,207.246833510189
train,1219,2,0,0,1585.7330323859687
train,310,2,0,0,634.5252162049984
train,1201,1,0,0,NaN
train,2889,6,4,0,247.97429302248247
train,3391,16,0,0,106.96463050467825
train,4270,31,3,0,110.0147717354356
train,3833,4,0,0,369.09407474192403
train,2028,7,2,0,134.2013412749664
train,3470,11,0,0,129.05909499140307
train,1129,5,0,0,353.83612025908263
test,1177,5,1,0,276.54339623285165
train,4137,7,0,0,222.9585163208618
train,4720,3,0,0,290.25850547399983
val,4,7,0,0,455.1332222547592
train,940,4,0,0,357.3468431328305
train,3628,9,1,0,268.1510768205118
val,917,3,0,0,95.63472172804185
train,4843,2,0,0,482.72378230205317
train,1816,4,0,0,665.6571381285279
train,1275,11,0,0,287.64040050034697
test,784,21,0,0,140.9618742781182
train,2278,3,0,0,749.8608204193629
val,556,1,0,0,NaN
train,3363,5,0,0,255.2028604855361
train,5030,7,1,0,155.50321540083985
train,3779,13,4,0,86.20469824783333
train,4410,16,11,0,122.7162026786045
train,5225,9,1,0,183.3207571444107
train,421,3,0,0,597.1760628156491
val,1092,7,4,0,147.22516768541988
test,315,10,0,0,244.9434928352054
train,4965,4,0,0,308.7686655545863
val,275,12,3,0,123.25111399314983
train,2858,17,9,0,99.10852637386957
train,3124,12,0,0,174.84636112884934
train,465,5,1,0,196.6023906263604
train,2395,2,0,0,633.2396860589204
val,59,2,0,0,686.5016387453128
train,1090,1,0,0,NaN
train,134,1,0,0,NaN
val,435,10,8,0,50.224496015390734
train,3861,22,4,0,53.59046697020362
train,1296,75,2,0,68.20923691113983
train,1971,19,6,0,158.91664481733812
val,147,33,0,0,110.0386295807068
test,273,2,0,0,524.8230654230052
val,1078,2,0,0,297.27848896279056
val,401,4,1,0,549.821208144694
train,4422,46,3,0,77.90705171805638
train,2386,25,7,0,164.1599829434689
train,2509,1,0,0,NaN
train,3921,13,0,0,165.90509335159064
train,5057,1,0,0,NaN
train,2091,21,15,0,93.53341648844011
train,5361,4,0,0,451.4537368218859
train,2646,7,1,0,168.89197731094274
train,4198,6,0,0,228.05970131510534
train,3593,5,1,0,144.19604710254717
train,5265,12,9,0,120.58540306265226
val,555,2,0,0,709.9198898467348
train,210,82,3,0,75.26554158199453
train,2537,3,1,0,234.1719453734798
train,2921,17,2,0,156.4360891866068
train,781,7,0,0,301.55803753174945
test,304,10,0,0,247.62320165929523
train,4895,9,0,0,79.64923100695951
train,2240,4,0,0,378.59777666141395
train,1801,1,0,0,NaN
train,4815,1,0,0,NaN
train,3592,12,0,0,135.06479926316848
train,4646,8,0,0,117.61874605298578
train,2345,4,3,0,640.6167247140594
train,859,15,2,0,164.24676556937126
val,143,6,0,0,308.32580006758354
train,5308,27,3,0,65.75902979819577
test,608,20,6,0,49.72926703662542
train,2580,2,0,0,730.7749311518561
train,2189,5,2,0,155.2707313050338
train,2508,2,0,0,336.77329169635766
test,70,1,0,0,NaN
train,4327,20,3,0,89.24404742054229
train,1762,3,0,0,403.31625308187125
test,135,1,0,0,NaN
test,184,3,0,0,218.50514868075763
val,597,19,3,0,135.98713174414704
test,1039,1,0,0,NaN
train,805,3,0,0,289.87626670702105
train,3794,45,2,0,93.83629361819445
train,4957,4,0,0,294.33272799218054
train,470,47,4,0,124.13400017722783
test,32,6,1,0,258.8876772744782
train,454,16,1,0,249.4158174615235
train,3869,13,2,0,89.30005599102388
train,3906,3,0,0,341.0175948539899
train,5350,19,0,0,71.98090024443984
train,1438,5,0,0,314.03343771006297
train,784,9,0,0,334.9406663873469
train,2223,5,1,0,323.203496268218
train,2536,3,0,0,260.36944905268746
train,1075,2,0,0,1809.9316285429127
train,1331,4,0,0,346.6753870610936
train,1945,4,0,0,385.2339222169038
train,3158,5,0,0,349.90355814138275
test,533,7,4,0,323.8012507696658
test,217,31,1,0,89.62282075453774
train,3810,2,0,0,562.1321019119972
train,4683,4,0,0,341.1855991786208
train,2238,2,0,0,453.5531942341493
train,2976,13,1,0,245.11476903687384
test,193,2,0,0,429.80228012424504
train,3911,6,0,0,194.36885038503468
train,514,8,1,0,273.1839986798701
train,3282,5,0,0,353.3900111774525
train,3839,3,0,0,458.9041294213858
train,5125,5,1,0,491.82949281229565
train,5259,11,8,0,142.8355697996826
train,3914,11,1,0,177.93889400577942
test,139,2,0,0,389.592736071914
val,247,10,0,0,293.20385399922696
train,1934,1,0,0,NaN
train,958,38,7,0,150.84595309677977
val,1081,4,0,0,347.02455351641595
val,130,1,0,0,NaN
train,3012,14,1,0,87.32840316872856
train,2239,1,0,0,NaN
train,600,6,0,0,283.64828624678063
train,1216,17,3,0,144.3918280236108
train,2696,4,3,0,334.56462967356117
train,3880,5,0,0,397.48364746238303
train,5207,3,0,0,168.83794004903044
train,980,16,2,0,163.688832157722
val,126,2,0,0,399.4058086708304
train,1042,7,1,0,196.6214637317096
train,1713,4,0,0,118.85137752742773
train,4423,14,0,0,133.27498005906324
train,1520,1,0,0,NaN
test,62,33,1,0,107.84827305061495
train,3673,3,0,0,535.327236370428
train,2903,14,0,0,149.62722579358632
train,3235,10,0,0,203.19756396177587
train,2669,4,0,0,453.2834751176672
train,4708,13,2,0,82.97288713790789
train,4892,4,0,0,257.65025542762066
train,2874,3,0,0,830.5371755677165
test,1104,34,23,0,46.38708082874628
train,3117,9,0,0,212.2739974655398
val,385,8,0,0,192.37895868224416
val,882,12,1,0,82.33525090699823
train,2658,13,3,0,128.14054783713078
val,778,16,1,0,86.17569262849008
test,573,2,0,0,906.0448388462902
train,4205,11,2,0,80.65358020571685
train,625,11,1,0,155.08062419270823
train,4627,1,0,0,NaN
train,350,2,0,0,607.952506368713
val,140,83,10,0,66.98134068529832
val,586,4,1,0,351.07443681705485
train,3807,17,1,0,112.14388079605592
test,555,2,0,0,690.6303280337463
train,1802,4,0,0,455.9700275396376
train,4448,37,10,0,73.10437743391294
train,840,10,1,0,127.15703635691064
test,865,3,0,0,482.73621161044053
train,2380,1,0,0,NaN
train,3964,12,0,0,191.11057008967347
train,4080,18,3,0,132.25165405392858
val,780,4,0,0,186.04375750674444
train,2249,1,0,0,NaN
test,1053,4,0,0,624.1187623271144
train,3520,10,0,0,180.42449944505873
val,529,6,0,0,80.29528775619943
train,4050,35,1,0,156.41371423248026
test,629,1,0,0,NaN
test,543,1,0,0,NaN
train,4171,19,2,0,55.97320787662612
test,209,3,0,0,381.2299175038601
train,768,8,0,0,264.92094301366194
train,5332,15,3,0,81.22961282685029
train,3901,4,1,0,489.38727318876397
train,1811,4,0,0,571.6445869965361
train,750,5,0,0,179.6232167621992
train,4819,1,0,0,NaN
train,2282,1,0,0,NaN
train,1686,5,1,0,61.192319779527885
train,1838,18,6,0,92.7611246697657
train,3745,7,0,0,389.1040991816971
train,1645,27,11,0,56.64803615307419
train,360,11,3,0,259.0829982843336
train,4742,5,1,0,47.95049530505394
val,530,1,0,0,NaN
train,1390,6,0,0,345.77506808826865
val,302,14,5,0,176.85014224952266
train,1394,17,0,0,167.1264491335827
train,1188,9,0,0,183.7457482501296
train,1620,13,0,0,236.74142011908268
val,850,10,0,0,205.02926801323446
train,1694,9,0,0,55.2675311552814
val,1090,10,4,0,160.18715565341563
test,971,26,13,0,93.4482278965933
train,4582,2,0,0,293.1731570249909
train,954,15,0,0,273.4236639356586
train,3788,11,0,0,198.96796224518158
test,556,5,0,0,322.2425328847823
train,726,16,0,0,169.0894733565635
val,345,36,12,0,52.459522251407364
train,795,8,0,0,143.98030119826515
train,3360,4,0,0,433.02728330983336
train,3330,9,1,0,162.8381097900611
test,72,5,0,0,534.7882758625136
train,1844,13,4,0,102.04165815979276
train,1842,21,16,0,89.88882021697692
train,4771,8,0,0,113.4516083016608
train,220,2,0,0,630.6671071175347
test,729,22,0,0,61.87285349812145
val,1100,3,0,0,394.10690174113927
train,2347,1,0,0,NaN
train,2330,3,0,0,80.05623023850174
train,4382,8,0,0,182.55547102182393
val,799,11,0,0,235.62947608480565
test,146,1,0,0,NaN
train,4057,19,2,0,208.5647381510115
train,2616,3,0,0,456.1057991299826
train,2416,1,0,0,NaN
test,906,12,2,0,111.7507315181154
train,5334,13,5,0,141.16833922661272
train,4941,4,0,0,350.07089150816205
val,274,14,0,0,209.6586360448748
train,1448,12,1,0,212.61321091757037
train,1678,18,2,0,60.73755197469393
train,3871,35,7,0,71.51398464636131
train,419,3,0,0,341.8340240526095
train,4890,7,0,0,100.50497500124061
train,3826,4,0,0,459.62281979959073
train,2274,5,0,0,389.84772668312434
train,2815,3,1,0,273.18720687469977
train,3086,7,0,0,106.92988356862641
train,2269,2,0,0,572.0603115057013
train,1358,7,0,0,247.956649436953
test,493,2,0,0,746.4187832577634
val,524,1,0,0,NaN
train,1437,5,0,0,85.65191182921721
test,923,1,0,0,NaN
train,3806,21,3,0,151.88564777489677
train,1343,10,1,0,175.17625162970214
val,761,7,0,0,122.32027632408291
train,1126,9,0,0,345.9429143659399
train,3500,15,0,0,149.36950826724978
train,1443,3,0,0,638.5156615150485
train,2106,12,2,0,61.73934498484155
train,2436,1,0,0,NaN
val,1015,19,1,0,50.1422975141746
train,2061,2,0,0,208.31766607755569
train,2868,17,4,0,186.74180035546408
train,53,19,3,0,102.54389304098027
train,2225,1,0,0,NaN
train,3072,9,2,0,125.7179382586272
train,3154,14,0,0,159.89449646563824
test,1178,11,3,0,152.0896117425513
train,3253,11,0,0,148.048134064567
val,902,3,0,0,561.0643902441145
train,3502,20,0,0,215.40019738110377
test,91,35,15,0,88.11923740024082
train,901,8,1,0,182.7665208769172
train,3595,4,0,0,327.5010613655162
train,1316,18,0,0,236.95491018802204
test,605,1,0,0,NaN
train,1951,66,31,0,60.79884867330959
train,2459,2,0,0,337.85573844467996
val,591,19,5,0,144.38923090036874
train,2708,4,0,0,709.3704019400002
train,5279,5,0,0,271.1664617905393
val,299,12,0,0,213.13962559786953
val,461,3,1,0,137.390865780808
train,386,1,0,0,NaN
train,2581,6,0,0,402.86784433608
train,4281,31,5,0,67.60177512462228
val,176,31,3,0,100.43032410581975
train,4500,6,0,0,73.46500884260863
test,497,1,0,0,NaN
train,4298,8,0,0,305.4197065201102
train,4190,7,0,0,177.46689832191242
train,2742,3,0,0,499.8532284581145
test,406,2,0,0,1006.6580849523834
test,910,42,1,0,100.20603774224385
train,29,3,0,0,669.1076146629928
train,4256,5,1,0,518.6070284907446
train,3741,8,0,0,167.66754002511396
train,2390,3,1,0,95.80187889597991
test,595,5,3,0,338.7716782731402
train,467,6,3,0,201.3130111940654
train,2299,1,0,0,NaN
train,3058,16,4,0,38.07987529276686
train,244,6,0,0,274.38339964363735
train,1136,5,0,0,445.7569404956024
val,797,11,1,0,251.09460368554318
train,1138,5,0,0,421.5874760948195
train,3042,6,0,0,260.2707697647257
train,2923,20,3,0,77.05945070976571
train,2954,13,1,0,124.59735149673126
train,4875,8,0,0,193.9316710015408
train,819,1,0,0,NaN
train,4277,19,3,0,154.966125330667
val,1086,32,14,0,70.40530001565585
train,2933,7,0,0,348.9312253152475
train,2904,18,0,0,84.45696291385956
train,3950,31,8,0,96.91491113342673
val,181,4,0,0,498.31666789309196
train,356,2,0,0,219.92328207809194
train,4601,6,0,0,376.90084903061705
test,867,3,0,0,451.6871151582697
train,2086,2,1,0,580.3096156363429
test,951,16,2,0,65.30086698172758
train,3290,3,1,0,74.90327095661443
train,118,17,3,0,205.5881805941188
val,967,11,3,0,65.55150646628954
train,2127,8,7,0,242.33304624613527
train,3854,1,0,0,NaN
test,431,2,0,0,601.1842479639665
train,3321,9,0,0,149.46989663474048
train,3993,9,0,0,304.2798876035023
val,252,4,0,0,239.67329108612057
train,3141,10,0,0,279.40670960260366
train,4101,9,0,0,234.54690362484004
test,348,9,2,0,173.53529900282535
train,2496,4,0,0,128.8561199085503
train,3935,8,0,0,57.31182389165718
train,1698,17,3,0,67.17886572427373
train,1983,4,0,0,401.0213593362723
train,4525,6,1,0,478.36406483363487
train,4782,2,0,0,1010.5486133779018
train,1949,15,3,0,96.88395119936015
test,261,3,0,0,564.6257610134345
train,1324,9,0,0,202.41356179861071
val,469,2,0,0,137.3835870837561
train,4625,1,0,0,NaN
train,2518,2,1,0,60.59909240244444
train,1940,5,0,0,616.6413057848137
test,11,8,1,0,204.3947403019242
train,2951,7,1,0,112.17842929904127
test,287,2,0,0,414.902699436868
train,1637,7,0,0,329.57738089862903
val,183,3,0,0,350.92627430843646
val,326,53,36,0,58.86000339789321
test,19,6,0,0,372.8367605266412
train,4160,14,1,0,152.2417727054698
val,386,5,0,0,548.0241782987316
val,875,11,3,0,134.91200836100543
test,950,8,0,0,105.62856620308872
train,3150,11,1,0,202.5197521230954
test,967,26,5,0,41.08983425905278
val,445,6,1,0,175.34396722899336
val,512,2,0,0,744.3152893767533
train,31,4,0,0,272.6876829663366
val,841,34,2,0,110.91885133322552
val,1041,13,0,0,128.98255696023398
train,2063,8,2,0,130.77157158112556
train,798,8,4,0,136.61076092314252
val,734,6,0,0,281.8960128310473
test,363,13,0,0,256.28109567426156
train,3685,4,0,0,278.28347349764385
val,216,5,1,0,130.6770829181613
test,453,3,0,0,468.4383630745885
train,3690,17,0,0,177.00282483621552
train,1546,2,1,0,350.7342298664332
train,4455,11,0,0,188.52055590836773
train,4321,19,4,0,106.01061267627878
train,829,1,0,0,NaN
train,4662,8,0,0,108.12101066992946
test,662,5,0,0,153.7936929786134
train,957,32,5,0,133.38105729361962
train,2039,17,3,0,90.35485598461214
test,694,3,0,0,390.8074973692291
test,52,7,0,0,356.74395580023497
train,3147,11,0,0,330.70001511944326
train,2402,2,0,0,720.0027777724194
train,3509,17,0,0,143.27072275939702
train,1532,6,0,0,262.08490990516793
train,4368,4,1,0,201.13389667151708
train,1323,12,0,0,273.58532123087787
train,3227,20,2,0,98.95877722670319
train,1504,48,9,0,58.298124045567036
test,774,5,0,0,447.1747421310824
train,1082,2,0,0,368.74720337922565
test,207,8,1,0,264.0378303033492
train,378,2,0,0,475.7567655851044
test,691,7,0,0,53.12720583655798
train,267,25,0,0,147.85127662620977
train,1380,3,0,0,295.7672226599831
train,2642,7,0,0,203.530096054613
val,294,42,1,0,95.89438287455772
test,1133,13,2,0,101.11874208078342
train,1487,13,0,0,291.1241144254457
train,3039,1,0,0,NaN
test,1071,3,1,0,163.9176622576103
train,4134,3,0,0,432.10444339302967
train,4839,2,0,0,795.6282109126096
val,293,16,0,0,184.25765033421283
val,548,8,0,0,302.9584541642736
test,606,3,0,0,265.80679073341975
train,1763,4,0,0,298.3521630279013
train,1034,4,0,0,94.6192524735571
train,511,4,0,0,362.54082974119234
val,962,1,0,0,NaN
train,2714,5,0,0,524.5085795294486
train,733,24,0,0,142.62538069258673
test,255,3,1,0,236.348259989364
train,2631,1,0,0,NaN
train,2101,5,1,0,177.23430819116257
train,3398,16,0,0,107.19724809900671
train,1177,2,0,0,392.1543063642168
test,973,11,2,0,179.72548511549496
train,1387,7,0,0,340.2282322206668
train,4052,34,1,0,102.7582113507237
test,881,12,2,0,175.0114281982751
test,279,4,0,0,417.922246292083
train,2706,6,1,0,274.99610412373886
test,278,4,0,0,408.0382078860061
test,954,3,0,0,363.9793950212017
train,3013,24,15,0,129.50894303761575
train,1235,5,0,0,306.94624936623677
train,516,3,0,0,428.67149427037947
train,5038,2,0,0,240.17545669780665
train,2105,1,0,0,NaN
train,4036,37,0,0,112.13496332544993
train,732,5,0,0,432.4421926685693
train,2761,8,1,0,345.5838438468559
train,3848,5,0,0,107.70561730940499
val,454,3,1,0,157.77277965479342
train,2621,1,0,0,NaN
val,1005,9,1,0,111.5941306700312
val,84,6,3,0,282.0991525379219
train,917,22,3,0,60.09423667091365
val,1025,2,0,0,657.8696679434308
train,3963,15,3,0,111.82352167589787
train,1703,10,1,0,66.64833081180653
train,4035,40,1,0,91.80005446621477
train,417,3,0,0,343.933496478607
train,5086,11,2,0,120.79424655172944
train,2301,1,0,0,NaN
val,1,1,0,0,NaN
val,349,5,2,0,150.60627476967883
train,3526,10,0,0,349.2302706643932
val,285,6,0,0,300.67765526961625
train,2452,1,0,0,NaN
train,1920,1,0,0,NaN
train,4675,1,0,0,NaN
train,2966,1,0,0,NaN
val,499,3,1,0,160.68758508360253
train,2667,111,9,0,52.630789467763066
train,837,33,1,0,110.64357188738983
test,329,4,0,0,384.37714587789276
train,3176,5,0,0,245.90343633223185
test,454,16,4,0,101.45391370259674
train,3182,7,1,0,147.6558498671827
test,854,13,0,0,227.9001974549386
test,201,19,0,0,210.85836478546446
test,864,24,3,0,172.856718290368
train,4113,1,0,0,NaN
train,3095,8,0,0,175.51692603836034
train,179,1,0,0,NaN
train,4577,2,0,0,501.7897966280303
train,4652,6,0,0,93.46467320217928
train,2905,6,2,0,448.30092106350673
train,3440,3,0,0,590.6659377346895
train,4684,4,0,0,84.8999411071645
val,260,70,4,0,81.92139888585659
train,2872,2,0,0,537.5434866129438
train,1105,23,2,0,122.74465365139127
train,4238,26,6,0,136.68564281128482
test,1129,1,0,0,NaN
train,102,6,0,0,289.596702329291
test,419,34,14,0,105.73355377659746
train,3232,10,0,0,155.60704642607044
test,876,20,3,0,59.52982243580594
train,1209,4,0,0,413.71484633656576
train,2152,7,1,0,581.8249307136984
train,143,1,0,0,NaN
train,5243,5,0,0,366.69367324784866
test,360,19,12,0,61.5
train,635,5,0,0,367.3680035060212
train,2832,13,4,0,129.53474437385515
val,186,13,0,0,93.23625904121208
test,143,2,0,0,391.11922734634254
test,505,3,0,0,118.08577391032334
test,644,6,1,0,377.70548703193316
train,4653,3,0,0,212.0336058270009
train,5356,7,0,0,299.9204061080206
train,1885,16,0,0,230.06940838406678
train,3675,3,0,0,86.01453365565612
train,1242,2,0,0,1013.4398107435883
val,577,4,1,0,484.4157757387086
train,1247,4,0,0,56.77103624342287
train,2391,3,1,0,104.00120191613172
train,4424,19,3,0,83.66749667582985
test,502,2,0,0,436.5695820828565
val,468,1,0,0,NaN
train,2252,1,0,0,NaN
train,1018,1,0,0,NaN
test,251,14,2,0,228.27960704990392
train,5157,1,0,0,NaN
train,2378,1,0,0,NaN
train,2109,7,1,0,115.35380357838228
train,4971,4,1,0,156.19508509905225
val,305,12,0,0,246.08671906843585
train,1049,4,2,0,86.93985491816288
train,5153,5,0,0,459.0983010205984
val,173,66,19,0,89.96779961879865
train,4361,6,0,0,251.3105648396024
train,1862,6,3,0,330.0288316567157
train,3550,18,0,0,183.0416619242734
train,4377,13,2,0,210.8915598121461
train,1618,16,1,0,152.8117427594994
train,2778,3,0,0,313.99442670213114
train,4758,3,0,0,74.06247362868729
test,354,15,9,0,65.94126174103738
train,4709,2,0,0,296.08275870100914
train,5174,6,1,0,95.13805757949865
train,5023,1,0,0,NaN
train,703,7,0,0,325.8228046039749
test,391,8,3,0,122.67232776792001
train,4280,20,5,0,101.28165091232106
train,4670,12,0,0,82.3293816650279
val,768,11,0,0,172.47101205709905
train,4950,7,1,0,79.07591289387686
val,174,52,9,0,101.66716177471994
train,100,7,3,0,521.5316385417092
train,4621,4,0,0,285.2479625778634
train,3263,6,0,0,153.13800965142522
train,4700,10,2,0,88.30841002570824
train,4821,3,0,0,283.9775519297256
val,440,3,0,0,129.6630247988994
train,4458,2,0,0,32.901367752724205
test,142,3,0,0,290.3398870289785
train,4576,2,0,0,58.69412236331676
train,3965,10,0,0,207.1859751655729
train,3594,6,0,0,390.13381057128356
val,53,3,1,0,640.9375944661072
val,297,14,2,0,61.85668920981788
train,4536,3,0,0,241.57038311846094
train,4928,4,0,0,272.12230595062397
val,536,1,0,0,NaN
train,4592,2,0,0,367.9198282234868
train,151,1,0,0,NaN
train,1178,2,0,0,331.5
val,765,20,0,0,163.53093052516647
train,5346,2,0,0,626.949958130631
val,990,17,0,0,71.44403404063911
test,99,3,0,0,867.646961615149
train,2276,2,1,0,145.79437574886077
test,1153,4,0,0,298.5425096353772
train,1560,13,4,0,64.70123646422842
train,5060,2,0,0,465.19807609232436
train,1775,2,0,0,1007.9685014919861
test,940,1,0,0,NaN
test,1021,5,2,0,47.563115961845895
train,1586,21,1,0,189.07207620375885
train,1101,7,0,0,241.6945386226176
train,3762,60,3,0,77.91458433434093
test,65,2,0,0,610.4629390880334
train,422,3,0,0,665.0385327182178
train,2353,1,0,0,NaN
train,1305,6,0,0,294.3076621496627
train,1234,7,0,0,280.6465748944747
train,4141,19,4,0,80.2807573457052
train,1473,5,0,0,350.46611819118834
train,5363,2,0,0,608.3687204319433
val,354,9,4,0,209.6503040780051
train,4390,7,2,0,147.4194695418485
test,1045,3,0,0,411.316180085345
val,100,3,0,0,264.73099554075645
test,682,10,0,0,238.2706806369464
train,3699,26,0,0,63.059423408379914
test,396,24,2,0,40.27398151410193
train,927,10,0,0,57.369030240273986
test,384,11,7,0,29.090376415577712
train,598,4,0,0,400.40125021807734
train,3851,1,0,0,NaN
train,767,8,0,0,268.46391967846694
train,5329,7,0,0,182.3471963041933
train,937,5,0,0,442.80497964679665
test,648,13,11,0,214.67766534970517
train,3381,36,7,0,78.18510495434302
train,2198,4,0,0,346.8176890144848
val,474,1,0,0,NaN
test,939,8,2,0,213.83775299253617
train,440,17,8,0,95.92314632037463
train,4496,3,1,0,21.93171219946131
test,180,9,0,0,294.29619433489114
train,5049,4,0,0,381.5605380462585
train,3996,6,0,0,338.95130787101164
test,1070,1,0,0,NaN
test,376,23,8,0,48.56439024635232
train,24,5,0,0,507.0009861923347
train,4374,12,2,0,140.0830111041307
train,3299,7,0,0,293.945573193406
train,218,2,0,0,414.9051096335161
val,766,9,0,0,111.83246398072431
train,3106,13,0,0,250.4595775769016
train,2234,3,1,0,231.82105167564055
train,2411,1,0,0,NaN
train,4780,1,0,0,NaN
train,2741,7,0,0,403.74404020369144
train,2863,13,0,0,139.52060779684126
train,236,9,0,0,290.68883707497264
train,1766,1,0,0,NaN
train,3400,12,0,0,170.0367607313195
train,4549,2,0,0,824.213867876536
train,1634,9,0,0,308.0137983922149
train,2155,10,6,0,238.71654604913283
train,1764,2,0,0,489.26322158936085
train,2506,1,0,0,NaN
train,2787,27,13,0,138.92443989449805
train,674,28,7,0,153.76639561094618
val,212,3,0,0,54.12254613375095
train,747,2,0,0,653.5374893607864
test,350,3,0,0,514.8694009163877
train,4893,14,5,0,85.03675675847474
train,3723,4,0,0,329.80288818169436
train,2930,3,0,0,511.1567763416621
train,3494,7,0,0,230.81431931316567
val,442,5,0,0,403.9012874453361
train,4223,45,4,0,65.29931086925804
test,516,1,0,0,NaN
train,5321,3,0,0,736.81239131817
train,1300,146,23,0,56.13032460356227
train,1744,2,0,0,861.2701376455589
test,529,4,3,0,151.08161038179998
train,4664,7,0,0,78.93826701923471
train,4861,1,0,0,NaN
train,1108,37,1,0,128.9961239727768
test,1147,6,1,0,181.7513392007028
train,3770,49,0,0,108.18156035110604
test,298,40,1,0,81.8942731718667
train,2138,3,1,0,528.0946884792537
test,281,17,3,0,205.42273486642125
test,987,12,0,0,175.5968393793009
train,4587,2,0,0,439.16397848639633
train,3518,4,0,0,418.65489629616457
val,994,6,0,0,195.36765409489965
test,334,6,1,0,332.894696487798
train,5004,2,0,0,915.1820857075384
test,192,1,0,0,NaN
val,67,10,1,0,284.9002193880409
val,498,2,0,0,622.0972592770362
val,1008,26,4,0,55.656590361254516
train,2534,16,19,0,31.83853430870361
train,1609,17,2,0,202.05444810743464
train,2024,15,2,0,151.5132007450176
test,795,24,1,0,123.74453559045354
train,4400,9,1,0,104.57652700295607
train,642,1,0,0,NaN
val,952,3,0,0,142.1979254419698
test,763,11,0,0,73.58328614570023
train,33,3,0,0,330.07423407470026
val,864,33,4,0,50.502475186865844
train,556,5,0,0,456.53532174411214
train,3891,10,2,0,220.48004639331458
train,1112,4,0,0,382.3300128425043
test,292,18,2,0,164.59728535255726
train,3188,6,0,0,233.78178759439163
train,2749,20,9,0,147.53611748573525
train,2281,4,0,0,101.27551935109942
train,439,3,1,0,434.26978941667124
val,912,8,3,0,211.69151507893966
val,330,14,1,0,281.8598942737331
train,1169,2,0,0,532.3462219270463
train,4373,7,5,0,98.812954616285
train,2367,3,1,0,653.1892910940901
train,3294,5,1,0,195.2050204272421
test,551,1,0,0,NaN
train,2268,2,0,0,731.2641451623347
train,4469,4,0,0,347.35937852115455
val,539,1,0,0,NaN
train,2235,1,0,0,NaN
train,4669,12,1,0,62.5859409132754
train,3979,40,1,0,82.26528279359572
train,3260,7,0,0,213.56322248926662
train,1322,8,0,0,319.949722859369
train,2948,22,1,0,148.8086019019062
test,787,1,0,0,NaN
train,320,2,0,0,644.8032645698996
test,76,3,1,0,258.08186685623616
train,2588,5,1,0,304.5004105087545
train,4981,5,1,0,69.14658342969665
val,840,28,0,0,140.0548125923371
train,1432,2,1,0,78.57639594687453
test,988,4,0,0,523.5153340110617
val,418,3,0,0,245.31714167583152
train,1190,6,0,0,284.69451178650195
train,2798,6,5,0,204.10615913761376
val,392,17,2,0,76.48529270389177
train,5098,6,1,0,290.51352807269103
train,1806,3,1,0,213.0991553244639
val,557,2,0,0,780.6676629654901
val,178,24,1,0,115.00108695138495
train,4063,54,12,0,74.94922055417877
train,136,3,0,0,263.2608022475051
train,2908,7,1,0,394.37957604318206
train,1325,10,0,0,296.6101454440889
val,942,4,0,0,508.15985168730793
test,807,34,0,0,105.70862752328696
train,3210,4,0,0,556.1206127572071
train,3436,6,0,0,288.10996933077126
train,1140,5,0,0,317.2333525971063
train,4474,12,5,0,63.40037129276501
train,4967,1,0,0,NaN
train,1689,5,1,0,108.96903229817175
val,123,3,0,0,470.24727537754006
val,304,4,0,0,552.5637009211566
val,424,3,0,0,502.34077079209885
train,4663,8,0,0,159.35634077516818
train,3631,8,0,0,125.06776270487265
val,432,8,3,0,259.1767415244663
train,4442,2,0,0,293.1552489722809
train,2869,13,0,0,319.4010018769509
train,4952,3,0,0,442.65251608908767
train,4076,23,0,0,172.99205184053977
test,859,17,1,0,219.7800036400036
val,893,22,8,0,85.14348485413223
test,160,9,0,0,225.60862128916972
train,3373,6,0,0,527.8169599179116
train,4363,19,7,0,110.45361017187261
train,379,4,2,0,501.6324332659109
train,3183,7,0,0,244.0681257354184
train,4944,5,1,0,237.70675211276603
train,1453,16,1,0,198.45654436173174
train,1635,7,0,0,502.5897929723603
train,3296,1,0,0,NaN
val,344,29,13,0,55.78530272392541
train,4865,5,0,0,248.9588319381339
train,2973,9,2,0,217.91798916106032
train,300,9,2,0,157.54364474646383
train,3927,11,2,0,89.26645506571883
val,220,9,1,0,195.12175685965929
train,2179,7,2,0,362.53034355761173
test,1175,4,0,0,462.30543552608617
test,1122,11,0,0,95.45286795062786
train,4024,20,2,0,165.40659665113324
train,2245,3,0,0,409.1485060463988
train,4687,8,0,0,72.31813148255003
val,480,5,1,0,369.2424677633926
val,598,10,1,0,333.5003748123831
test,1085,2,0,0,493.72310053308223
train,3566,8,0,0,217.64665591729818
val,1074,9,1,0,84.23330695158536
train,1557,6,0,0,217.68612725665363
val,1098,6,4,0,226.1805145238057
train,1150,95,11,0,53.91892061234164
train,3540,3,0,0,390.28483188563706
train,3010,14,5,0,188.38892551339427
train,4127,2,0,0,393.37768111574405
train,3307,12,0,0,195.37933927319966
train,4504,3,0,0,75.44037380607283
val,580,17,6,0,168.26838681107037
train,3120,15,0,0,131.90242605805247
test,992,9,2,0,373.3848550758319
test,1161,30,10,0,88.05112151472007
train,2675,3,0,0,708.5636880337574
train,2792,5,2,0,443.65555332938186
train,3007,14,1,0,144.88702495392747
train,3805,21,6,0,139.5143361809101
train,5090,20,16,0,61.0183622902418
train,725,13,1,0,88.75246475450696
train,932,69,18,0,54.68546424782366
train,9,5,1,0,198.66366049179703
train,3561,14,0,0,210.95604078994685
train,3630,27,3,0,92.57699498255492
train,3426,5,0,0,232.45268335728025
val,307,43,9,0,55.57877292636101
train,5246,1,0,0,NaN
val,494,2,0,0,955.6411460375699
train,548,7,2,0,37.5
train,83,27,17,0,159.38161750967393
train,5027,20,3,0,80.981821693809
val,399,29,8,0,143.52874276603973
train,4557,1,0,0,NaN
train,842,8,1,0,232.370875085589
train,5342,6,0,0,356.3169947894228
test,948,11,2,0,61.54063698077881
train,4437,6,1,0,171.75636814977196
train,655,1,0,0,NaN
val,21,24,8,0,132.91960565739652
test,478,4,0,0,283.9877570924367
val,1096,13,1,0,64.82669203345178
train,770,4,0,0,342.38606118661073
train,2153,4,0,0,496.14503850496567
train,3718,3,0,0,128.35205491148164
train,5323,3,0,0,578.6045713611326
train,478,40,10,0,94.12656419555726
train,7,7,1,0,376.7283504064965
train,4352,21,0,0,124.80885385260135
test,388,7,1,0,175.71923628333923
test,7,2,0,0,413.11075996638
train,1561,26,9,0,61.231117361027884
train,2232,5,0,0,307.13596337778483
test,446,6,0,0,450.2513187098956
val,847,26,10,0,109.57303500405563
test,921,4,0,0,450.87158241304996
train,3233,4,0,0,305.49328009253827
train,3192,7,0,0,195.42581712762518
train,2549,1,0,0,NaN
test,182,4,2,0,279.1061223742021
train,1191,4,0,0,368.773588191412
train,640,2,0,0,981.5463565211783
train,371,2,0,0,562.7259546173431
test,1038,4,0,0,340.2396244727844
train,608,1,0,0,NaN
train,1939,2,0,0,907.659765550947
val,669,6,0,0,258.2000193648327
train,1710,5,1,0,130.21616643105418
train,1982,5,0,0,203.70812453115363
val,394,13,4,0,360.66778342402586
val,164,5,0,0,270.74803785069247
train,1205,5,0,0,407.0626487409524
train,3347,5,0,0,409.5195355535557
train,4054,44,2,0,83.00765749994531
train,1975,6,0,0,178.42718708134592
train,3052,14,0,0,75.90836710661824
train,3218,9,0,0,276.54520426143716
train,1963,20,9,0,174.44908475829612
train,1409,19,0,0,157.69115384193242
train,638,5,0,0,438.1520854680484
test,232,9,0,0,366.28028884994615
train,4817,2,0,0,754.3734154912937
test,579,10,6,0,333.58544632522563
train,877,33,2,0,96.25487000666512
train,1615,8,0,0,262.2392468914245
train,3243,6,0,0,352.996104794373
train,1417,31,3,0,85.70005834303731
val,635,21,1,0,39.56008088970496
test,333,11,0,0,226.42990085233885
test,713,14,0,0,209.05740838343903
train,3614,17,0,0,191.81371171008604
train,3344,2,0,0,1077.8340549453799
train,2230,4,2,0,447.0889100807457
test,56,31,0,0,116.9283968931414
train,2034,40,18,0,68.50729888121411
val,501,3,0,0,637.5196075416034
train,581,20,2,0,113.73451614908588
train,152,1,0,0,NaN
train,631,14,4,0,93.53341648844011
train,4695,6,0,0,47.372055646946315
train,5154,4,1,0,431.92903978125673
train,602,2,0,0,463.51941706901556
train,3729,1,0,0,NaN
train,5065,4,1,0,245.8720302723709
train,4126,2,0,0,388.6347900021304
train,4668,11,1,0,150.05332385522155
train,3778,12,1,0,134.71707116663345
train,2827,19,9,0,193.64529428829402
train,2929,3,0,0,467.6350072438974
train,3742,7,0,0,219.52277786143287
test,685,30,6,0,122.0870591012823
train,4239,11,0,0,220.93041891057013
test,1100,11,9,0,65.54769256045554
train,3249,5,0,0,269.1769863862808
train,240,9,0,0,161.38928093278065
train,4624,2,0,0,460.06113724156273
test,1134,2,0,0,263.0575032193532
train,3664,8,0,0,235.873730561988
test,898,20,4,0,102.57222723913873
train,4979,2,1,0,86.70063436907483
val,240,3,0,0,259.5308266853863
train,3395,18,3,0,95.30083945065752
train,4180,6,0,0,261.5898507205507
train,2718,6,0,0,252.86458826810843
train,2641,4,0,0,329.1456353040388
train,3591,8,0,0,253.90007877115752
train,4883,14,2,0,61.15962720618889
train,2209,1,0,0,NaN
train,2499,3,0,0,182.89409503863158
train,2377,1,0,0,NaN
train,4881,17,6,0,76.27089877535205
train,1050,6,0,0,150.3595690337
train,1705,5,0,0,255.22147245088922
train,831,18,1,0,171.17001033193
val,167,1,0,0,NaN
train,4631,2,0,0,842.024049537779
val,479,4,2,0,413.9403377041672
test,1163,3,0,0,159.81317217300958
train,3213,5,3,0,51.034302189801714
train,4009,26,1,0,171.64311482618092
train,376,2,0,0,594.8214017669505
train,3586,27,3,0,77.5
train,2997,35,2,0,98.25731524929836
train,2065,6,0,0,76.70234676983489
train,3859,7,0,0,184.03056811301758
train,4778,7,0,0,65.51717332119877
train,5132,8,0,0,143.8827828736885
train,540,19,1,0,147.50254235097103
train,1526,9,0,0,170.511729801794
train,536,12,0,0,187.80625913740295
val,751,16,0,0,157.67331888295752
train,3751,14,1,0,168.00297616411441
train,1594,4,0,0,330.2367409899217
train,4179,21,11,0,68.8839603971781
train,2913,8,1,0,280.19175041395533
val,510,3,0,0,190.02236710450694
train,3137,5,0,0,417.4805384685614
train,3506,31,0,0,97.82893232576956
train,3208,2,0,0,605.1084613521778
train,2958,9,0,0,194.1043533772491
train,3752,36,2,0,90.47098982546837
test,168,12,0,0,109.54623237556531
train,1915,1,0,0,NaN
train,4763,9,2,0,94.75494710040209
test,517,1,0,0,NaN
val,605,42,15,0,85.44988864595388
val,137,15,1,0,202.97044119772713
train,2961,31,9,0,78.42512352556417
train,2114,3,0,0,253.78583490809726
train,1158,51,19,0,105.07616285342742
train,1445,12,1,0,213.41810889408717
train,1292,2,0,0,335.67581086518584
val,1071,4,0,0,375.78586263769205
train,3997,18,0,0,131.74035634155913
val,1039,3,0,0,300.20159892978586
test,364,12,1,0,288.3267219935619
train,4429,3,0,0,470.0630276888409
train,4562,4,0,0,191.02463849892177
train,3217,18,2,0,65.78137253629689
val,1057,16,5,0,91.96574456677297
test,179,6,0,0,344.06140440334195
train,184,10,1,0,185.3730070945043
train,4060,39,9,0,104.67688379007086
train,1231,7,0,0,329.0022796273606
val,663,11,0,0,309.01456276363416
train,938,5,0,0,352.663082842534
train,1591,10,0,0,320.09061217099134
test,256,3,0,0,29.567718883945037
val,129,2,0,0,632.7100441750549
train,3925,5,0,0,235.28068344001383
train,3129,8,0,0,250.08015881609379
train,2657,31,3,0,98.34886882928548
train,5339,7,0,0,273.32123956985123
train,3143,10,0,0,238.29984381448693
val,760,16,0,0,158.09016414691965
test,545,4,1,0,225.1448904437421
train,193,3,0,0,436.1608075010867
train,1985,4,0,0,397.3943313405621
train,513,3,0,0,372.0336006330611
train,5384,6,1,0,235.01170183631282
val,234,7,0,0,368.79703089911123
test,1033,4,0,0,322.05643681329315
train,1399,13,0,0,268.6084510956422
train,4121,24,2,0,44.42848304040686
val,91,2,0,0,606.1229248263095
test,195,6,1,0,151.87276655278131
train,992,6,1,0,408.1068925229938
train,2456,4,3,0,380.34723763450677
train,1655,24,5,0,51.520521797521084
train,1258,4,0,0,374.1111692440719
test,531,3,0,0,337.00816013859367
test,1111,11,1,0,64.43019478474359
test,559,1,0,0,NaN
val,739,9,1,0,262.85452250246715
train,1743,4,0,0,327.80463795877415
train,3383,27,8,0,70.9383535190943
train,3822,15,0,0,63.7122437212817
train,3140,10,1,0,193.09225020070704
val,1043,1,0,0,NaN
val,1083,3,0,0,252.11604470957417
test,274,2,0,0,773.6358962716247
test,1118,2,0,0,601.5257683590953
train,5392,17,3,0,101.42608145837046
train,4924,2,0,0,667.179511076292
train,606,3,0,0,437.50428569329466
val,139,3,0,0,729.1755618505052
train,86,14,0,0,168.0029450750203
train,3200,6,1,0,113.22985472038724
test,928,13,3,0,71.69553682064178
test,263,11,0,0,244.9346851713738
test,480,4,0,0,295.7188703401668
train,4324,9,0,0,163.6986560726752
train,1184,13,0,0,187.2812056774518
train,3312,18,0,0,132.13629327327143
train,5206,3,0,0,391.2198870200747
train,1048,4,0,0,198.97588458472086
train,5129,2,0,0,905.9649551721081
train,5185,5,0,0,70.91015442092902
train,4816,2,0,0,285.8867782881888
train,444,1,0,0,NaN
test,835,14,4,0,92.20086767487604
train,683,2,0,0,1067.537352976466
train,2519,5,0,0,214.66252583997982
val,566,6,0,0,195.5920499406865
test,705,9,0,0,291.65476166179764
train,3420,8,1,0,309.92010903177106
train,1511,54,16,0,54.023143188822324
train,5250,3,0,0,620.2259668862631
test,1028,2,0,0,747.081320874776
train,428,3,0,0,307.5569053037177
test,521,2,0,0,364.06180793925637
train,2002,2,0,0,504.1294476620067
val,773,10,0,0,278.6583306055922
test,1121,10,0,0,132.39727327895892
test,320,9,0,0,306.1539645341866
train,3251,20,0,0,133.4541119636259
train,3123,16,0,0,152.80902316538692
train,1895,8,1,0,167.46165151596279
train,4459,3,0,0,592.918628481177
train,3392,19,3,0,87.45427376635175
train,3760,71,4,0,79.76528066771908
train,1732,1,0,0,NaN
train,4140,15,1,0,121.51645979043333
train,949,19,1,0,136.63271936106665
test,491,5,1,0,445.8839535125704
train,1428,9,1,0,83.5134719671024
val,172,61,6,0,81.55519603311612
train,2058,2,0,0,157.70859202973057
train,3803,29,3,0,82.46211251235322
train,2629,5,0,0,445.1407080912731
test,48,1,0,0,NaN
train,3774,39,2,0,92.80355596635293
val,465,6,1,0,387.5272554498288
test,972,12,5,0,133.5402561027947
train,1893,10,0,0,348.5081360095894
test,1063,12,0,0,53.56137941053007
val,256,6,0,0,296.2587551448902
test,546,7,5,0,189.63451690027318
test,914,30,6,0,116.18324730695117
train,1754,23,2,0,42.85148772213166
train,3511,7,0,0,177.1383639983163
test,305,10,0,0,274.5068021555993
train,3672,6,0,0,219.92614732815878
test,935,10,0,0,104.0726222824328
val,175,32,2,0,115.98814594604053
val,792,48,11,0,81.06942153448807
train,3190,4,0,0,318.51774434489715
train,3429,6,0,0,199.81053525777864
train,832,5,0,0,118.58541225631423
train,3076,6,0,0,200.66452102950336
val,81,3,0,0,351.51386885868385
train,3479,5,0,0,367.39148057623765
train,1340,15,0,0,224.56012557887476
train,4538,3,0,0,384.544535782268
test,489,4,2,0,102.02596238429612
train,5324,3,0,0,596.8048257177551
train,2382,10,2,0,346.3315986229124
train,3896,7,0,0,116.45600027478189
train,1411,44,4,0,106.95586096526299
train,1661,31,16,0,50.89449872039217
train,2078,3,0,0,450.1735776342277
train,2318,2,0,0,362.6244613922232
train,436,2,0,0,439.8366173933225
test,220,54,19,0,51.347721284967704
train,869,39,4,0,122.1607547455401
train,4353,7,0,0,149.23220161881952
test,857,6,0,0,358.5521667005085
test,658,6,0,0,461.84772813408256
train,4912,21,10,0,62.47599539022968
test,153,17,2,0,214.16173794588053
train,3081,2,0,0,449.90360078576833
train,4293,9,1,0,81.41406512390841
val,244,3,1,0,186.77526602845464
train,276,13,0,0,199.66284080920016
train,2099,4,3,0,504.22226675547245
train,1425,13,1,0,35.8503835404867
train,2415,2,0,0,791.2656001621706
val,590,9,1,0,268.5167592534961
train,5307,18,1,0,70.5001603996194
val,758,25,0,0,180.45567322752697
test,1162,1,0,0,NaN
train,3046,1,0,0,NaN
val,111,2,0,0,478.11635613101544
train,460,2,0,0,1120.3213824613008
train,1280,8,0,0,233.5093184492385
train,4300,2,0,0,464.54843665650196
train,232,9,0,0,223.26273759855226
train,3912,4,0,0,133.98724147304642
train,3051,12,2,0,66.19149613528455
train,4218,8,2,0,314.80685773023356
test,1119,6,0,0,208.46052997582785
train,1339,12,0,0,222.88118435929536
train,2530,1,0,0,NaN
train,1224,1,0,0,NaN
train,782,7,0,0,322.5759600466222
train,4499,4,0,0,77.47618713896715
train,3736,4,1,0,256.9520063856289
train,4416,44,28,0,93.29776280709788
train,4093,1,0,0,NaN
val,929,7,1,0,108.79912683473154
train,4468,1,0,0,NaN
train,882,34,5,0,86.5168637156048
train,1251,4,0,0,41.999092013675494
train,3863,11,1,0,31.535694062442957
train,4476,3,0,0,518.6925871843553
train,3538,9,0,0,224.62691290226113
train,3242,4,0,0,208.13016760225554
train,4872,4,0,0,170.4508782284878
val,825,27,3,0,96.53626261669757
train,3055,14,0,0,117.06372745917403
train,2768,24,5,0,136.32020139411304
train,1572,23,12,0,88.16178310356477
train,1960,9,3,0,194.40743298546997
val,613,16,5,0,222.86959215853767
test,1176,1,0,0,NaN
test,625,11,5,0,272.93451595575084
train,3481,11,0,0,223.6766639593858
val,531,2,0,0,288.68061937026533
test,654,10,1,0,234.5583435441359
val,585,16,0,0,170.53192132556165
train,3974,13,3,0,208.6486280808
train,2038,13,4,0,201.5967509658824
train,2226,1,0,0,NaN
train,3476,4,0,0,314.21942052792383
train,758,8,0,0,246.02540519222808
train,2936,14,10,0,228.54075136117973
train,1606,10,1,0,266.04698833100895
train,63,11,0,0,176.01846494047152
train,2514,2,0,0,237.71463985207137
test,1193,9,0,0,230.9312668306308
val,1001,1,0,0,NaN
train,851,5,0,0,445.0957762100198
train,3730,2,0,0,367.42516244808274
val,1070,4,0,0,517.2975348976656
train,5249,1,0,0,NaN
test,571,3,0,0,398.72296146572745
train,2498,4,0,0,257.55980285464136
train,297,2,0,0,576.7360748210572
test,149,1,0,0,NaN
train,2346,4,3,0,132.04962731820308
train,16,22,5,0,106.52734875192473
test,649,8,0,0,236.5193855696865
train,278,3,0,0,462.5172969738537
train,2628,4,0,0,383.2372750508722
test,55,17,1,0,235.76948487876882
test,134,13,1,0,123.54047919609184
train,1276,10,2,0,158.85678127586533
train,1944,9,1,0,241.03163692760333
train,3924,13,0,0,173.3277242682197
train,4493,5,0,0,104.00480758118829
val,280,12,1,0,297.2525865726898
train,391,13,5,0,176.4404998859389
val,573,2,1,0,365.0414360041884
train,1941,17,4,0,134.07833531186162
test,836,4,0,0,457.21775900636544
train,1648,30,12,0,55.154328932550705
train,3899,3,0,0,460.1263413455048
test,1012,17,5,0,173.13650683781282
train,4089,9,1,0,173.4877517290486
test,699,17,1,0,86.14232409216737
train,4123,12,3,0,49.886950040231554
train,5032,2,0,0,249.331606500259
train,562,27,5,0,137.0930341045817
train,1579,26,6,0,56.586217403180434
train,3971,9,0,0,297.10814529393167
train,4357,7,1,0,349.9089167197658
train,1812,2,0,0,1077.486542839399
train,1204,5,0,0,450.7083314073526
train,3342,10,1,0,190.81352031648254
val,319,5,1,0,369.1791570497988
train,2466,2,0,0,872.7428028921236
train,1262,12,1,0,235.59845060438272
train,3967,7,1,0,186.44369123142783
train,1079,1,0,0,NaN
train,3338,11,0,0,202.75662751190157
test,757,10,0,0,172.75416058665562
train,555,7,0,0,264.51843035977663
train,4228,9,7,0,130.2862233699327
val,300,14,1,0,213.8509995300466
val,443,5,1,0,430.9767975193096
train,1799,1,0,0,NaN
train,3612,29,0,0,179.71366113904642
train,2495,1,0,0,NaN
val,1031,3,0,0,222.3246500053469
train,3359,5,0,0,193.43280487032183
train,1298,118,8,0,64.04880951274582
train,133,4,1,0,222.7827421323845
val,1022,8,0,0,94.68553016898753
val,801,2,0,0,70.89605066574583
train,1814,2,0,0,983.0484474327804
train,1855,7,1,0,359.5531949517345
test,761,14,0,0,73.49319696407281
train,2971,3,0,0,119.36603369468217
train,2633,4,1,0,351.0425067357118
train,1780,1,0,0,NaN
test,687,13,0,0,237.54788990854033
train,1264,7,0,0,178.1747737475763
train,876,41,2,0,126.51580928879996
test,45,3,0,0,464.96128871122164
train,5029,14,4,0,85.21046009789039
val,961,1,0,0,NaN
train,1568,22,9,0,74.7715342794788
val,922,27,4,0,72.70660217614353
train,4891,18,5,0,81.6307805240536
val,876,3,0,0,75.1215681412469
val,716,7,0,0,206.78128542012695
train,4859,3,0,0,449.0470465329886
train,3504,13,0,0,155.0048386341536
train,3987,32,2,0,118.23066308845114
train,2115,23,14,0,126.17151025489075
val,791,48,8,0,54.47500748835676
train,2428,2,1,0,805.2752634968989
train,39,1,0,0,NaN
train,4319,14,3,0,136.17933820626723
train,2196,3,0,0,263.044673012019
train,1088,3,0,0,254.85387970364508
train,690,27,3,0,126.53062870309307
val,13,2,0,0,700.1944372815311
val,251,1,0,0,NaN
train,3079,9,2,0,136.30572255044908
test,129,6,0,0,375.9361647939714
test,924,7,0,0,134.2693189079322
train,4737,11,0,0,60.69802303205599
test,132,14,2,0,133.61704051375875
val,447,6,2,0,350.0207136727768
train,4556,4,0,0,153.06395572507674
val,509,1,0,0,NaN
train,4777,7,0,0,39.38591118661596
val,908,24,8,0,78.9131861798322
test,613,7,1,0,196.99873096037953
test,141,2,0,0,489.18299234540035
test,259,6,0,0,422.2551508128589
test,528,3,0,0,685.551785060764
test,890,12,0,0,152.55089297321285
train,3603,20,0,0,206.63070923751872
train,3814,3,0,0,645.8242795064305
val,731,6,0,0,310.5756751582455
train,619,2,0,0,414.5265371481059
train,4041,40,2,0,116.81693829244763
test,878,8,0,0,195.81795216853573
val,1034,21,2,0,38.8329756778952
train,984,2,0,0,506.10769604897337
train,3116,6,0,0,225.5138576673283
val,318,6,0,0,382.77473793342216
train,4109,3,0,0,256.3249890276014
train,4932,7,1,0,150.40029920183005
train,4597,2,0,0,342.527371169079
train,80,12,0,0,124.79871989818784
train,3976,41,4,0,65.62202374203343
train,3283,4,0,0,369.8069955924873
train,4290,13,3,0,73.24616030891995
train,4565,1,0,0,NaN
train,3888,7,0,0,443.27107958900274
train,2229,3,0,0,135.07497917823272
train,3726,2,0,0,742.0891118996424
train,4112,2,0,0,265.58661487356625
train,5061,2,0,0,380.1710141502111
train,4692,6,0,0,164.73767025182795
train,1674,14,0,0,133.18126745154515
train,4139,8,1,0,72.18805374651693
test,14,36,13,0,143.0742814065477
train,1509,52,17,0,59.11946574225464
train,3625,7,0,0,158.06406928837433
train,2237,1,0,0,NaN
train,3238,2,0,0,974.2136572641548
test,833,15,2,0,167.33872833268455
train,5089,9,3,0,187.61463162557445
train,3937,20,1,0,144.830700465864
train,2130,3,0,0,613.6855872513221
train,4622,1,0,0,NaN
test,190,1,0,0,NaN
train,4681,4,0,0,246.723138218786
train,2457,3,2,0,441.2938363494328
train,2164,11,4,0,97.18538984847466
train,3082,3,1,0,51.39309292113095
train,506,6,0,0,248.0226804145137
val,518,2,0,0,1218.3546281768704
train,778,5,0,0,359.06823863995544
val,974,9,1,0,74.35892683464441
train,2064,6,0,0,111.06079416247661
test,43,15,1,0,180.29212406536232
train,194,3,0,0,657.5731898427733
test,1035,1,0,0,NaN
val,925,3,0,0,297.8455975837145
train,2726,5,0,0,374.8416332266201
val,626,7,3,0,352.68009583757345
val,5,4,0,0,253.35392817326306
train,4333,4,0,0,419.2638569022715
train,2489,1,0,0,NaN
val,884,16,1,0,151.37378624525127
test,869,18,4,0,63.105071111599266
test,336,4,0,0,381.4676078043168
val,559,2,0,0,347.37623695353716
train,3733,4,0,0,489.464027352501
test,564,3,0,0,538.7453016036427
train,2610,1,0,0,NaN
test,1158,3,0,0,94.58461819978976
train,3619,4,0,0,155.2762378665118
train,1724,8,1,0,104.03509731600906
train,2283,4,2,0,72.18631164495261
train,907,13,2,0,201.60481145052069
test,288,3,0,0,530.0907941098393
train,4940,8,1,0,219.95464832253361
val,281,7,0,0,351.61520160539135
train,2463,1,0,0,NaN
val,811,11,3,0,195.35864454894235
train,2926,9,2,0,204.25780278853486
train,1083,2,1,0,46.32493928760188
train,5282,7,0,0,70.76722405181653
train,1272,8,0,0,225.85100164452007
train,5375,3,0,0,475.0789408087881
train,1700,22,5,0,42.518687380310425
train,2108,6,1,0,134.65604331035425
val,755,10,0,0,172.21317359349385
train,2484,10,3,0,198.93138061736806
val,752,8,0,0,174.66557581059965
train,3358,8,0,0,156.86989154634097
train,4810,3,0,0,450.538566606678
train,1011,6,1,0,215.64148487709872
test,802,6,0,0,303.2793196521882
train,3109,24,0,0,162.27163078459603
train,5398,21,3,0,84.64632301523794
train,3866,19,5,0,64.20280367709809
test,827,11,1,0,168.02157599546553
train,3349,8,0,0,248.0546117910061
test,208,4,0,0,317.3910463292168
train,2432,2,0,0,730.962550340303
test,591,2,0,0,716.5755368417206
val,887,14,1,0,215.00238370062783
train,4075,19,4,0,120.07081243999309
train,3225,19,2,0,64.44571358903553
train,4111,7,1,0,113.87932209141394
train,4313,19,14,0,92.5
train,5388,25,8,0,67.08203932499369
train,1846,8,2,0,227.62084702416868
train,1076,1,0,0,NaN
train,3366,4,0,0,265.6923937155171
val,279,5,0,0,436.61338733483655
train,2679,5,1,0,83.5374167663808
train,4968,1,0,0,NaN
train,2890,8,1,0,227.11080942273938
train,4999,7,0,0,72.34984450570713
val,772,7,1,0,224.64917093103193
train,1046,18,5,0,220.73807927955508
train,817,5,0,0,282.19363919124754
train,1164,38,9,0,124.52357741939907
train,4569,2,0,0,530.5101318542371
val,487,5,1,0,343.73572697640844
train,3297,3,0,0,229.0349318335524
test,576,1,0,0,NaN
train,1321,9,0,0,300.3518769709955
val,639,17,4,0,53.85629025471398
val,1073,6,1,0,165.00075757401842
train,2094,23,8,0,71.89054179793055
train,5369,13,10,0,177.80044994318772
val,722,16,1,0,88.24347701135936
test,362,17,2,0,270.5462067743697
val,620,15,3,0,202.40121047068862
train,88,20,2,0,184.85879372159178
train,4870,7,0,0,195.28952864913163
train,59,9,0,0,219.82777349552535
test,79,4,0,0,441.9594878184889
train,3165,5,0,0,294.8834515533213
val,528,1,0,0,NaN
train,2756,25,9,0,154.61646096066227
test,301,15,1,0,200.32473636573192
train,549,5,0,0,538.61396194306
test,642,7,4,0,285.0140347421509
test,779,4,0,0,271.22691651550355
train,128,4,0,0,359.72522494227826
train,3574,15,1,0,76.21351586168952
train,1232,6,0,0,452.1130077308691
train,2788,6,3,0,460.9722685723026
train,857,6,0,0,399.6489635663519
train,4938,7,0,0,117.99364389660995
train,3063,32,8,0,50.05725744655738
val,214,4,0,0,576.3668772380549
train,3447,12,0,0,81.93640658199192
train,2977,7,3,0,237.00685644090552
val,685,17,1,0,97.37171047075223
train,119,16,4,0,190.06577808748213
train,1824,9,0,0,253.33771926027913
test,548,2,0,0,725.6876049651117
test,1102,25,13,0,61.39218191268331
val,421,26,26,0,112.42976541749665
train,355,1,0,0,NaN
val,788,18,1,0,208.88468013226446
test,311,14,2,0,150.3699138607375
test,71,2,0,0,1119.917965745706
train,5327,6,0,0,232.03448019637082
train,78,9,3,0,109.85672487381007
train,2110,3,0,0,227.821201822833
train,1051,11,0,0,235.94755773264532
train,2833,23,14,0,186.17263493865042
test,1051,1,0,0,NaN
train,4807,2,0,0,294.96101437308624
train,3624,8,1,0,195.2288783246638
val,835,23,2,0,137.27709204379295
val,331,13,2,0,243.23702431990077
train,1484,6,0,0,231.50863914765685
train,3469,4,0,0,155.41380794704094
train,4651,9,0,0,59.508402768012516
train,2044,36,25,0,49.60090724976712
train,3308,10,0,0,137.67272609617385
val,845,17,0,0,108.195425041912
test,805,3,0,0,581.0019363134687
train,4638,13,1,0,60.466933112239126
train,952,18,1,0,141.01152435173518
val,745,10,0,0,182.03914414213224
test,410,1,0,0,NaN
train,1466,8,0,0,243.52463941047117
val,329,30,4,0,52.910248495060856
val,417,3,0,0,366.1290756003953
test,164,13,0,0,136.95254652615992
train,1980,8,0,0,123.78474252940865
train,5295,7,1,0,204.70039081545497
test,30,3,0,0,606.7013268487221
train,1089,1,0,0,NaN
train,4282,30,7,0,112.37382319180952
test,520,2,0,0,715.944830276747
train,618,3,0,0,334.49738414522767
test,799,6,0,0,341.5912607253127
train,679,2,0,0,597.2463896918925
train,1361,7,0,0,137.96557541647843
train,1889,17,4,0,211.79530211975901
train,3951,25,7,0,115.11081617293833
test,619,11,4,0,132.06059215375342
train,2564,3,0,0,401.7617453167984
train,4682,4,0,0,183.43063245598705
val,823,8,1,0,210.50180021182052
test,366,12,2,0,281.0214983673284
train,1407,28,1,0,140.37687146934542
train,1777,1,0,0,NaN
train,3666,3,0,0,685.7399288359983
train,3823,24,3,0,60.74537019394976
train,5197,8,0,0,141.58831166448732
train,3652,11,1,0,223.55759884199867
train,4698,10,0,0,60.46238334588206
val,199,14,2,0,150.2583748317893
val,492,4,0,0,560.780874667869
train,1010,4,0,0,728.551162918506
train,2979,4,0,0,284.95935893430465
val,762,16,2,0,77.02806538706332
train,3062,25,5,0,54.31620384378864
train,491,4,0,0,315.1537786540627
train,765,11,1,0,212.87378889849262
train,5284,15,11,0,118.96217886370441
test,250,12,1,0,165.97439154346836
train,3722,1,0,0,NaN
train,3725,2,0,0,870.662391515793
train,5205,2,0,0,764.8699235817813
train,1378,8,0,0,321.95027377433644
val,456,2,1,0,59.01906471641176
train,4199,9,0,0,139.11865439257238
train,4268,53,2,0,84.22143432642311
test,167,35,2,0,84.44080767022542
train,2363,1,0,0,NaN
train,451,10,1,0,272.3108814851828
train,2322,4,0,0,291.971609799244
train,5064,5,0,0,290.9643448946967
test,204,8,0,0,303.7831187444449
train,3454,13,0,0,291.78416680827627
train,3769,51,2,0,76.94153624668537
train,3254,9,0,0,260.35216534532606
test,803,8,0,0,261.8167297939534
train,5301,4,0,0,210.96223687177576
train,728,9,0,0,191.9693986030065
val,521,1,0,0,NaN
train,2983,19,4,0,172.53985046939155
train,3827,2,0,0,607.7575585708498
train,919,20,1,0,128.72694867683305
val,225,2,0,0,407.70240372114563
test,124,15,1,0,153.05227865013967
test,1179,8,5,0,144.90169081139115
train,2800,7,0,0,96.2925230742242
train,3466,11,0,0,270.8435895493929
train,3786,8,0,0,274.9029279973147
test,1062,13,1,0,87.44855630597911
train,463,13,4,0,140.05177614011183
train,3172,6,1,0,278.1478923163
test,749,7,0,0,251.43189932862538
train,2892,4,1,0,566.9310133373385
train,634,7,1,0,214.02102700435768
train,1533,5,1,0,188.32153355365392
train,803,1,0,0,NaN
train,364,4,1,0,481.34243306938635
train,3818,21,1,0,66.00189391222042
train,5186,2,0,0,271.31162894354526
test,1136,4,0,0,335.30218139347625
test,758,6,0,0,351.5800051197451
val,1089,12,7,0,122.46031216257767
train,4097,3,0,0,512.1808762536922
train,2156,8,1,0,164.19773021037008
train,3230,13,0,0,54.33461143691008
train,4697,20,4,0,42.55779903161436
train,4029,8,0,0,235.33590825515824
train,3023,9,0,0,104.73418735064497
train,5217,2,0,0,191.4118596116761
train,551,2,0,0,576.543580312885
train,1521,1,0,0,NaN
train,3311,10,0,0,309.59255339251854
val,506,2,0,0,719.5918982312127
train,541,2,0,0,666.7252057632139
train,1027,3,0,0,377.4165470670304
test,828,3,0,0,360.5832081503519
train,339,3,0,0,627.2435731037824
train,731,5,0,0,463.42124465760094
test,12,28,1,0,189.31785441420996
test,1057,11,0,0,57.10078808562978
val,900,4,0,0,387.87282845294743
test,185,1,0,0,NaN
train,560,8,0,0,299.41556654824285
train,2550,1,0,0,NaN
train,2025,11,3,0,130.5450113945378
val,601,24,6,0,79.63527371009467
test,434,2,0,0,1047.3060679667622
val,690,4,0,0,250.3658861372126
train,4623,2,0,0,629.1442600866673
train,205,3,0,0,621.1185474609497
train,2199,6,0,0,300.29693335183356
train,1894,10,0,0,423.7699603978258
train,1175,4,0,0,274.6721033860345
train,5045,4,0,0,331.1994277940215
train,645,2,0,0,712.2403035493007
train,1273,11,0,0,174.56230979223437
train,2082,6,2,0,135.68249896387923
train,691,6,1,0,436.65661566040654
train,4161,9,3,0,195.6559480312316
train,3255,10,0,0,152.06659725265112
val,102,11,6,0,134.35214921987665
train,2790,6,1,0,259.6620300569949
test,1090,3,0,0,507.9025497081108
train,4165,5,1,0,293.31084194076425
test,580,3,0,0,594.5555062397455
test,111,2,0,0,406.7118144337585
train,2143,3,0,0,495.01767645206365
train,3074,12,2,0,92.58104557629494
train,5230,4,0,0,328.0466204598307
train,5366,1,0,0,NaN
train,1408,22,0,0,109.04853140639574
train,3100,5,1,0,134.25442264595978
train,1416,49,1,0,102.08329931972223
val,64,3,0,0,438.3323510762125
train,395,91,63,0,95.95962692716141
val,125,2,0,0,440.976756757088
test,974,8,2,0,251.06834661741703
test,476,4,0,0,355.0752359027599
train,1067,3,0,0,301.50663342619845
train,3546,6,0,0,445.21680112053275
train,3982,23,6,0,179.17658887254217
val,1091,20,1,0,45.62071897723665
train,1254,1,0,0,NaN
train,4115,10,0,0,159.46943280767007
train,2603,3,0,0,269.9814808463721
val,358,3,0,0,363.5773645319521
test,330,6,1,0,241.75661593505714
val,439,8,1,0,102.00078031675675
train,4522,10,1,0,216.2926258567314
train,4480,10,1,0,194.85137982338776
train,1025,12,1,0,134.6820329516896
train,1696,5,1,0,261.7985867035955
train,258,3,0,0,622.0213018860367
test,873,3,0,0,158.95360958468353
train,710,7,0,0,281.71616922001476
train,4951,10,0,0,76.33101264214245
train,515,5,1,0,352.0500674620018
train,4983,1,0,0,NaN
train,5351,10,0,0,94.92760399378044
val,522,2,0,0,891.3882431353916
val,152,12,1,0,210.03853626668305
train,487,6,2,0,149.4590244849738
train,2606,4,0,0,445.36510416687355
train,2560,3,0,0,351.2869197678729
val,678,38,7,0,38.518207353677525
train,1268,30,3,0,139.0057893869154
train,2744,2,0,0,498.247177613682
train,5255,1,0,0,NaN
train,521,1,0,0,NaN
train,2139,2,0,0,528.3185592045769
train,4301,4,0,0,498.4020388448331
train,3983,23,4,0,180.2671628444848
train,1003,15,3,0,165.02878536788666
train,1080,1,0,0,NaN
train,4619,3,0,0,377.62216566298116
train,1651,27,2,0,58.5
test,1124,9,0,0,59.03600596246328
train,1948,25,9,0,79.60056532462568
test,858,16,0,0,205.59100897104267
train,1015,2,0,0,886.803811448733
train,410,3,1,0,139.51702405083043
test,638,11,0,0,182.73546453822257
train,971,15,0,0,167.21991508190644
train,1029,6,0,0,84.13382197428095
val,29,2,0,0,595.1732940917292
test,39,1,0,0,NaN
train,1878,26,3,0,100.12991560967181
train,3284,4,0,0,265.1366900483363
train,1374,7,0,0,307.71618416976384
test,198,38,5,0,128.08934558479356
train,3471,5,0,0,186.45374761586316
train,593,3,0,0,438.85219607517064
test,110,4,1,0,323.8713275940143
train,1157,41,20,0,88.77640452282351
train,1284,2,0,0,361.0574746491201
train,800,6,2,0,181.05385938996164
train,897,6,1,0,273.3006586161109
train,2248,1,0,0,NaN
train,3919,9,3,0,174.34592051436132
train,1970,26,11,0,119.77348705133242
train,951,12,1,0,163.16371221114701
test,340,47,16,0,66.11542936410532
train,1279,4,0,0,224.2691241818606
test,1082,2,0,0,757.8037344853877
val,830,52,4,0,67.78951769071472
train,2162,7,2,0,454.8123239315311
train,2853,9,6,0,270.2059399791204
train,2375,3,0,0,192.14707908266521
train,741,46,1,0,77.01660139217128
train,2822,11,1,0,267.8255028932084
test,426,16,2,0,132.8052975022967
test,601,8,2,0,283.33627120803453
train,2910,7,1,0,204.4633218941725
train,1222,2,0,0,1566.0355200313945
val,816,8,1,0,228.2603617871784
train,2875,2,0,0,890.1804592328457
train,3598,13,0,0,216.30591762594014
val,1064,2,0,0,475.16444521870534
train,216,3,0,0,519.9185032291118
train,2052,5,4,0,311.5004012838507
train,1676,14,6,0,63.4448579476698
train,3191,8,0,0,216.33245435216116
train,3122,16,0,0,151.5081086384958
train,5333,10,0,0,155.49356899884958
test,339,8,2,0,108.51843161417327
train,3341,10,0,0,236.78887219183719
val,968,10,0,0,95.66216598007804
test,723,7,0,0,187.48866632412745
train,4640,6,0,0,102.5390169642756
train,2116,4,0,0,329.1509286359965
train,1731,5,0,0,446.5772609526822
val,389,2,0,0,1012.9887709150581
test,189,4,0,0,268.14123677171506
val,320,12,2,0,258.8751444277458
val,128,5,0,0,413.81759266614074
train,4886,35,5,0,44.10215414239989
val,145,7,0,0,268.5386378158644
train,973,6,1,0,236.62258979226814
train,2184,6,0,0,297.12181152808444
train,407,2,0,0,491.6879091456287
train,5013,1,0,0,NaN
train,590,4,0,0,478.7920648809867
train,2150,11,4,0,274.70711676256224
train,103,5,0,0,466.6219026149544
train,539,15,0,0,173.83469158945232
train,492,6,0,0,140.00892828673463
val,222,7,0,0,218.5040045399626
train,2847,2,0,0,623.5801873055301
test,9,24,9,0,135.41971791434216
train,1240,3,0,0,530.9105386032566
train,288,2,0,0,776.6165398702245
test,693,22,1,0,39.04484601070928
train,414,5,0,0,455.3701790851043
train,1365,14,1,0,270.970619912237
test,526,3,0,0,86.97700845625813
train,3292,7,0,0,286.34332539802637
train,5260,9,3,0,93.69364973145191
train,3184,5,0,0,378.9775718957522
train,4372,9,2,0,172.215707762097
train,4553,5,0,0,85.42833253669417
train,138,1,0,0,NaN
test,891,17,1,0,114.23659658795863
train,4836,3,0,0,71.43703521283621
train,2462,3,0,0,99.95248871338822
train,3096,4,0,0,509.0606280579383
test,624,21,9,0,182.36844573554933
train,3047,3,0,0,329.02013616190726
train,2990,10,2,0,133.49344553198108
val,1016,12,0,0,77.81039875801613
val,986,5,0,0,206.4763909022046
train,124,23,9,0,108.4769560782381
train,4521,2,0,0,667.5509343862834
train,1930,13,7,0,154.61646096066227
train,3261,11,0,0,174.34592051436132
train,4066,18,1,0,133.22220597550879
test,635,20,3,0,158.45442211102903
val,572,6,0,0,355.37198820391006
test,674,8,0,0,159.6151621870554
val,963,1,0,0,NaN
test,337,19,3,0,228.1403077055872
val,193,5,0,0,302.4508224488735
train,1078,4,0,0,93.71399118668512
train,2838,10,1,0,176.30547859862338
train,760,5,0,0,410.48081562967104
train,351,12,0,0,199.68141368708777
train,3894,2,0,0,1020.8385033882686
train,4724,4,0,0,523.311390665096
test,676,28,5,0,129.40394576903725
train,5238,5,0,0,422.8197015277316
train,5269,24,9,0,71.28990110808122
train,990,7,0,0,169.44763202830543
train,3490,10,0,0,245.32850833153748
train,947,4,0,0,417.86108642908187
val,883,19,2,0,158.76476309307427
train,4380,13,3,0,174.7491058632347
train,4235,11,2,0,267.40465590561433
val,416,3,0,0,385.2648439710013
train,900,8,2,0,269.3719547391673
train,1288,6,0,0,197.2004056790959
train,4332,10,0,0,140.83129080509042
train,3169,3,0,0,395.0322771622592
val,976,11,0,0,97.5820167858812
train,5335,24,3,0,87.88202319018379
val,660,17,0,0,224.348501220757
train,3170,5,0,0,311.2093346929041
val,614,6,0,0,475.16491896100115
train,1490,5,0,0,314.8114515070886
train,3175,8,0,0,202.64627150318023
train,2275,4,2,0,149.94129544356838
train,5383,5,2,0,197.18329036710995
val,122,2,0,0,432.15882497063507
train,3695,13,1,0,249.26542078675894
val,561,6,2,0,308.7313234596388
train,899,5,0,0,341.1077542361065
train,458,3,0,0,535.1971599326738
train,250,8,0,0,322.81844663648303
train,4766,6,1,0,119.3155374852237
val,86,8,4,0,358.6079563069799
train,1739,3,0,0,159.24352420114295
train,2120,1,0,0,NaN
train,1130,10,0,0,391.5183994535046
train,4785,4,0,0,406.0571944467705
train,791,6,0,0,310.51006424913186
test,100,3,0,0,582.7628162468844
test,819,4,0,0,395.89429397971446
train,1745,5,0,0,327.27091224244174
train,675,5,0,0,310.1427090872845
train,3765,14,0,0,284.30253892304825
test,587,3,0,0,83.66152042605967
train,2888,7,1,0,248.972388027267
train,3908,8,0,0,392.35598678400265
train,5073,1,0,0,NaN
val,857,7,0,0,160.37767924496225
train,2220,2,0,0,529.023865246172
train,3570,11,0,0,218.06936969689255
train,724,7,0,0,261.971849632742
val,554,3,0,0,71.34423592694787
train,3367,3,0,0,427.16273245684715
train,2650,3,0,0,767.404880099156
test,1170,4,0,0,367.8958723911516
val,367,1,0,0,NaN
train,500,8,0,0,181.00023463348606
test,1160,8,1,0,224.23326008659797
test,577,6,0,0,150.08331019803634
train,1506,41,11,0,64.23589339302443
test,927,9,3,0,35.9339672176619
train,4136,5,0,0,130.10188315316577
test,346,16,1,0,220.1215726040867
train,4329,3,0,0,554.1705513648303
train,2141,6,5,0,155.02015997927495
train,144,3,1,0,142.85132130995498
train,961,37,24,0,102.59873293564594
train,2734,46,7,0,85.87949958489565
test,78,10,2,0,266.5786708698779
test,441,9,2,0,37.606515392947536
train,1547,2,0,0,662.1489636026021
train,2835,23,10,0,195.28248769410942
train,1463,4,0,0,642.5528930361791
val,325,29,12,0,71.10028129339574
train,4077,23,0,0,189.8644253144859
test,844,6,0,0,144.1700384962146
train,2458,1,0,0,NaN
val,754,7,0,0,299.52504068942216
train,206,2,0,0,812.6242981845916
train,501,5,0,0,290.0969665473943
train,2917,7,2,0,94.6321826864413
test,81,21,8,0,140.50355867379304
train,4330,8,0,0,437.2050434292816
train,5000,1,0,0,NaN
test,80,13,2,0,217.63558992039881
val,680,39,13,0,52.50952294584288
test,813,21,4,0,45.721985958617324
train,2336,2,0,0,1002.112393896014
train,95,56,10,0,69.82578645322552
train,3994,1,0,0,NaN
train,1203,5,0,0,432.67077553262135
train,1516,2,0,0,1061.2268843183347
test,709,14,1,0,166.314394987522
train,5347,2,0,0,171.47375892538193
train,1817,2,0,0,1048.229578861425
test,751,9,0,0,231.02056185543313
train,1091,5,0,0,390.77007306087296
test,357,24,11,0,70.50177302735017
train,3067,25,5,0,41.36725758374611
train,3889,8,0,0,409.36688923262955
val,34,2,0,0,843.9320174042457
val,888,22,3,0,169.16052210826356
val,892,17,3,0,168.69869590485874
train,1166,16,1,0,187.40864441108366
train,2295,1,0,0,NaN
test,313,26,0,0,165.59902105766474
test,440,4,0,0,50.42888695227232
train,3409,6,0,0,231.4763281157889
train,575,29,2,0,126.00099205958658
train,272,4,0,0,110.07588186011193
val,795,3,0,0,139.09439241033408
train,3855,8,0,0,127.08480945594121
train,705,9,0,0,329.9655285025998
train,847,8,0,0,262.5509474368737
val,146,29,0,0,120.17695286534769
train,5357,5,0,0,146.0
train,2582,4,2,0,361.72249550425835
test,6,3,0,0,458.8431104419026
train,3569,11,0,0,195.5159840013087
train,3159,8,0,0,243.50823491693598
test,839,1,0,0,NaN
train,1467,14,9,0,256.94979746277266
train,3804,20,3,0,115.84148652361122
train,1630,9,1,0,278.49326742311024
train,241,10,0,0,193.79176969107846
train,4919,3,0,0,872.3045626385317
train,4015,20,2,0,191.6278946291484
train,1450,11,0,0,229.32782212370134
val,904,5,0,0,398.9949874371857
val,827,4,0,0,453.5405143386521
train,793,8,1,0,210.30097479564853
test,385,18,2,0,94.16721211373269
train,186,12,1,0,217.90364843205356
train,1479,12,0,0,292.9621995646186
train,2707,3,0,0,269.2104195606106
train,5093,33,5,0,47.01063709417264
test,776,3,0,0,205.9253505520872
train,2244,2,0,0,463.7138126042829
test,156,2,0,0,514.7428969883897
train,2746,5,3,0,444.7752241301217
val,981,9,0,0,65.43126164151201
train,1,1,0,0,NaN
val,1076,9,1,0,182.7327283219949
train,2689,8,0,0,333.715822220044
test,1139,3,0,0,599.9408304158003
train,3402,7,0,0,188.23190484081067
train,2814,7,1,0,284.4266161947577
train,1582,52,13,0,53.02699984200503
train,215,4,0,0,235.7297982349686
train,2493,2,0,0,934.5872083438762
val,258,7,0,0,310.02943408650737
train,1993,6,0,0,318.92475601621146
train,3562,14,0,0,245.90122056431818
train,4250,5,1,0,330.1155100869997
train,4306,17,4,0,105.18673870788085
train,4191,3,0,0,93.52138792810979
train,115,10,4,0,149.05368160498418
train,1836,22,20,0,142.38498033185192
train,2935,7,2,0,231.91808898833224
train,338,4,0,0,472.6998533484775
train,4978,6,0,0,92.9852138783366
val,295,18,0,0,181.06904760339356
val,3,1,0,0,NaN
train,426,3,0,0,437.29309393129
train,1035,6,0,0,207.11662659563615
train,484,36,27,0,101.5589965994586
val,270,11,1,0,165.6517431239406
train,509,3,0,0,279.2131802046601
train,316,3,0,0,62.787339488148405
train,2401,1,0,0,NaN
val,507,2,0,0,588.0308240220065
val,195,38,6,0,119.91648350919976
train,26,2,0,0,234.51279282802463
train,4150,7,1,0,302.3346655611956
val,649,4,0,0,553.4468641407716
train,2425,9,9,0,73.38426261808453
train,3970,12,0,0,253.6947599872556
train,915,32,1,0,106.70726249958207
val,932,4,0,0,162.79306685658787
test,365,14,2,0,266.1357736194065
val,645,5,0,0,312.31154317443986
val,587,18,7,0,193.09129964863772
test,498,7,1,0,258.6933512868083
train,4995,20,1,0,38.87219219446989
train,471,54,15,0,95.4829827770373
train,3439,4,0,0,316.32346867724107
train,165,3,0,0,511.5879689750337
train,164,4,0,0,538.4717060321983
train,1565,25,11,0,65.7419196555744
test,1169,3,0,0,447.47849110320374
train,1729,1,0,0,NaN
train,3879,10,2,0,180.77124742210145
train,2439,1,0,0,NaN
train,4068,15,0,0,211.41546774065515
train,2505,1,0,0,NaN
test,832,4,0,0,141.61059016261243
train,2030,13,10,0,112.92696754982842
train,3582,14,0,0,135.74322608264532
val,723,10,0,0,175.8557082853054
train,981,10,0,0,352.54145429207006
test,884,8,1,0,232.9645895839108
train,4289,12,0,0,173.47549715302472
train,4727,7,0,0,130.1623985642551
train,1460,12,1,0,248.9721543588432
train,3796,42,0,0,108.90821823902914
val,770,5,0,0,191.7354948881401
val,937,34,4,0,83.33816652650813
test,643,2,0,0,429.9069666800016
train,4508,9,0,0,25.5
train,4559,2,0,0,55.34663494739314
test,468,3,2,0,518.2318496580464
test,459,5,1,0,384.0052082980125
train,4961,1,0,0,NaN
test,183,3,0,0,198.99309033230276
train,3819,23,1,0,81.68537200747757
train,4094,2,0,0,65.08840142452416
test,490,2,0,0,396.4101411417221
train,469,5,0,0,397.44496474354787
test,821,9,0,0,282.07268566807386
train,3909,4,0,0,334.76793829339454
train,2636,3,0,0,299.4365542147451
train,4840,2,0,0,774.3101768671261
test,534,1,0,0,NaN
train,5146,4,0,0,314.50273036969713
val,769,13,0,0,242.43813643896868
val,650,5,0,0,276.55966806459685
train,665,9,0,0,240.53326173317487
test,519,8,1,0,497.73689590681073
val,899,8,0,0,261.4812527922324
test,552,1,0,0,NaN
train,1595,8,0,0,279.17632191136045
train,3315,16,0,0,129.58067154549235
test,319,7,0,0,292.6777237850534
train,2704,7,1,0,288.2416520907414
train,1315,19,0,0,116.77435506137466
test,1185,13,8,0,91.18113840043894
test,33,3,0,0,410.45249420608957
val,313,1,0,0,NaN
train,3396,18,2,0,84.04233580694347
train,1968,19,3,0,168.28695730804571
val,205,19,0,0,160.5381574579701
train,2012,4,1,0,208.17892449038536
train,4263,25,4,0,116.46995320682498
train,5053,4,0,0,223.53522273414023
test,487,5,0,0,186.14241859393576
train,752,7,0,0,328.3245345690754
train,382,6,4,0,389.6062443917202
train,1226,10,2,0,193.36925315533767
train,281,4,1,0,285.97115788010785
train,3193,6,0,0,222.3921086729473
val,1049,6,0,0,125.44421070738976
train,4028,26,0,0,141.94717327231282
train,2710,1,0,0,NaN
test,145,1,0,0,NaN
train,3351,7,0,0,305.5687320391273
train,1656,26,3,0,72.80109889280519
train,948,3,0,0,279.47450688747983
train,4342,6,0,0,223.22242270883095
train,3915,19,4,0,141.81061314302255
train,3734,4,0,0,186.97785915313656
test,562,3,1,0,30.401480227120523
train,4003,20,1,0,135.976663794281
train,1653,38,12,0,53.76339424766666
train,4025,13,1,0,100.2808556006579
train,542,1,0,0,NaN
train,2647,8,0,0,439.4233005036045
train,2809,6,2,0,303.63835396734714
test,1043,2,0,0,134.13426109685773
train,5218,3,0,0,55.220014487502624
train,160,4,0,0,482.4217399943376
test,944,5,0,0,291.5154369840472
train,4721,5,0,0,267.1895394659005
train,1452,15,2,0,210.05951537600004
train,1742,4,0,0,335.79831647077776
train,2834,13,3,0,102.32912586355852
train,4702,13,5,0,55.46169849544819
train,5068,1,0,0,NaN
train,234,10,0,0,208.52158161686765
train,4473,38,4,0,76.53744714643071
train,2578,3,0,0,74.78134794184977
test,157,17,0,0,127.5617497528158
test,409,1,0,0,NaN
train,4659,8,1,0,97.82990709312256
val,148,10,0,0,323.5652948015284
train,2100,13,7,0,149.04110171358772
train,3575,18,7,0,96.73813549517132
train,5319,2,0,0,1033.6159828485627
train,1518,1,0,0,NaN
val,19,2,0,0,630.2209929857938
train,2163,12,0,0,84.52366532516204
train,682,3,0,0,163.52752061961925
train,2602,1,0,0,NaN
test,664,44,38,0,57.85326087094765
train,48,2,0,0,388.61613450807727
train,3270,4,0,0,162.81775740427832
train,3884,6,0,0,358.70449441289145
train,1869,2,0,0,912.2329746287403
test,871,12,1,0,110.81868629380287
test,962,61,16,0,75.0483177692878
train,3812,2,0,0,552.025588175041
train,3038,1,0,0,NaN
train,706,4,0,0,411.6563448649805
test,960,34,8,0,132.83359643536465
train,4417,11,1,0,213.33834629526874
test,307,9,0,0,371.62951981778843
test,740,3,0,0,377.92889542875656
train,4019,21,2,0,156.92434482896527
test,107,5,0,0,506.0088932024812
train,3345,11,0,0,228.86786580907335
train,1016,2,0,0,938.7194735382877
train,5163,6,0,0,410.31725530374666
train,1580,55,2,0,51.34685968976097
val,828,14,0,0,92.7199004559487
train,5028,13,1,0,145.4269576110289
train,2700,1,0,0,NaN
train,4580,2,0,0,903.2834549575233
train,1202,5,0,0,434.5716281581208
val,935,9,2,0,187.44932648585325
test,610,3,0,0,128.61765042170535
train,413,2,0,0,672.2410282034265
train,2960,46,5,0,80.50621094052309
train,626,14,4,0,158.99213817041394
train,233,5,0,0,437.23935092807005
train,2258,1,0,0,NaN
train,3415,16,1,0,163.90682769078865
val,709,10,0,0,277.6320260574319
train,4551,2,0,0,695.2763838934844
train,3195,4,0,0,374.8233098910903
train,571,2,0,0,215.10753124890815
test,77,7,2,0,217.55459085020476
test,170,5,1,0,414.59618908041114
train,3174,6,0,0,213.9538501640015
train,3523,4,0,0,457.99517382942327
train,4132,1,0,0,NaN
val,914,7,1,0,209.65745872732504
train,2359,1,0,0,NaN
train,1064,3,0,0,162.4507617710671
train,1147,2,0,0,331.84521994447954
train,4215,19,2,0,133.1859602210383
val,771,9,0,0,170.52932299167787
train,3754,13,1,0,137.15775588715354
train,2916,8,2,0,319.38582576978376
train,5302,7,0,0,287.06314636330455
train,4639,8,0,0,83.74856429318545
train,1749,24,1,0,65.33347348165847
train,2424,6,6,0,206.33592344849066
train,2724,17,4,0,177.99227511327564
val,596,5,2,0,110.52827692495708
train,180,2,0,0,462.00108224981466
train,827,1,0,0,NaN
train,4800,10,1,0,111.35159857320636
test,375,9,2,0,95.63472172804185
test,920,21,3,0,160.7809068266503
train,3385,21,4,0,73.93578294709538
val,820,4,0,0,449.6725089858479
train,659,3,0,0,492.0022865800524
val,582,12,1,0,194.23508488555112
train,766,10,0,0,272.85838390492506
train,811,6,0,0,214.72994034277497
train,4564,2,0,0,97.7663029882996
train,5326,3,0,0,288.5342267392207
train,4407,9,3,0,128.5087545655937
train,4606,2,0,0,556.6742763950926
train,615,2,0,0,474.8012742190147
test,484,11,5,0,226.53586912451635
train,1024,8,0,0,274.37250634254326
train,2634,2,0,0,825.3655250857041
train,4628,1,0,0,NaN
train,2810,7,1,0,193.2466041098782
train,2374,1,0,0,NaN
train,5055,1,0,0,NaN
train,3508,11,1,0,78.40918313565064
train,2777,10,2,0,223.24034133641706
train,3952,21,1,0,131.0267148332736
train,3472,5,0,0,191.30669094414864
test,215,35,1,0,102.12247548899312
train,3600,25,0,0,169.45869703263978
train,3913,4,0,0,280.93245097439274
train,633,7,0,0,323.96025990852644
train,5312,31,3,0,53.16013544000805
train,2643,6,0,0,262.16938920240796
val,677,36,8,0,45.44367723856428
train,20,5,1,0,203.78542636803056
train,424,6,1,0,338.4590078576725
train,2733,2,0,0,437.99115287868545
train,3517,13,0,0,219.9829538850681
val,438,3,0,0,443.4072620063862
val,118,2,0,0,650.2707128573453
train,2050,5,2,0,333.1163460414394
train,4220,22,5,0,51.77311402709235
test,995,5,0,0,498.7015640641204
val,927,5,0,0,395.8288771678994
train,1583,10,3,0,271.5274122253744
test,289,8,0,0,102.82630986279727
train,2524,7,0,0,169.34358564764122
train,3434,4,0,0,269.28068342764067
train,5052,3,0,0,389.2306514137858
train,1723,7,0,0,208.37526244734522
train,3577,31,4,0,80.56208785775105
train,1542,2,0,0,726.3642337009718
train,3858,12,0,0,102.18855121783457
train,3266,9,0,0,298.1358750637031
train,3748,11,1,0,126.06050134756724
train,1544,3,0,0,420.13003939256714
val,96,3,0,0,527.7132270466602
train,2354,1,0,0,NaN
train,5247,1,0,0,NaN
val,207,10,0,0,307.59144981614816
train,3739,9,0,0,204.46576730592338
train,4845,2,0,0,515.7821730149269
test,837,2,0,0,539.3000092712775
train,2049,2,0,0,587.6404087535166
val,1075,2,0,0,274.16965550549173
train,926,96,24,0,37.2668630538847
train,3527,10,0,0,307.9226950993552
train,2562,6,0,0,389.48004860046035
train,1348,7,0,0,301.95115499033943
train,2811,19,21,0,209.9672593525
train,261,4,0,0,315.4353731654932
train,910,32,1,0,129.1804295795994
test,585,9,0,0,105.86429993156334
train,1180,2,0,0,754.7001060023777
test,899,10,2,0,119.18263296302864
test,1116,2,0,0,444.3087327523509
train,909,22,3,0,101.13146075122563
train,3735,4,0,0,321.11695315109694
train,3780,15,2,0,127.8690736652143
val,224,8,0,0,337.0372610507284
train,4531,5,0,0,103.47946656221224
train,676,4,0,0,425.9487485183962
val,391,15,0,0,182.19289228726788
train,4830,2,0,0,462.57458858004725
train,1958,13,5,0,120.98037030857526
train,3209,6,0,0,493.3452019847248
train,2337,3,0,0,79.83263743607623
train,2740,9,5,0,186.77325825717128
train,2630,2,0,0,697.7078543344628
train,3066,23,5,0,54.55730931781735
train,2934,5,0,0,254.58299236201935
train,3475,3,0,0,189.84203960134857
val,455,2,0,0,660.4805069038753
train,2871,3,1,0,549.2162597738709
train,1104,29,1,0,132.38202294873727
train,2820,38,5,0,105.47511554864494
train,2169,2,0,0,499.11371449800896
train,1759,44,10,0,41.33863283359221
train,4991,3,0,0,425.1176307799995
train,1859,2,0,0,1029.984587263324
train,5007,5,0,0,125.96924227762902
test,237,3,0,0,562.201476341
train,5385,11,6,0,190.26297590440447
train,1912,1,0,0,NaN
val,231,32,0,0,95.94399407987974
val,568,5,0,0,310.7796647144082
train,1734,4,0,0,419.72683448963096
train,3939,19,0,0,142.97727092094044
train,5303,9,0,0,308.41408852385456
train,2053,4,0,0,541.9510877486283
val,411,8,5,0,247.1301180770493
train,294,2,0,0,1044.5381754632044
train,2103,2,0,0,900.7303980659252
train,3856,1,0,0,NaN
train,4613,3,0,0,427.375712927162
train,3656,10,0,0,191.8938508655241
train,1552,3,0,0,471.76715655077135
test,612,2,0,0,559.1082185051478
train,3268,7,0,0,256.632032295269
train,4200,4,0,0,311.4234614747475
val,419,3,1,0,208.84922791334424
train,459,2,1,0,155.54099138169335
test,603,4,0,0,518.6621888224047
train,468,6,0,0,315.950446985386
test,762,17,6,0,62.38990302925627
train,1563,29,12,0,55.1837838499681
train,1914,1,0,0,NaN
train,3724,1,0,0,NaN
train,3417,8,0,0,178.3696311510005
train,5304,95,7,0,74.64080653369174
train,4037,34,2,0,120.54534903011513
train,574,29,3,0,138.59473294465414
val,350,14,2,0,105.54303460449853
test,1202,32,5,0,46.42467016576423
train,670,21,5,0,106.38138934982942
train,1725,4,0,0,413.9510178588163
val,877,5,0,0,203.26645074876473
val,369,6,0,0,310.5221409175198
test,106,15,0,0,203.08865059377396
train,341,5,0,0,360.3123644839294
train,1187,5,0,0,579.0047495487407
val,810,24,5,0,54.801916024898254
train,4910,19,6,0,78.805139426309
train,4560,2,0,0,868.5460551979958
train,868,40,2,0,125.8028033992091
train,777,6,0,0,342.1621442982472
train,257,6,0,0,542.5389386947263
train,442,1,0,0,NaN
train,76,1,0,0,NaN
train,2158,20,11,0,115.0558668051642
train,1510,53,14,0,61.74544517614235
test,696,1,0,0,NaN
train,4686,13,0,0,42.03867267171979
train,2665,1,0,0,NaN
test,929,8,1,0,96.64329616536496
train,614,2,0,0,396.7524417064122
val,759,21,0,0,148.048134064567
train,3413,2,0,0,872.9954180864869
val,233,17,0,0,204.74862636901864
test,650,2,0,0,1010.0148513759588
test,706,5,0,0,235.89669349102797
train,3597,13,0,0,169.75349775483272
val,153,8,2,0,211.70992361912153
train,2476,1,0,0,NaN
train,441,5,1,0,386.13631012894916
train,3633,12,0,0,132.94302217762237
train,1602,10,0,0,323.3005567579493
train,5382,1,0,0,NaN
train,5084,9,3,0,166.03162349383928
train,2600,3,0,0,485.7347527200416
train,5245,1,0,0,NaN
train,1326,8,0,0,253.8799868796446
train,785,6,0,0,240.64724003122632
train,1828,12,1,0,236.30594575676676
train,3948,17,7,0,118.66338946785567
test,581,6,0,0,403.00841971504576
test,1117,5,0,0,219.16432191394657
train,4340,2,0,0,634.8330489191627
train,3264,6,0,0,188.2352251838109
train,4163,7,4,0,135.88230201170424
train,657,2,0,0,1047.5243433925534
train,2919,9,0,0,401.3181406315942
train,4679,7,0,0,190.00065789359783
train,2443,3,0,0,129.32613811600498
train,198,3,0,0,414.59498308590275
train,4212,3,0,0,414.93674216680307
train,5253,1,0,0,NaN
test,1034,2,0,0,50.44799302251776
test,483,5,2,0,427.1814602718615
train,4804,5,0,0,145.57644040159795
train,90,62,5,0,103.17097460041754
train,22,3,0,0,416.80001199616106
val,631,6,0,0,33.17381900384834
train,3743,18,8,0,125.45266259250539
test,780,2,0,0,543.0858587737301
train,2568,1,0,0,NaN
train,5263,10,7,0,146.0961395613275
train,3623,10,0,0,241.2555698838889
train,4229,5,0,0,261.9508541692506
val,540,6,0,0,75.22798681341938
train,3900,6,0,0,223.98660674245681
train,4827,2,0,0,475.567292819849
train,3712,4,0,0,306.39049617657446
train,2576,3,0,0,265.8138446356773
train,157,4,0,0,74.27836714005444
train,4233,4,1,0,288.60521828523014
train,4494,2,0,0,661.9848940874708
train,3460,32,0,0,148.29109885626985
test,957,5,0,0,264.20068130116545
test,1155,4,0,0,160.72047484048457
test,1073,3,0,0,181.24017214734707
train,4974,5,0,0,218.43362836340012
train,4404,3,0,0,176.5708073266926
train,3320,12,0,0,143.3627466306967
val,713,7,0,0,286.15467845205677
train,3262,5,0,0,291.4965694480812
train,2579,3,0,0,571.9357481395965
train,2818,7,2,0,328.3725018938096
train,2511,2,0,0,239.38723859053138
test,416,3,0,0,318.9686504971923
train,2254,1,0,0,NaN
test,244,15,2,0,125.97817271257748
train,2865,17,8,0,279.9616045103328
train,2083,10,6,0,202.2529613025506
train,5387,21,8,0,43.142206712220926
test,981,3,0,0,761.6603573772236
train,2684,7,0,0,224.55567238437777
test,1183,12,7,0,160.4306703844374
test,841,3,0,0,195.60802642018552
train,4010,41,3,0,145.69317073905694
train,1109,22,0,0,113.67167643667682
val,133,1,0,0,NaN
test,941,1,0,0,NaN
train,5110,15,2,0,55.64395744373328
train,854,8,0,0,292.5755964240819
train,3215,39,6,0,45.60701700396552
train,1709,7,3,0,29.53811097548386
train,3206,10,1,0,159.33769171166
train,3493,5,0,0,139.41484856355868
val,114,7,0,0,451.67078718907646
train,3223,19,1,0,82.1112050818888
val,958,1,0,0,NaN
train,333,2,0,0,734.0551750379532
train,4812,1,0,0,NaN
train,2211,1,0,0,NaN
train,321,1,0,0,NaN
train,4894,8,3,0,106.68879978704419
train,4168,1,0,0,NaN
train,2912,6,1,0,462.8501377335865
train,2096,9,2,0,205.93324160999362
train,4098,18,1,0,79.22278712592735
train,3620,21,0,0,148.06079832285116
val,477,1,0,0,NaN
train,1014,2,0,0,952.6764928347923
train,182,9,1,0,103.53381090252594
train,1967,13,4,0,173.00072254184374
train,1335,13,0,0,264.42579299304373
test,462,11,7,0,74.74790966976936
train,3638,7,0,0,291.10994486619654
train,3747,6,0,0,176.23280057923384
test,922,2,0,0,369.8986347636336
val,737,17,0,0,223.43958915107234
train,3089,5,0,0,277.6058356735319
train,2119,3,0,0,250.44959572736389
train,2507,3,0,0,615.3832139407119
train,1405,23,0,0,146.4803741120291
train,5024,4,0,0,272.1614963593818
val,36,2,1,0,454.4678206430022
val,265,7,0,0,72.069410986909
train,5081,9,1,0,183.50476833041697
train,5164,4,0,0,385.7811785779445
train,2980,24,7,0,163.2335115764849
test,632,6,0,0,306.1180327912748
train,4048,34,2,0,88.20669995911803
train,153,4,0,0,122.14437785788641
train,3036,1,0,0,NaN
train,1195,8,0,0,269.6977034168193
train,114,19,5,0,148.82960055042813
train,2132,3,0,0,733.9771794817602
train,1562,24,11,0,61.82202296569321
train,2982,9,3,0,367.679887946023
train,5275,9,5,0,209.3854101889623
train,2327,2,1,0,310.7881110982207
test,457,11,4,0,128.80702620587124
train,5325,5,1,0,142.75328367501743
val,565,11,1,0,107.77870847249933
train,1847,8,2,0,156.7740285580149
train,2723,12,1,0,163.63144563316672
train,2558,3,0,0,420.90497739988774
train,589,4,0,0,477.6039731128553
train,4996,5,0,0,161.05899540230592
train,5381,1,0,0,NaN
train,4535,7,0,0,352.123912848872
train,5176,4,0,0,207.6132326717284
train,2233,6,2,0,339.77418972017284
train,694,138,20,0,45.268206209678425
val,670,5,0,0,311.3647378878989
train,96,90,2,0,54.737536029431965
train,505,4,0,0,453.76991393351534
test,814,7,0,0,174.03519758945316
val,569,5,0,0,230.45661196850048
test,916,24,6,0,138.94063480494106
val,658,9,1,0,201.26164562578734
test,1022,3,0,0,78.36612788698955
train,4072,28,3,0,82.75742991748182
train,253,7,0,0,312.22147587890237
test,177,8,0,0,270.89784124350814
train,44,1,0,0,NaN
train,21,4,0,0,377.5723536970535
train,4975,3,0,0,645.8995664962162
test,907,13,1,0,291.05197130409545
train,787,6,0,0,320.1887879020423
val,653,21,0,0,109.41320761224397
train,3285,5,0,0,259.59439516291565
test,745,11,0,0,194.51542355299233
train,835,36,0,0,93.94147114027967
test,169,3,0,0,495.3708206989992
val,879,6,2,0,168.89557134530224
val,315,5,0,0,762.6573608115245
train,2826,19,3,0,204.88167316770918
train,4074,28,3,0,106.52933868188613
train,4642,7,0,0,74.94164396382027
train,2246,6,5,0,71.77917525299382
val,721,29,7,0,61.018439835839786
val,309,1,0,0,NaN
val,834,10,1,0,288.4946804834571
train,4650,3,1,0,24.627220712049503
train,1260,3,0,0,425.60339519322446
train,4434,6,1,0,139.08630414242805
train,4488,1,0,0,NaN
train,5214,1,0,0,NaN
train,5248,1,0,0,NaN
test,532,1,0,0,NaN
train,2433,2,0,0,767.5058631697872
train,4246,6,0,0,270.1481075262235
train,5364,2,0,0,825.0128786873572
train,2016,2,0,0,426.27485264791306
train,314,4,1,0,529.738799371318
train,922,11,0,0,226.101747007846
train,591,2,0,0,339.284541351356
train,2552,4,0,0,393.4266295618265
train,1712,8,0,0,141.12290242569915
train,4795,3,0,0,399.03665245187693
train,5211,2,1,0,92.35393873571392
train,4275,23,3,0,136.67936932836645
test,1115,2,0,0,686.7437658981696
val,856,3,0,0,489.4713985515395
test,1031,1,0,0,NaN
train,1815,1,0,0,NaN
train,3783,12,0,0,196.69296755870099
train,4693,4,0,0,153.64979012628828
train,4271,15,0,0,135.72951042422574
train,335,3,0,0,482.6036158173703
test,592,24,1,0,40.40086406821939
train,4185,1,0,0,NaN
val,48,9,0,0,230.9031182119462
train,2819,7,3,0,229.2275070753944
train,1987,4,0,0,502.7119904252188
test,148,9,1,0,255.41045397555678
train,576,10,0,0,261.96421511343874
train,3451,9,0,0,142.3411395205195
train,934,52,8,0,48.23324163210527
test,565,1,0,0,NaN
train,1803,2,0,0,472.7359199383944
train,1303,60,0,0,87.36704184073076
train,4834,4,0,0,286.25289619558066
train,3572,13,0,0,269.82309019059136
train,5278,6,2,0,314.6049109597624
train,3640,6,0,0,163.50305807537669
train,2618,10,3,0,68.17074152449862
train,2160,5,0,0,535.0114484756377
train,1144,4,0,0,420.1680031173138
train,3753,9,0,0,134.24790501158668
train,3061,29,5,0,47.460509900337144
train,1664,26,9,0,54.502293529722216
train,4272,19,2,0,167.28717822953436
train,3886,15,4,0,194.3514857159574
train,4335,3,0,0,401.9331412063454
train,3467,5,0,0,261.1225765804252
val,673,5,0,0,210.93245364334052
train,1159,50,11,0,93.82030697029295
train,1293,40,1,0,82.30735082603498
val,257,12,0,0,185.4871945384356
train,4441,9,0,0,140.41456477160764
test,609,32,3,0,82.79115213459957
val,837,14,0,0,197.3367982616357
train,1693,9,2,0,71.21270953980054
train,260,6,0,0,402.29234249162255
train,2471,2,0,0,839.0335213804035
train,4091,7,0,0,418.01255961992337
train,1403,22,1,0,142.5562684293062
test,712,9,0,0,223.18714120665643
train,3156,4,0,0,193.61064444094478
val,110,3,0,0,79.30952023559341
train,3355,20,0,0,203.41104693991014
test,223,15,2,0,188.63523000754657
val,712,8,0,0,207.5361414308361
train,3318,13,0,0,246.83040736505703
train,4023,12,2,0,120.1384617847257
train,146,45,12,0,88.48163651289458
train,3056,22,2,0,83.15820766300462
test,1052,2,0,0,473.2940417964291
test,830,5,0,0,327.34118286582884
train,5268,15,10,0,111.8659912573969
train,3379,3,0,0,620.0622952575008
test,1171,2,0,0,1064.7445703078274
train,2373,1,0,0,NaN
train,2722,8,3,0,163.9588362974073
train,1864,6,0,0,162.82021822602206
val,1004,8,1,0,75.66593050073325
train,1848,13,5,0,96.8465280740616
train,251,10,0,0,167.71776888570872
train,1032,5,0,0,229.49074055394914
train,3613,22,0,0,177.0346011377437
train,4119,1,0,0,NaN
train,2305,1,0,0,NaN
train,1004,8,3,0,154.27033444920534
train,287,4,3,0,380.653790890507
train,4612,4,0,0,142.44873499948153
train,3977,38,1,0,109.49842551724926
train,2503,2,0,0,572.2326886852935
val,37,1,0,0,NaN
train,1207,4,0,0,408.36802702629404
train,34,1,0,0,NaN
train,1099,14,3,0,181.8378398463862
test,798,14,0,0,157.57478724468854
train,789,9,0,0,314.8650504581288
train,5178,2,0,0,346.08127658109447
train,2701,3,0,0,848.2349320795507
train,944,5,0,0,331.94125986385
train,2279,4,0,0,105.64792890123911
train,1548,4,1,0,232.29718464305648
train,4528,3,0,0,456.88346435387655
val,371,4,0,0,532.7482318458076
test,482,6,2,0,284.8229868641773
train,1902,9,0,0,123.22844639124523
test,303,12,1,0,145.63525634580634
train,1271,9,0,0,265.25506592711855
train,1539,11,0,0,271.5188759552455
test,959,19,2,0,124.17024603341977
train,2351,2,1,0,161.23430156142334
val,239,3,0,0,226.57724951989331
train,1441,5,1,0,431.0875781091355
train,2593,6,0,0,124.78982330302419
val,460,3,1,0,645.9769732738157
train,610,2,0,0,336.5
train,763,14,1,0,141.05495383005874
train,596,2,0,0,424.1347073749094
train,4776,6,0,0,98.25667788896833
train,1861,22,6,0,73.09448322231866
train,4877,3,0,0,165.9954818662243
train,2692,4,0,0,479.393003388592
train,4945,10,0,0,135.29842180977764
val,852,25,2,0,154.40207252495026
val,272,6,0,0,411.6916321714591
train,4125,9,1,0,118.06777714516353
train,2324,2,0,0,730.5511617949834
train,239,6,0,0,380.8873690431303
train,3622,9,0,0,155.5
val,1019,7,0,0,152.43359209832983
train,2590,5,0,0,165.73774464496614
val,683,10,1,0,325.8972230627318
train,248,8,0,0,324.3182552565152
train,2624,3,0,0,318.03498235257075
test,996,3,0,0,170.6648762926924
test,451,3,0,0,397.85424466756666
train,2876,2,0,0,905.597730783376
val,132,1,0,0,NaN
train,3922,16,0,0,85.46727169880607
train,512,5,0,0,171.56995657748473
val,356,16,7,0,61.66011832687659
train,4376,4,0,0,242.30960182489054
train,623,2,0,0,385.73079991102605
test,140,1,0,0,NaN
train,1755,23,1,0,49.663870167356066
train,2308,5,2,0,313.26107322806644
train,4006,20,0,0,243.58667100882695
train,3580,21,1,0,83.81527307120105
val,210,3,1,0,187.75316242343297
train,2605,2,0,0,1032.0030280963326
train,2899,13,0,0,233.0434508841645
train,4453,4,0,0,118.59637048144316
test,880,8,0,0,314.294845646568
train,4954,1,0,0,NaN
train,2460,12,6,0,125.77198048312411
train,312,6,4,0,124.57939643543045
train,3691,21,3,0,146.63219291819925
train,5040,2,0,0,975.4857764211635
train,2265,5,2,0,161.93594412606487
test,934,8,2,0,129.09012133455744
train,2764,6,4,0,368.1985711711816
train,3576,23,6,0,60.25363059600641
test,101,4,0,0,336.10355911463137
train,4195,9,1,0,200.93842340378805
train,532,15,1,0,103.98196959088628
train,713,4,0,0,293.05051633700174
train,1800,3,0,0,129.1636558788888
train,519,5,1,0,379.3273652137425
train,411,1,0,0,NaN
train,2056,4,0,0,343.63389746211794
train,1881,22,3,0,122.71005278755587
train,2802,2,1,0,405.9264095867624
train,4900,22,1,0,53.924690999394755
train,1196,2,0,0,761.120883959966
train,4396,7,0,0,268.9879179442824
train,4328,9,0,0,304.3702515030009
train,568,8,0,0,197.06882495661307
train,3028,20,4,0,42.89905323697823
train,121,16,1,0,193.9378850679667
val,675,4,0,0,426.58865892844847
train,3843,4,0,0,113.61770029527138
train,1287,4,0,0,450.79196263451627
train,2791,3,0,0,817.0024479767487
train,5165,4,1,0,346.82595139612215
train,579,14,1,0,136.90325050925563
test,8,2,0,0,310.3824254045322
train,3220,14,0,0,79.20227269466452
train,4788,1,0,0,NaN
val,1046,4,0,0,252.47124852716658
test,695,4,0,0,285.9233845033966
test,818,24,0,0,107.37732871535349
train,2355,1,0,0,NaN
train,4110,2,0,0,422.58874807547824
val,235,1,0,0,NaN
val,1035,1,0,0,NaN
train,1085,1,0,0,NaN
train,839,40,2,0,65.11514365490551
train,3339,10,0,0,215.61396533019177
train,2775,1,0,0,NaN
test,280,3,0,0,315.56932677305633
train,846,4,0,0,461.18719668610504
train,2172,3,1,0,81.00617260431454
train,2957,35,12,0,107.68588579753616
train,3438,2,0,0,529.0831692654757
train,4207,9,0,0,333.12159941979144
train,2556,4,0,0,463.8264726478708
train,1675,3,0,0,348.7008029815819
train,1124,9,0,0,329.55462369689184
train,4774,1,0,0,NaN
val,61,3,0,0,145.18350457266143
val,1094,5,0,0,315.5253555579963
train,1614,10,1,0,269.0112789230783
train,2569,6,1,0,92.5054052474773
val,131,1,0,0,NaN
train,1072,14,2,0,193.18759931730185
train,2553,3,0,0,688.472403223252
train,1239,5,0,0,227.30431144173224
train,2674,8,1,0,165.55338449123957
train,269,5,0,0,230.26940743398808
val,687,5,0,0,364.9414336575117
train,1626,24,8,0,173.1776132907394
train,4716,3,0,0,98.85848471426213
train,3,6,0,0,167.2139348260186
train,5026,15,2,0,87.20665112249179
test,875,2,0,0,200.33035216861174
train,1241,5,0,0,241.99690080660125
train,2046,8,3,0,241.4295461083357
test,1188,4,0,0,315.6930113135759
train,3536,9,1,0,257.034044437697
train,4750,2,0,0,349.4402667123524
train,449,8,0,0,250.31201941850608
train,2554,1,0,0,NaN
train,2372,1,0,0,NaN
train,19,5,0,0,460.6747768220005
train,3236,7,0,0,224.47494292236718
train,5337,8,1,0,143.3953443650402
train,1457,12,0,0,194.74387157055472
train,2528,1,0,0,NaN
train,1596,11,0,0,273.56580561173945
train,911,17,0,0,154.2311576822271
train,1255,2,0,0,642.9498425227274
train,573,17,4,0,181.5337434197841
train,991,13,1,0,131.88726246305973
train,1017,1,0,0,NaN
train,2994,12,6,0,166.09820276680765
train,5102,8,1,0,174.54554987556241
train,1005,4,0,0,509.212164202615
train,4779,17,0,0,40.35467754796215
val,359,4,0,0,313.3218616783066
val,923,18,1,0,189.65809627158436
train,3824,10,2,0,135.44511259101392
train,3265,8,0,0,282.37215386253433
train,3465,5,0,0,279.6287717671413
train,3041,6,0,0,352.0621836877737
train,1943,8,2,0,199.2786993132984
train,4654,16,0,0,55.61025085359713
val,867,22,2,0,44.98396124043401
train,4365,2,0,0,938.4302051831025
train,1414,45,0,0,106.85621179884677
train,176,1,0,0,NaN
train,3449,6,0,0,514.9077587296583
train,1451,18,2,0,185.5970096741863
train,283,1,0,0,NaN
train,3750,19,1,0,146.98639392814562
train,1870,2,0,0,959.9860676072335
test,775,4,0,0,415.1117732695328
train,2342,4,3,0,393.1456626291363
val,714,10,0,0,190.53678254389888
train,5352,5,0,0,188.09837851507388
train,2911,23,3,0,133.61979643750396
train,1337,8,0,0,275.80015631796846
val,23,1,0,0,NaN
val,956,3,0,0,163.74751906517545
train,1789,24,9,0,135.07191020998312
val,648,7,0,0,112.1004014265783
val,1088,6,3,0,205.65565880860171
train,2527,1,0,0,NaN
train,477,45,8,0,88.18871809931245
train,488,7,1,0,114.51309968732835
test,626,6,0,0,307.02809317715537
train,40,7,0,0,348.22765542099035
train,977,11,0,0,111.20364202668904
train,1028,6,0,0,460.9956799587174
train,4266,12,2,0,145.4663400156546
test,3,5,0,0,301.2349581306924
test,777,4,0,0,403.6373890663057
test,953,8,6,0,236.55500085796143
train,4752,6,0,0,223.41553213686822
train,3757,8,0,0,294.6911977155508
train,2676,3,0,0,726.6997316636356
val,1077,3,0,0,655.969892601787
train,1415,56,2,0,93.76166594083107
val,47,24,1,0,178.95001987603425
train,54,9,3,0,78.23042886243178
train,913,30,0,0,87.37030214086506
train,2566,1,0,0,NaN
train,1623,8,0,0,249.82168044395684
train,4658,3,0,0,156.7202922406668
train,4657,6,0,0,146.47009495797175
train,3926,6,0,0,264.2721275271149
val,187,35,2,0,96.30420551564714
train,1505,41,10,0,69.01630242196404
train,860,34,7,0,169.27694889411853
train,4027,12,0,0,123.88287260480323
train,4611,2,0,0,456.11073216928366
train,3111,12,0,0,246.74768090502684
train,3973,8,4,0,156.69157603394
train,3491,4,0,0,292.5778886629231
train,2993,6,0,0,226.22610371042506
train,3829,5,1,0,190.62069667273803
train,1211,4,0,0,307.23706039927526
train,4643,2,0,0,383.0708159074507
train,3224,20,1,0,91.73745293434544
test,231,4,0,0,194.36568893307825
train,717,7,1,0,114.99673908420186
val,115,9,1,0,255.90476744289074
train,1924,5,0,0,526.450614967824
train,4811,1,0,0,NaN
train,32,8,0,0,246.4330837681122
val,924,14,5,0,147.6093725120523
test,766,6,0,0,399.1021172582275
test,789,5,0,0,136.93246510597842
test,785,6,0,0,237.57156816420604
test,816,13,0,0,336.88351102421143
val,859,2,0,0,357.99511169847
train,1850,6,2,0,260.2786967848118
val,88,6,0,0,388.42148498763555
train,4465,7,2,0,125.72290960680158
train,5131,1,0,0,NaN
test,597,33,13,0,40.01249804748511
test,998,8,0,0,243.90163969296304
test,964,3,0,0,541.2266161230432
test,323,9,0,0,267.0674072214728
train,1320,6,0,0,330.58496182249166
val,204,1,0,0,NaN
train,769,8,2,0,211.5719491456412
train,2856,8,5,0,309.6020493261387
train,1302,54,4,0,73.87827826905551
train,804,3,1,0,136.44137935391888
train,4102,7,1,0,68.8712567040852
train,4516,4,0,0,159.26638427663002
train,2622,1,0,0,NaN
train,1925,27,12,0,146.27457058559426
val,1068,8,0,0,91.97866405486252
train,2214,2,1,0,199.38718614795687
train,3163,5,0,0,59.841457201508724
train,1714,6,0,0,202.92217369986327
train,4808,2,0,0,347.8681503098552
train,3346,2,0,0,778.3845450675392
test,509,3,0,0,420.4120003044632
train,518,4,0,0,250.17472185466727
train,4806,10,0,0,100.22474744293447
train,1355,7,0,0,265.81431488917224
train,2031,4,0,0,271.01008003719284
val,18,63,3,0,67.39621651101788
train,1880,14,2,0,128.03809797593004
test,834,20,0,0,113.15302737055967
train,1094,5,0,0,382.92460093339525
train,5277,7,3,0,104.50119616540282
val,403,11,3,0,170.86910194649002
train,132,2,0,0,158.3619272426299
test,783,16,0,0,161.14977505414024
train,2781,9,0,0,136.01470508735443
test,230,17,1,0,145.38225476308997
train,1500,6,0,0,96.01692559127271
val,1066,4,1,0,92.40856044518497
train,4825,3,0,0,333.1786307673408
train,2148,5,3,0,277.98291314395567
train,5071,3,0,0,407.4165558737151
val,615,5,0,0,160.02656029547094
train,3617,14,0,0,156.34614445844574
train,4921,2,0,0,36.05551275463989
train,3286,6,0,0,421.88416656708034
train,3545,7,0,0,345.07752752099054
train,2323,3,1,0,300.1666203960727
train,447,2,0,0,918.2403007927718
train,962,13,3,0,196.6093843131604
train,393,65,21,0,110.36870027322058
train,4053,65,4,0,69.56471806886016
train,933,132,35,0,40.50308630215727
train,4630,2,0,0,611.3018894130788
test,331,3,0,0,587.8235279401464
val,87,1,0,0,NaN
val,1010,9,5,0,62.09871174187111
test,742,6,0,0,308.6820994227284
train,3775,16,0,0,185.7855027405585
train,2224,3,1,0,192.5233752041554
test,102,3,0,0,395.33814640128014
val,263,13,1,0,171.791297800558
train,744,30,0,0,114.51416279669107
train,4513,9,0,0,171.53498185501405
val,869,8,1,0,247.1639132235934
train,1663,32,5,0,53.3689984916337
val,1079,2,0,0,393.80229811416797
train,530,3,0,0,498.01405602653426
train,2540,3,0,0,499.8022108794638
train,735,35,1,0,105.9363016156407
train,3809,1,0,0,NaN
val,594,8,5,0,298.45134018522856
test,452,2,0,0,422.9213874941772
train,2539,3,0,0,168.86088949191284
train,3682,3,0,0,375.3531670307312
train,2325,2,0,0,545.1995047686672
train,2302,1,0,0,NaN
train,2320,3,0,0,393.98762670926607
test,500,3,0,0,421.58569710083856
train,1973,10,5,0,279.8689958639949
train,4674,3,0,0,99.05806378079474
train,797,5,1,0,638.6775399213597
train,3649,5,0,0,274.720312317819
train,1778,2,0,0,1059.7552783543945
train,2732,1,0,0,NaN
train,1077,1,0,0,NaN
train,380,2,0,0,605.9954620292135
train,4717,7,0,0,171.37823665798408
val,907,6,1,0,136.06064824187777
test,387,5,0,0,372.631520405883
train,3105,19,0,0,115.33646431202926
train,197,8,0,0,247.98096621996905
train,5017,4,0,0,284.95248958030055
train,368,2,0,0,534.1537699951205
test,918,15,2,0,199.31445005317602
train,162,4,0,0,534.0564355098252
train,4706,28,9,0,52.01646312379373
train,2477,3,3,0,36.5
train,3873,16,2,0,260.5882767892677
train,4013,27,1,0,121.5257174428524
train,2861,27,22,0,111.96651285094129
train,3327,12,1,0,106.27558515482283
train,4356,4,1,0,330.8784393407862
test,369,20,2,0,196.8483423153131
train,238,8,1,0,202.02563896568685
train,3709,14,2,0,240.75402385006984
val,398,2,0,0,597.5922522924808
train,2047,9,3,0,109.7144019716646
train,4688,8,1,0,37.54232700424533
val,473,5,0,0,358.2139723684714
train,1120,15,0,0,201.00808441453293
train,2018,4,1,0,562.6016933476005
val,264,17,1,0,230.09182949422606
test,309,7,0,0,390.049355851282
train,4369,22,7,0,169.9831698573783
val,662,13,0,0,199.68099559046675
train,98,33,2,0,97.24453712162962
train,2483,1,0,0,NaN
train,208,13,5,0,154.0665440645697
train,1200,1,0,0,NaN
train,4740,7,1,0,33.860005906674026
train,68,9,0,0,221.41589825484527
train,474,44,10,0,104.46791557071265
train,891,10,2,0,179.9909493143865
train,1285,2,0,0,430.2339479864414
val,400,21,7,0,154.3502510525979
train,4438,8,1,0,210.1290787693993
val,373,1,0,0,NaN
val,618,6,0,0,426.81260524965757
train,1952,26,5,0,69.47433638522018
train,1266,6,1,0,102.7277956543408
test,1127,2,0,0,1010.9570960233674
train,247,13,1,0,199.69977466186586
train,3403,8,0,0,246.8764873372918
train,4038,57,3,0,81.54140052758476
val,165,3,0,0,218.61667365505312
train,4153,7,5,0,200.44014069043158
train,5108,22,5,0,63.265314351546536
train,994,16,2,0,160.2662650992467
train,259,3,0,0,305.503682465531
train,4387,13,1,0,128.82546332150332
train,445,1,0,0,NaN
train,1496,24,11,0,152.89110351599302
train,1020,1,0,0,NaN
val,975,5,1,0,169.66437457521835
train,3443,2,0,0,334.8973723396468
train,772,3,0,0,283.0989226401259
train,711,2,0,0,730.6676741173103
train,4130,5,0,0,464.0759636094074
train,200,3,0,0,556.7299614714481
train,2999,31,10,0,114.5043667289593
train,1044,1,0,0,NaN
train,1624,23,10,0,183.09696884438037
train,2389,10,8,0,164.8104972384951
val,316,5,2,0,369.5361957914272
train,693,44,8,0,62.49486295337005
val,249,5,0,0,128.70994522568952
train,4344,10,0,0,143.19260829660075
val,267,9,0,0,356.6854356432289
test,34,21,1,0,161.1311577566549
val,58,1,0,0,NaN
test,229,15,0,0,220.00227271553356
val,38,45,20,0,96.6902270139025
val,546,2,1,0,235.9162987163032
train,4933,3,0,0,486.19029196395934
train,3428,2,0,0,644.8026829968994
val,946,2,0,0,154.73364210797857
train,2849,1,0,0,NaN
train,2057,6,2,0,121.04966281466653
train,1593,12,2,0,234.33668528429956
train,191,17,0,0,116.07109890063073
train,2844,6,0,0,407.240542003198
train,4593,3,0,0,313.38873623664267
train,4632,2,0,0,899.0001390433708
train,1434,2,0,0,527.0607175648742
train,1531,10,0,0,286.23853688837914
train,109,4,0,0,436.92329619139207
test,640,6,2,0,485.41219597368996
val,89,1,0,0,NaN
train,2029,5,1,0,144.8481963988506
train,2117,2,0,0,930.5134335408598
test,794,22,0,0,121.95160490109882
test,892,35,1,0,99.36422897602537
train,5137,3,0,0,594.8398944253823
train,1379,4,0,0,561.147104803476
train,1220,1,0,0,NaN
train,1613,16,1,0,247.37914347102327
train,2473,2,0,0,810.2001295976198
train,366,23,5,0,84.71274992585236
test,714,8,0,0,218.38592341550424
test,430,2,0,0,608.488496193642
train,4483,2,0,0,855.6412799766033
test,355,25,5,0,62.64982043070834
test,1138,5,0,0,424.3609901958473
train,4571,3,0,0,438.6607459073583
train,2635,1,0,0,NaN
train,1400,28,0,0,142.94491946200816
val,812,6,1,0,361.00554012369395
train,2928,3,0,0,551.5580205200537
test,380,11,1,0,97.73944955850733
train,2877,4,0,0,334.1491852330814
train,1427,12,1,0,96.86161416910439
val,346,3,0,0,148.39474384222643
test,1054,17,4,0,39.322385482063524
train,1672,2,0,0,531.5717261104093
test,866,1,0,0,NaN
train,5042,2,0,0,485.1012780853087
test,843,1,0,0,NaN
train,5394,5,4,0,264.60631133818407
train,5136,4,1,0,286.182166301439
test,668,27,4,0,90.00138887817232
val,503,31,10,0,102.61700638783027
val,945,1,0,0,NaN
train,3881,5,0,0,411.8898517807886
test,1192,9,0,0,123.81538676594279
train,3114,3,0,0,217.36835096213983
train,2900,10,3,0,186.36763409814844
val,366,1,0,0,NaN
val,99,11,3,0,195.356724993024
train,4049,66,3,0,73.26059152983942
val,863,3,0,0,261.4502820805516
train,111,14,1,0,134.42715471846915
train,358,15,5,0,122.80268726701382
train,10,1,0,0,NaN
val,805,11,1,0,81.68537200747757
train,82,23,6,0,99.60045180620418
train,2784,18,5,0,163.61311072160447
train,1753,19,1,0,49.86481725625794
train,5139,3,0,0,467.60052395180224
train,1911,2,0,0,938.1495083407548
train,2886,3,0,0,228.95414388038492
train,5344,10,1,0,126.33594005130874
test,797,13,0,0,298.61388112410316
train,604,3,0,0,380.4947437219074
train,4348,22,2,0,64.06622590240943
train,4108,5,0,0,264.6889684138725
test,846,21,3,0,91.75238416520848
train,5101,13,3,0,139.4390547873873
test,429,28,16,0,86.24683978209832
test,248,3,0,0,155.74097084582465
train,5379,3,0,0,532.4894365149415
test,863,32,5,0,129.72841843971915
train,2947,2,0,0,1107.9842056636005
train,1692,10,4,0,67.81777053250866
train,1942,13,2,0,195.72429588581997
train,2201,5,1,0,426.81201951210323
train,4980,6,0,0,223.4434769885732
val,599,8,1,0,314.4781391448379
train,2773,3,0,0,450.9911307331886
train,1603,10,0,0,305.272918048008
train,3281,3,0,0,255.78311124857325
train,3567,5,0,0,226.00995553293666
val,988,3,0,0,86.34813257969161
train,3947,21,6,0,142.0211251891774
train,843,8,0,0,157.47063218263906
train,3118,9,0,0,223.21514285549716
train,1182,13,0,0,224.66252468981114
train,3505,20,0,0,145.75865117933324
train,1395,13,0,0,231.84585396336075
train,1237,1,0,0,NaN
test,657,4,0,0,196.50952940368492
train,161,7,0,0,169.05990062696713
train,5227,9,2,0,144.42472087561742
train,1875,2,0,0,866.6379001636151
val,101,34,3,0,86.99712638932392
test,463,5,0,0,296.6150704195591
test,267,144,22,0,57.48912940721924
train,2772,6,5,0,415.880899150461
train,4362,14,0,0,132.90949377188696
val,1017,17,8,0,74.36733153744323
train,1843,10,5,0,154.00433736344343
train,4106,1,0,0,NaN
train,1503,3,0,0,161.03803898458278
train,3749,11,1,0,264.46786194167333
train,1338,15,0,0,216.60620951394722
train,4637,16,2,0,63.95701681598353
train,1612,12,2,0,268.0359410166359
train,2821,9,2,0,280.40149785619906
train,36,2,0,0,568.7398350739994
train,2855,9,3,0,352.96529574449664
train,814,2,0,0,646.4429595873096
train,4219,17,4,0,47.50789408087881
test,130,5,0,0,392.5101909505026
test,690,8,0,0,34.998141847519975
test,67,15,3,0,196.01594322911592
test,631,2,0,0,334.8320474506585
val,441,3,0,0,237.32361871503645
test,428,3,1,0,181.0041435989795
val,655,16,0,0,294.2257209353348
val,689,3,0,0,536.4804283475772
train,4071,20,1,0,96.17692030835673
train,1905,31,11,0,99.73088789337032
val,65,5,0,0,492.20447986583787
train,5072,2,0,0,674.7001185712064
train,1318,7,0,0,291.0210473488129
train,4511,10,0,0,44.60100895719737
train,2927,6,0,0,115.61249932425127
test,1113,4,0,0,148.67519139569245
train,1750,35,5,0,42.941821107167776
train,150,1,0,0,NaN
train,529,4,0,0,731.3648303134162
train,845,4,0,0,180.7445770214165
train,1695,11,2,0,145.10168848087193
train,3322,9,0,0,343.4534175110214
train,4367,5,0,0,473.78502509049395
train,4753,1,0,0,NaN
train,2445,1,0,0,NaN
train,307,5,0,0,291.00386595370173
test,407,13,1,0,242.6860111337281
train,786,5,0,0,298.3978049517121
train,4746,4,0,0,284.7924748915982
test,796,11,0,0,208.19822285504745
train,4863,6,0,0,108.4492969087398
train,669,15,1,0,164.14932226482082
train,265,37,3,0,94.42722065167438
train,1389,7,0,0,276.26527107112105
train,727,5,0,0,261.83964558485025
train,2344,3,2,0,366.37173744709077
train,1333,10,1,0,108.61054276634474
test,342,2,0,0,395.03544144797945
val,818,4,0,0,258.5713140342957
train,2015,2,0,0,426.9297366077936
train,4402,5,0,0,393.9178213790282
train,4128,5,0,0,361.5556665300656
train,1906,4,1,0,400.2673793062044
test,377,8,3,0,90.71710029707626
train,5182,9,1,0,55.915114235777075
test,769,5,1,0,60.90361237233798
val,94,2,0,0,702.0498557794881
val,809,20,5,0,61.27822783180204
train,3034,6,0,0,294.0514410779175
train,796,8,1,0,213.7841985516763
test,801,15,0,0,261.6199533674754
train,894,8,0,0,219.9556101845757
test,176,4,0,0,345.54425361679455
train,3571,25,0,0,149.40214188558343
train,4672,22,2,0,64.35286937939162
train,945,5,0,0,375.77553140139395
train,2453,1,0,0,NaN
train,3537,6,0,0,291.5527130450854
val,808,13,0,0,82.30735082603498
train,196,8,0,0,284.6129606956615
train,1730,6,1,0,255.36248745655655
train,2277,4,2,0,90.89247617774811
train,4786,6,0,0,62.360971801343624
train,2909,9,5,0,86.63861725581728
train,4425,12,0,0,198.56899961190248
train,4314,5,0,0,255.12006977107856
val,149,10,0,0,336.5652348990359
test,233,10,3,0,145.6476913651569
val,75,6,3,0,333.4808588156882
test,1015,6,0,0,140.80216617651874
train,3657,4,0,0,573.3130850080042
train,3177,8,0,0,237.60656068170846
train,5188,17,4,0,110.05453193758083
val,894,7,0,0,495.20197899443014
test,728,38,8,0,40.84016554636743
train,2752,4,1,0,333.7929676308815
train,363,10,2,0,265.719241716492
train,4350,6,1,0,173.54610338466262
train,4588,3,0,0,376.3469144286957
test,422,3,0,0,112.09036533083474
train,572,3,0,0,507.72458085068126
train,4475,11,0,0,97.49487166000065
train,2639,4,0,0,478.0111589542955
train,3482,13,1,0,278.62250447514106
test,411,9,0,0,226.066914872566
train,4405,30,6,0,50.502475186865844
train,2938,10,1,0,229.05457864884517
test,618,2,0,0,557.8747619313855
train,743,23,0,0,90.56075308874148
train,4214,4,1,0,217.44586320513804
train,2895,5,1,0,357.4062814221373
train,1021,4,0,0,456.3803411423521
test,137,2,0,0,523.2308286024439
val,541,3,0,0,469.8638100556373
train,3525,7,0,0,287.7572761894997
train,1134,7,0,0,353.5042432560039
train,1478,14,1,0,233.51927115336755
train,3885,7,0,0,427.82063998830165
test,702,22,4,0,51.2949182755911
train,3928,19,0,0,79.7950499717871
train,3980,51,1,0,120.01666550941998
test,123,3,0,0,548.4546471678401
train,3416,8,0,0,200.8342335645504
train,4399,11,0,0,142.89856542317
val,402,6,2,0,193.3376066135556
train,75,1,0,0,NaN
train,5180,5,0,0,267.14836701728126
test,1167,2,0,0,254.65663156493687
train,4151,11,1,0,180.82933943362178
train,790,6,0,0,261.4239851276084
train,89,74,8,0,72.91967632577513
train,4960,4,0,0,150.44618450840983
train,4814,1,0,0,NaN
train,1330,11,0,0,138.62629620674426
test,1029,1,0,0,NaN
test,665,10,0,0,273.87953556262653
train,2464,3,2,0,402.03793353364057
val,603,12,0,0,119.02375765178962
train,1116,1,0,0,NaN
val,156,4,0,0,368.0484914507049
train,271,3,0,0,242.716398292328
train,425,5,0,0,462.0944167591727
val,533,3,1,0,70.22997935354958
train,916,24,0,0,164.48080633806572
train,4464,6,1,0,421.40983614528983
train,357,11,0,0,136.15524227880468
val,314,4,0,0,408.34804378614615
train,4607,1,0,0,NaN
train,4633,1,0,0,NaN
train,3433,5,0,0,252.87150887357794
train,3800,44,2,0,117.05818594045313
train,848,6,0,0,326.7036118563736
test,1190,2,0,0,778.0221719205693
val,306,7,1,0,173.6101955531414
test,1081,12,0,0,112.93426278852505
val,543,5,1,0,261.00766272276377
val,79,52,17,0,126.92123541787639
train,1519,3,0,0,147.26591594798845
train,1571,36,21,0,54.25878462677544
train,4082,10,2,0,188.11884030437614
val,483,3,0,0,498.90104229195595
train,327,11,2,0,202.00061881093336
test,530,1,0,0,NaN
train,1194,4,0,0,287.4883914788253
train,3313,19,0,0,151.89223153275483
val,76,206,155,0,49.28451689923451
train,2488,1,0,0,NaN
train,4729,4,0,0,155.26451921060163
train,2688,8,0,0,311.1218940210101
val,1037,3,0,0,96.13792175827393
train,552,3,0,0,869.0043152942337
train,3303,13,0,0,178.67568385205638
test,1044,2,0,0,311.49077032875306
val,15,58,58,0,97.8999603659959
train,189,5,1,0,305.7948658823428
train,4177,15,5,0,90.03471552684553
train,427,3,0,0,245.5656734969283
train,5239,4,0,0,429.69985131538385
train,1787,1,0,0,NaN
val,323,34,7,0,61.917079416495596
test,108,11,3,0,96.55179956893605
train,1376,5,0,0,327.94854779370496
val,736,8,0,0,278.087963557266
test,513,8,6,0,303.30477944531503
train,3029,15,0,0,82.80700453464067
test,1074,5,0,0,107.2240644631605
train,2312,4,0,0,492.20777848599914
train,4018,29,1,0,172.57244855422317
train,4484,3,0,0,828.3094228608051
train,4791,1,0,0,NaN
train,545,1,0,0,NaN
train,246,12,0,0,291.89282540674697
train,4882,36,9,0,35.4604286214833
val,1099,11,2,0,134.7145129523913
train,2055,7,5,0,54.904462478017216
train,5021,3,0,0,503.96552461453155
train,3389,16,0,0,73.36675006844068
test,50,5,0,0,292.32900985020285
train,2920,17,2,0,189.4887859478761
train,1680,10,1,0,49.36851223198852
val,322,39,5,0,59.927038972403764
train,25,3,1,0,210.31048476003284
train,1917,1,0,0,NaN
train,2369,1,0,0,NaN
train,3801,42,4,0,99.41430348939431
train,699,11,2,0,223.42000805657491
train,130,8,3,0,232.13142829009604
train,420,2,0,0,768.554812619113
train,2112,4,0,0,460.9408919706816
test,325,24,1,0,110.63142943411982
train,1362,7,0,0,229.49618733216462
val,763,17,0,0,163.57643473312407
train,652,1,0,0,NaN
train,4927,6,1,0,270.0090952667983
train,3368,5,0,0,497.6989551927952
train,3644,5,0,0,266.58019431308094
val,277,6,0,0,256.4688090197325
train,4930,6,0,0,255.02646921447194
train,4696,18,0,0,57.045091676508825
train,2753,4,1,0,292.57547610159673
train,125,11,0,0,224.22366066051103
val,756,3,0,0,235.38744656417003
test,1036,6,0,0,73.01540933255117
train,564,15,0,0,187.739846596294
train,5145,2,0,0,299.88539477607105
train,5166,3,1,0,127.93064527313227
train,2830,10,1,0,339.13013726296873
train,2893,7,1,0,223.84425389095875
train,4307,19,3,0,117.5680653919252
train,4379,8,3,0,79.12806076228584
train,209,24,11,0,178.66016795944597
test,282,21,0,0,146.47952075290252
test,949,24,1,0,135.7522623460099
train,1995,5,0,0,413.25083182009445
train,1646,35,17,0,47.460509900337144
train,455,14,7,0,84.01247745744107
train,1711,5,0,0,228.08989455914087
train,5190,11,2,0,127.03542812932147
train,867,35,4,0,106.3202708800161
train,4231,3,0,0,365.29611276333065
train,1073,1,0,0,NaN
train,1853,1,0,0,NaN
val,836,14,0,0,142.14991764616653
train,1501,3,0,0,664.9759394143521
train,523,2,0,0,563.4416562520028
train,4909,20,10,0,56.05800123786371
test,1196,1,0,0,NaN
train,4152,8,3,0,212.81936010270363
train,2393,4,2,0,290.476501168336
train,5380,2,0,0,440.45431091090484
train,3305,9,0,0,195.60802642018552
train,1030,12,0,0,258.5725115320507
val,868,23,11,0,74.56037821792484
train,175,2,0,0,504.21250480328234
val,184,12,0,0,305.6972010630218
train,282,2,0,0,771.8168500363282
val,873,3,0,0,397.93592449036316
train,4172,7,0,0,111.53138571720518
train,4939,2,0,0,231.08980938154758
train,1962,26,24,0,151.81231762761763
train,5159,3,0,0,299.1797118789976
test,566,5,0,0,199.7679904288973
train,3815,1,0,0,NaN
train,5242,6,0,0,362.8405297096784
val,979,4,0,0,111.23888964003638
train,5006,3,0,0,203.54115063052976
train,2880,21,5,0,151.11005922836506
train,3201,9,1,0,153.27263291272843
train,2497,6,0,0,72.65554193918938
train,3578,27,11,0,58.619535992704684
test,64,2,0,0,650.3231888838042
train,2128,6,3,0,334.11682882170027
train,4039,49,4,0,91.88171744150193
train,5091,37,29,0,35.04639781775011
test,541,1,0,0,NaN
train,1697,22,5,0,72.85303474507599
train,4394,1,0,0,NaN
train,1932,5,2,0,294.85123367556054
train,3958,4,0,0,299.20089057567276
train,3988,17,14,0,123.8880543071042
train,4389,15,2,0,147.00340132119393
test,850,15,0,0,172.68540760585418
train,2914,5,1,0,261.40246747113923
train,1529,5,0,0,331.55429419628996
train,3161,4,0,0,338.8338003244647
test,353,16,2,0,81.13402661100159
train,1916,2,0,0,568.4349127208849
train,5123,2,0,0,239.26972228010797
train,2711,2,0,0,666.5277563612786
test,731,17,3,0,89.44551414129162
train,23,8,2,0,159.50764652629553
train,137,3,0,0,103.66894424078987
train,2867,13,1,0,312.73830913401065
train,4594,2,0,0,611.2614007116758
train,183,9,0,0,96.76776322722355
test,895,7,0,0,100.68763578513501
train,4550,1,0,0,NaN
train,920,18,1,0,178.72954428409423
train,1849,11,3,0,98.88377015466189
val,551,3,0,0,70.43614129124337
val,622,29,3,0,88.45620385252806
test,393,1,0,0,NaN
train,3655,5,0,0,356.62655537690966
train,4364,5,0,0,330.95505737184317
train,2358,3,0,0,163.01917065179788
train,18,2,0,0,678.4578100368511
train,4069,16,1,0,261.3224744970305
train,2228,2,0,0,159.13280617144915
train,1189,7,0,0,316.06684419597065
val,982,5,0,0,82.86132994346639
val,452,6,0,0,245.4589148917868
train,587,3,0,0,426.6195612017808
val,642,6,0,0,428.62250290902836
train,2048,2,0,0,672.0983930943445
train,3629,20,1,0,203.60902926625073
test,1200,11,10,0,200.98818373227815
val,336,14,0,0,226.03207736956276
test,1105,1,0,0,NaN
train,689,13,2,0,187.27119372717203
train,343,17,3,0,176.4830020143583
train,3487,6,0,0,235.4617803381262
val,989,8,0,0,65.40071415815791
train,223,11,0,0,183.8430036743308
train,4243,3,0,0,227.0
train,2013,5,1,0,49.002550954006466
train,4699,8,3,0,96.2606789936736
train,1173,12,0,0,173.02731905294405
train,1404,22,0,0,160.23236155780128
train,1476,13,1,0,247.42069436488129
train,4058,32,4,0,113.07320647393547
train,1172,2,0,0,927.3743850247321
train,3340,7,0,0,205.15603817582362
train,672,7,0,0,252.11158243920488
train,858,8,0,0,216.37421657806595
train,4739,9,0,0,104.30723848324239
val,567,6,0,0,201.77338773981072
train,325,7,0,0,498.62310415783986
train,4042,14,3,0,158.89828223607742
train,4734,3,0,0,119.53451384432866
val,221,29,0,0,105.64563407921787
train,2203,6,2,0,109.76452067949826
train,263,44,4,0,90.94348114728425
train,2396,2,0,0,511.3953949734002
train,3876,7,4,0,172.7917822120022
train,400,10,1,0,308.9737403639507
train,1229,3,1,0,97.94896630388705
train,4297,2,0,0,367.119871431662
train,3789,19,0,0,232.91200054956377
train,1113,4,0,0,840.6949954966155
train,5289,7,4,0,193.70402680378123
train,4104,10,1,0,98.1045360826909
train,2140,3,1,0,295.0016949103852
train,274,31,1,0,126.27450257276803
test,322,9,0,0,331.0445589342921
test,1095,8,2,0,69.6419413859206
train,3813,2,0,0,924.3983178262496
val,784,9,0,0,363.8973069424944
train,3621,6,0,0,242.404620418011
test,1008,3,0,0,284.96008492418724
train,1785,1,0,0,NaN
train,4898,14,0,0,79.78102807696096
train,2392,1,0,0,NaN
train,5288,6,1,0,293.5942311511751
train,2748,5,1,0,321.7238722880228
train,4084,27,9,0,94.42986815621421
train,639,5,0,0,426.9297366077936
val,30,9,1,0,368.77364330982226
test,161,2,0,0,884.1454914209538
train,4450,21,4,0,77.96954533662486
train,4078,8,1,0,185.25225974409187
test,868,10,0,0,179.36308881802717
train,1155,25,10,0,124.53613933312691
test,932,4,0,0,245.8016835877277
train,2545,5,0,0,287.6325781270265
train,303,24,1,0,119.21828718783037
train,79,2,0,0,534.9460253147041
train,1291,2,0,0,395.11580580887926
test,670,9,2,0,204.51466940051023
train,3557,8,0,0,239.67387865740986
test,933,23,4,0,50.61867244406949
val,290,14,0,0,227.09139129434212
train,1605,21,1,0,198.702038238162
train,2212,5,1,0,191.64876728014715
train,2079,3,0,0,479.9380168313404
test,622,14,3,0,156.0809085058131
train,1454,10,0,0,283.25004969196016
train,967,16,1,0,212.94449904379547
train,2181,4,1,0,443.3708456271919
val,476,4,0,0,201.72519230568605
val,862,3,0,0,104.30723848324239
train,5066,2,0,0,278.4712732042571
train,3054,16,0,0,93.52000071581674
train,4401,5,0,0,228.3248781889525
train,4040,59,3,0,108.63240768757728
train,2712,8,1,0,267.9480049127854
train,2326,2,0,0,579.815703478269
train,1786,4,1,0,283.73545108158675
train,2294,1,0,0,NaN
train,1716,10,1,0,184.2179415800752
test,302,26,4,0,102.72813736722824
train,4660,13,5,0,47.60514678057405
train,543,2,0,0,458.81396011891354
train,3645,11,0,0,169.29929119757116
train,5315,26,1,0,61.82803544807124
train,1299,98,6,0,70.62084812792523
train,966,14,1,0,200.59246895509594
train,1974,22,13,0,128.93893903704964
val,955,2,0,0,394.03362800654463
train,4685,7,1,0,57.716981903075975
train,993,7,0,0,320.31312804816474
train,1256,9,0,0,207.49096365866154
train,2412,11,0,0,132.34141453075074
test,722,5,0,0,247.97429302248247
train,5252,3,0,0,384.0963420809941
train,1442,5,0,0,402.34096236898375
test,976,5,0,0,411.45169825873853
test,1106,8,0,0,102.7562307373311
train,1621,15,0,0,220.61788232144738
train,4182,16,2,0,88.66566161112144
train,4209,12,0,0,279.3164029607146
val,158,8,1,0,267.1251252278463
train,1230,16,0,0,175.77740998207338
train,4273,21,3,0,160.4400199451496
train,1796,5,1,0,129.68615963162762
train,4129,1,0,0,NaN
test,456,2,0,0,830.174078130605
train,1681,3,1,0,79.66335418497015
train,3590,16,1,0,227.54327095644493
train,1462,8,2,0,296.9953028404119
val,905,3,0,0,587.5136168634732
train,4445,14,2,0,132.6820964113619
train,3250,10,0,0,214.90114006212252
train,217,2,0,0,549.1470659122199
train,1956,19,1,0,130.79468643641454
train,72,41,17,0,123.2081571974843
train,4647,7,0,0,89.86934961375874
train,3746,9,0,0,228.39658491317246
train,3785,14,3,0,185.59066267030306
train,5285,14,7,0,170.78758682283427
test,724,2,0,0,657.356258051903
train,3027,22,2,0,46.42467016576423
val,472,5,2,0,66.45487190567746
train,1897,15,4,0,156.80003188775186
train,3521,10,0,0,237.79635694917545
test,1078,7,3,0,51.92301994298868
val,448,3,1,0,140.07319515167777
train,4578,1,0,0,NaN
val,787,23,6,0,128.239034618949
train,3017,7,0,0,78.10409720366788
train,2829,8,1,0,315.25582868184074
train,2290,1,0,0,NaN
val,74,8,1,0,227.1021780972943
train,3004,29,8,0,118.74868420323654
train,4466,6,4,0,192.38186910330023
train,3144,8,0,0,323.6746489773718
train,2469,6,4,0,251.76294028044387
test,310,8,0,0,247.43314126957557
train,1449,11,0,0,263.0042775317542
train,5395,16,4,0,64.3599585436419
train,1470,5,0,0,277.1154993860863
train,74,44,33,0,106.22269609632113
val,1032,4,0,0,156.9053623433365
train,3797,43,0,0,97.93492737527302
train,4446,27,7,0,45.10543204537564
train,4813,2,0,0,484.24890294145223
train,4334,14,1,0,179.14981783519687
train,1748,22,0,0,57.747108058852845
val,368,1,0,0,NaN
val,997,1,0,0,NaN
train,2431,1,0,0,NaN
train,5151,6,0,0,113.86736692635486
test,765,39,5,0,60.25155599650519
train,4635,1,0,0,NaN
test,886,27,0,0,137.8486488871037
test,1126,1,0,0,NaN
train,4142,15,2,0,93.38763301422732
test,937,10,3,0,210.2974084481309
train,2087,1,0,0,NaN
val,98,7,1,0,218.5463337601434
test,118,14,3,0,161.1700398341733
train,3661,9,0,0,238.73102018799315
test,222,131,51,0,49.30770730829005
train,836,34,0,0,76.6308918916695
train,1788,1,0,0,NaN
train,4155,15,2,0,150.56726071759425
train,2149,5,1,0,533.972377562735
val,119,3,0,0,406.00153940594856
train,3551,16,0,0,153.41425550751927
val,278,10,0,0,191.12149911572953
train,135,2,1,0,177.12425017484196
test,450,3,0,0,189.93222475398954
train,3792,19,1,0,219.73848092675985
val,209,1,0,0,NaN
test,575,6,0,0,100.65783625729296
train,2907,8,0,0,244.05547844190676
train,1627,17,2,0,183.98980950041772
train,1767,1,0,0,NaN
train,1053,6,0,0,313.5565981300613
train,1821,2,0,0,516.8870766424714
train,5047,6,0,0,258.54400012377005
val,425,2,0,0,549.0705783412548
train,584,3,0,0,482.00025933602984
train,4626,1,0,0,NaN
train,2687,3,0,0,194.05282785880758
train,4880,10,2,0,97.20003459970877
train,2289,6,2,0,217.111146650742
train,2769,18,3,0,227.1079038695043
train,2054,4,1,0,134.9491230330703
val,558,1,0,0,NaN
train,1368,7,0,0,253.9611190714043
train,2836,17,4,0,236.9155967850154
train,5194,19,2,0,43.289721643826724
train,2256,6,0,0,116.56864930160253
test,855,9,1,0,198.34376723255005
train,412,2,0,0,532.0319539275813
val,592,23,7,0,139.4390547873873
train,4502,3,0,0,51.80974811751163
test,472,3,0,0,418.2430513469411
test,196,5,0,0,380.53974825240005
test,909,41,4,0,95.50130889155395
train,2263,4,0,0,348.5583477789513
val,51,4,0,0,102.60064606761856
test,31,6,1,0,500.7012513177763
train,190,6,0,0,300.9136088647371
val,636,5,0,0,213.57258719227053
train,323,6,1,0,260.3201635277855
train,4014,33,0,0,106.02358228243375
train,2881,7,2,0,257.7581230533773
train,2419,1,0,0,NaN
val,711,2,0,0,171.96511274092776
train,802,3,1,0,172.65645079173845
train,490,5,0,0,425.7044162326719
test,1041,3,0,0,289.6653241242382
test,1066,3,0,0,118.80446119569753
train,561,4,0,0,407.36063687195997
train,3291,8,0,0,229.6001959929477
train,4477,3,0,0,523.165604756276
train,3563,16,0,0,162.18661904233062
test,241,4,0,0,204.40263718591336
test,386,8,0,0,119.10079764636339
test,994,17,5,0,164.8104972384951
val,429,4,1,0,366.2356801585129
train,2207,1,0,0,NaN
test,351,34,12,0,68.26599257461427
test,961,23,5,0,117.881296226331
train,262,20,0,0,164.14399166585417
train,1086,1,0,0,NaN
train,3897,4,0,0,320.59530272159583
val,692,8,0,0,219.16032943943117
val,1082,1,0,0,NaN
val,218,1,0,0,NaN
test,980,15,1,0,81.79547664755063
train,2767,16,5,0,159.3422715865281
train,989,8,2,0,196.38709986875347
train,3414,40,1,0,93.59086493883898
train,3033,4,0,0,303.08249111654175
train,5196,11,9,0,72.0850192481073
train,813,1,0,0,NaN
train,308,3,1,0,311.4855534370735
train,4454,4,0,0,562.1467149497837
train,3430,5,0,0,275.6469662448691
train,2760,8,0,0,346.0217965672024
train,12,1,0,0,NaN
test,710,17,0,0,203.5024569876246
train,2467,1,0,0,NaN
train,2133,4,1,0,370.6932952777098
train,1989,5,0,0,271.5497192044212
train,456,1,0,0,NaN
val,93,9,2,0,260.6961833245742
train,70,66,52,0,102.92068307264758
train,2987,8,1,0,303.286178573341
val,774,9,0,0,226.12220147522004
test,508,2,0,0,384.419042192241
train,4208,11,0,0,277.5220711943466
train,4544,6,0,0,132.6878196294448
test,894,22,5,0,143.34717230078255
train,2873,2,0,0,1042.460670720963
train,3364,3,0,0,313.08345532780874
train,4062,38,7,0,85.59178651738617
train,4118,4,1,0,176.37434010291608
train,2902,4,0,0,149.2789116709041
train,4449,39,8,0,54.637441374939954
val,154,8,1,0,275.4182522474742
train,4566,5,0,0,169.78000471198015
train,4732,1,0,0,NaN
train,3073,9,1,0,392.268084350486
test,970,10,2,0,177.282965904793
test,727,8,1,0,229.83360279718113
val,966,12,3,0,93.25946181334665
test,155,1,0,0,NaN
train,1385,4,0,0,487.3513216602838
train,3357,8,0,0,259.35873193119755
train,5195,12,0,0,54.7688559311609
test,997,24,2,0,69.93386446328185
test,806,3,0,0,224.72761290059572
train,1106,37,0,0,128.6001555209013
train,609,2,0,0,444.51349810776276
train,4902,17,3,0,64.04100249059192
train,1642,25,11,0,68.99637671646244
train,2147,3,1,0,360.3248534309006
train,936,8,0,0,321.68774782844883
val,1063,9,0,0,164.47796204963143
train,5274,8,4,0,155.22402670006602
train,893,5,0,0,284.0228864017828
val,466,1,0,0,NaN
train,1458,11,0,0,234.78181360573907
train,2195,1,0,0,NaN
train,3663,10,0,0,212.31344752511558
test,1023,4,0,0,109.2869473488025
train,475,49,6,0,101.90314028527285
train,1728,4,0,0,260.51907927128497
train,3609,36,0,0,124.8398438750029
train,5138,1,0,0,NaN
val,372,2,0,0,1095.5421032529969
train,2247,3,2,0,318.80754382542455
train,4305,19,0,0,96.00130207450313
train,3654,4,0,0,347.15193618349826
train,3721,3,0,0,173.6843401115944
train,5221,9,0,0,147.53050532008626
train,1555,3,0,0,503.0926852976497
train,4947,2,1,0,169.5228598154243
train,4444,3,0,0,150.8409758653132
train,1671,10,1,0,69.42081820318744
train,3091,7,1,0,158.64425612041552
train,5290,9,4,0,214.66543736708059
train,5286,19,18,0,148.00675660252813
train,429,5,0,0,259.000482625033
test,1184,16,0,0,105.50073071086567
test,475,6,3,0,86.22354666794912
train,2159,5,0,0,185.13373544548816
train,3985,18,4,0,165.38835724837662
test,523,1,0,0,NaN
val,450,10,1,0,172.35428567908912
train,902,10,0,0,267.9146319259178
test,1194,4,1,0,118.03918698598065
train,4385,10,1,0,171.5953887495599
test,778,6,1,0,115.333173226533
val,674,3,0,0,232.11042630610112
test,990,9,2,0,113.50440520085553
train,833,3,0,0,432.6502629145162
test,596,1,0,0,NaN
test,633,10,2,0,308.4608832319908
train,1738,2,0,0,215.25159697433142
train,94,112,17,0,47.97312591221041
train,4254,4,0,0,330.4066491993732
train,788,6,0,0,420.1809271213839
test,29,2,0,0,819.0152623730525
train,3021,8,0,0,69.39194745886103
train,4615,2,0,0,332.91590529741893
train,2721,21,8,0,177.55280904564702
train,830,1,0,0,NaN
train,4232,2,0,0,850.0847016621344
train,3103,15,0,0,247.43585027234838
train,2709,2,0,0,620.6464371927063
val,261,4,0,0,117.87751141024413
train,1183,8,0,0,274.61387782808475
val,911,10,1,0,353.48728662010393
test,1101,10,3,0,86.70207609971055
train,2807,7,2,0,334.5239154380446
train,1227,11,1,0,233.90008550661113
train,3138,12,0,0,192.8178468817037
val,393,15,6,0,228.2241223008646
val,340,4,0,0,756.1080085351335
train,4879,9,2,0,136.4853471988843
test,1103,24,3,0,51.19252803177379
train,3378,4,0,0,235.8676331626129
train,799,7,2,0,131.91095481422306
train,3185,6,0,0,281.68176049373966
train,1282,8,0,0,252.34876545672387
train,3445,9,0,0,242.09966955780837
test,199,36,8,0,132.09400965469166
train,2683,3,0,0,699.1875642486785
train,4397,3,0,0,607.7964297361411
train,759,7,0,0,371.1152112215289
val,1065,3,0,0,528.8329131209592
train,2092,34,20,0,90.1483193170597
train,1779,1,0,0,NaN
test,1135,3,1,0,479.5518741491894
train,5160,1,0,0,NaN
train,5271,21,17,0,71.38101988624148
val,1006,15,4,0,81.891696770796
train,2417,2,0,0,316.5477847024048
val,341,31,12,0,47.2784306000104
train,4064,48,8,0,89.2566203758212
train,92,45,6,0,82.74206910635
val,161,6,2,0,212.64112960572797
val,109,3,0,0,682.907387571697
test,115,13,2,0,114.26394882026439
val,348,4,0,0,143.77286133611227
train,3468,1,0,0,NaN
test,24,12,2,0,203.1778777327886
val,170,5,0,0,304.2963193993644
train,4157,1,0,0,NaN
train,1994,5,0,0,328.11011871016717
train,3717,5,0,0,516.3024791728197
test,679,13,6,0,263.01188186087717
train,2037,12,2,0,208.88960592649045
val,103,10,1,0,330.75084649169855
val,482,15,3,0,101.28301930728566
train,1590,10,0,0,278.18878482066816
train,644,5,0,0,427.0105385116391
train,3090,3,0,0,336.96364789098544
train,3431,3,0,0,200.3409593667755
train,4472,34,3,0,70.17300050589257
train,1947,28,13,0,62.38972419890145
train,131,3,0,0,153.87332452377834
train,2364,2,0,0,512.3536376371304
train,1357,24,1,0,114.20802199839383
train,1388,4,0,0,345.43397881134626
train,4393,2,0,0,1194.3644753591761
val,127,13,1,0,141.20375349118734
train,3049,2,0,0,951.989101828377
test,1024,5,0,0,136.35981812836215
train,1066,15,2,0,243.08074790077472
test,126,3,0,0,292.039808930221
val,362,3,0,0,800.5826003605124
train,3703,17,3,0,114.0
train,5257,2,0,0,514.0459609801443
train,4371,5,1,0,194.24276048285557
test,94,59,16,0,77.00162335951106
train,3084,5,0,0,539.6072645915731
train,5179,8,0,0,70.58721958347485
train,2691,17,1,0,193.5025839620753
train,1910,2,0,0,950.616904962246
train,3489,5,0,0,329.607342151233
train,1236,10,0,0,353.49818181329397
test,1025,4,0,0,209.5081900835662
val,526,1,0,0,NaN
train,1383,9,0,0,275.99682969193685
train,231,50,3,0,100.13444284790671
val,11,2,0,0,899.6484035444068
train,4489,7,0,0,47.01063709417264
test,574,1,0,0,NaN
train,3512,13,0,0,158.57884474292277
train,4552,3,0,0,69.07966415668217
test,1067,5,0,0,161.29786111415117
train,2770,11,0,0,361.6396687311833
train,2335,2,0,0,100.22474744293447
test,495,5,0,0,341.19385985096505
test,874,2,0,0,415.8043410066807
train,3831,4,1,0,73.34865177864374
train,1498,1,0,0,NaN
val,201,3,0,0,588.1124467310652
test,704,10,2,0,80.45528838357298
test,104,5,2,0,183.3930205869351
val,814,6,0,0,413.73962111095557
test,952,11,2,0,201.79259153893634
train,466,3,0,0,185.0006756744418
train,2922,35,2,0,84.30450759004526
test,636,5,0,0,317.7030846560984
train,1741,3,0,0,530.2567774201476
train,4773,2,0,0,37.20551034457127
train,4073,17,1,0,129.00387591076478
val,1104,18,2,0,83.38465086573187
train,520,3,0,0,507.4174809759711
val,407,19,3,0,113.62328106510567
test,930,9,0,0,91.07414561773281
train,1007,4,0,0,509.3112092464664
train,4349,2,0,0,852.6307817572622
train,734,28,0,0,148.93706724653873
test,117,11,2,0,169.74245196767956
test,1197,3,0,0,359.21094081333325
val,707,11,0,0,249.80192152983932
train,1092,4,1,0,182.37810644990932
val,481,1,0,0,NaN
train,4478,1,0,0,NaN
val,1036,1,0,0,NaN
train,2969,17,1,0,78.85429601486528
val,611,61,4,0,69.3000721500346
train,3384,31,9,0,58.60034129593445
train,1055,1,0,0,NaN
train,4017,33,2,0,129.5
train,2129,1,0,0,NaN
val,1087,16,8,0,103.0109217510454
train,1297,95,4,0,62.890778338322384
train,5054,2,0,0,564.6248754704312
train,935,6,1,0,298.985158279333
val,1072,5,0,0,152.55244999671424
train,1317,14,0,0,200.45040604704948
train,2131,3,0,0,649.2035505140125
train,2795,20,21,0,135.7226079258362
train,293,3,0,0,459.83040351851463
train,956,9,0,0,232.0183182423319
train,3568,6,0,0,291.8887202962533
train,3337,8,0,0,161.97850139259086
train,5232,1,0,0,NaN
train,2697,4,0,0,529.8476814423385
test,975,27,0,0,93.12625838075961
train,3256,10,0,0,211.44480590859825
train,3198,5,0,0,336.33391146299834
train,567,11,0,0,257.7566681969644
val,219,14,0,0,284.5192100421318
test,1068,8,0,0,87.8877124517415
test,767,13,0,0,186.98261951315155
test,600,1,0,0,NaN
train,5020,2,0,0,885.2945837403503
train,2339,3,0,0,676.9972304226953
val,413,4,0,0,364.5948499595289
val,516,1,0,0,NaN
train,558,4,0,0,268.90919446405684
train,4206,9,0,0,196.04208731800423
train,2612,1,0,0,NaN
train,5012,1,0,0,NaN
train,1115,2,0,0,938.6683386585488
train,3142,10,0,0,206.196508214858
train,4359,9,3,0,267.5042055744171
val,941,5,1,0,118.39024453053554
val,49,2,0,0,546.6159529322209
train,5273,4,1,0,177.66690679640897
train,1356,10,0,0,295.9642925369157
train,5048,4,0,0,358.3622586818535
val,229,69,37,0,100.84641788382967
test,159,6,0,0,245.7280000325563
val,612,10,3,0,218.87053593361085
val,337,11,0,0,297.52688954109675
train,3777,23,1,0,141.44433534079758
train,4973,4,1,0,219.67824004651692
train,2981,9,2,0,260.27149286850454
train,3354,13,0,0,177.82153975264077
train,2623,1,0,0,NaN
train,714,4,0,0,422.43830592319716
train,5173,2,0,0,160.32856888277897
train,1468,1,0,0,NaN
train,1727,2,0,0,696.726811598348
train,3269,8,0,0,218.9123703276668
train,504,4,0,0,334.70926557871064
val,1084,1,0,0,NaN
train,1359,10,1,0,180.25238852653845
test,800,14,1,0,179.33020291118618
train,4158,3,0,0,489.53140859397365
train,1737,4,0,0,344.4642927752865
train,4012,24,3,0,152.8806724213365
train,4265,7,3,0,258.9642832515712
val,535,1,0,0,NaN
test,542,1,0,0,NaN
test,647,14,2,0,250.2730708273765
train,3634,9,0,0,177.56407294269863
train,4629,1,0,0,NaN
train,3035,1,0,0,NaN
train,4022,19,2,0,185.4521501627846
test,887,10,1,0,103.81233067415451
train,3370,6,0,0,413.7949371367417
train,1807,2,0,0,806.4690012641528
train,653,1,0,0,NaN
val,858,3,0,0,311.4426110858949
train,2663,5,0,0,334.3269357978803
train,3486,12,0,0,97.66140121024793
val,198,7,2,0,200.8992284703951
train,2427,3,0,0,740.9244225965291
train,1413,30,1,0,131.1261584904914
train,1927,23,10,0,176.60407696313243
test,133,10,1,0,179.6886195617296
train,4769,5,0,0,92.0570475303222
train,2677,2,0,0,588.8280733796581
train,4602,4,0,0,434.5055351288305
train,5124,7,2,0,253.2316133503082
train,4099,10,0,0,137.1000155423926
train,1784,1,0,0,NaN
train,1117,3,0,0,835.0264965855874
train,4963,1,0,0,NaN
test,641,4,0,0,214.8510449612068
test,773,2,0,0,389.97083224261786
train,748,11,0,0,340.2870112125939
train,5391,26,12,0,64.33765076805813
train,2307,2,1,0,437.0743643820809
train,1768,1,0,0,NaN
train,4984,7,0,0,103.49033771323775
test,652,20,2,0,74.47947549057638
train,4192,6,0,0,139.77571319796584
test,151,1,0,0,NaN
train,4439,14,3,0,71.28113354878694
train,2360,1,0,0,NaN
test,1083,2,0,0,401.103789560757
train,3113,8,0,0,210.33695012855637
train,3410,5,0,0,335.6817689419549
val,630,5,0,0,88.38834764831844
train,3968,24,2,0,59.47996204935775
train,3485,8,1,0,207.49191980832381
train,3931,16,0,0,167.3750353092572
test,165,11,0,0,155.3319027115808
train,311,2,0,0,502.206381879004
train,2625,10,0,0,107.87608632129736
train,4583,1,0,0,NaN
train,1961,23,12,0,163.06210473313536
train,2613,1,0,0,NaN
train,4467,13,3,0,159.66527487215245
test,1130,14,1,0,107.24288158960802
val,552,2,0,0,68.76408946535975
train,999,10,0,0,278.3060157471991
train,5130,2,1,0,39.90613987846983
test,645,8,5,0,260.73626280981387
train,3130,5,0,0,358.8582589268359
train,1133,7,0,0,357.2775531712005
val,496,2,0,0,633.5203232730581
val,1044,3,0,0,357.94552658190884
train,2699,2,0,0,628.1150372344225
train,1481,7,0,0,334.0059879702758
train,2461,2,1,0,587.4776591496906
train,4676,3,0,0,60.15189107584233
train,1751,31,3,0,33.771289581536564
train,825,2,0,0,88.95504482602435
train,624,2,0,0,404.2598174441778
train,5216,2,0,0,425.3495621250832
test,683,8,1,0,173.79403058764296
train,2286,5,4,0,310.4291384519179
test,51,5,0,0,436.4094980634587
train,201,4,0,0,303.8084810151566
val,211,9,1,0,83.32166584988565
train,697,4,0,0,346.4499493472077
train,1233,7,0,0,391.7732124584324
train,1006,4,0,0,602.224562648714
test,60,2,0,0,314.5035770861756
train,4743,10,1,0,59.25580140374443
train,702,5,0,0,307.8250314708016
train,2251,3,0,0,375.54926441147506
train,1965,13,4,0,109.50913203929616
train,2334,1,0,0,NaN
train,4203,11,6,0,102.70345661174214
train,3108,16,0,0,257.76927667974707
train,4403,2,0,0,291.1430060983777
val,629,28,4,0,91.93611912627159
val,909,6,3,0,237.03475804973198
val,379,8,0,0,369.37806255107455
train,5198,4,2,0,55.201781662478496
train,476,41,5,0,105.90207741116319
train,3148,11,0,0,231.34444017525038
train,5272,8,4,0,173.7158930462994
train,983,1,0,0,NaN
val,831,22,2,0,113.00917421092639
test,213,8,0,0,168.53453682836172
test,507,2,0,0,246.0995733437992
train,3671,5,0,0,539.6973689022395
train,1628,10,2,0,230.71681776584904
train,4878,4,0,0,124.92531184476582
train,895,8,0,0,290.9238967198454
test,341,1,0,0,NaN
train,1992,5,0,0,426.4964829866713
train,2771,7,0,0,445.3246007127834
train,3025,23,2,0,40.718546143004666
train,3248,13,0,0,144.9586147836685
train,903,8,1,0,117.20749560539036
train,383,1,0,0,NaN
train,302,23,1,0,188.7624168101267
val,643,7,1,0,169.71888521905865
train,3519,13,0,0,206.30559856678636
train,1757,18,0,0,69.09594778277523
train,4665,6,0,0,183.76207443321923
train,508,4,0,0,318.90991258121136
train,1156,49,18,0,116.05278971226845
train,870,77,16,0,72.18032973047436
train,2763,3,1,0,680.0817965509738
train,5365,1,0,0,NaN
train,2906,6,0,0,480.524725967784
train,3842,4,0,0,215.7954571970172
train,5292,5,0,0,244.72944244614297
val,549,1,0,0,NaN
train,1213,4,0,0,312.53448744970143
test,829,3,0,0,358.71018942873644
train,1436,2,0,0,670.4231872481739
val,671,3,0,0,222.70271664261304
train,2609,3,0,0,362.39377754039873
train,1530,7,0,0,324.62478340385536
train,2059,4,1,0,139.15400957340725
train,2619,1,0,0,NaN
val,41,15,1,0,206.8864422817503
val,681,34,8,0,60.35105632878351
train,4590,1,0,0,NaN
train,5358,2,0,0,343.24408225051747
train,4210,8,0,0,218.15039117568483
train,1342,12,0,0,166.2736158726902
train,2454,4,0,0,89.35951289274598
val,851,22,0,0,181.91328336534824
test,46,3,0,0,414.27677946030235
train,2859,9,2,0,384.82788360512546
train,2898,34,18,0,99.57534835490158
val,954,2,0,0,505.3624936617279
test,269,50,24,0,109.35492672943455
val,610,21,4,0,218.2962436690105
train,2435,2,0,0,899.7812234093352
test,1072,2,0,0,248.41749133263542
train,4704,19,7,0,54.057839394485605
train,5287,9,2,0,87.02011261771614
test,423,4,0,0,454.1125134306954
train,1564,24,8,0,65.46643999315071
train,299,13,0,0,184.74306482247175
train,41,3,0,0,502.0159360020357
train,2535,1,0,0,NaN
train,5241,3,0,0,508.1537660984124
train,3565,17,1,0,196.4001018329675
train,4730,3,0,0,150.71247459981538
train,4929,5,1,0,430.2781077396339
test,1097,27,7,0,42.44997055358225
train,3329,10,1,0,151.97450444071202
val,388,7,0,0,287.68950276296147
train,3226,31,4,0,53.53503525729669
train,2860,6,1,0,279.4610885257552
train,5016,2,0,0,826.3789990071142
test,97,2,0,0,349.4638751001311
train,5328,4,0,0,219.26908690972016
train,2014,3,0,0,190.98298353518305
test,1064,18,4,0,59.363008745868356
test,58,16,0,0,146.07862862736056
train,2989,19,6,0,173.85051049680584
train,4671,10,1,0,48.28112998392591
train,5140,3,0,0,280.790402257627
val,138,25,9,0,162.2374802565671
train,42,4,0,0,413.01689381005906
train,2370,2,0,0,856.5421764279912
train,5316,8,2,0,224.92223301108663
train,1827,31,6,0,127.66362050325849
test,1098,9,1,0,146.0179783451339
train,5378,2,0,0,564.5267929868343
train,557,2,0,0,877.7979551126786
val,970,11,0,0,123.96773773849388
train,4495,10,0,0,41.719354495810876
train,4885,29,8,0,53.002358438092166
train,2782,21,10,0,159.697370047224
train,4871,9,2,0,101.87369631067678
val,1069,4,0,0,459.69065318542795
val,180,6,0,0,327.6821035277128
train,5117,14,11,0,92.6313053308665
train,4491,2,0,0,943.2667968289777
val,938,18,3,0,66.84496989302934
test,572,8,2,0,246.70654237147232
val,944,3,0,0,155.6092863552815
train,2662,4,0,0,836.7982914113741
train,2750,3,1,0,229.46295997393565
train,4114,1,0,0,NaN
test,20,15,11,0,190.0026315607234
train,3393,18,1,0,93.91972333058463
val,667,4,0,0,185.88555612347454
train,736,36,0,0,121.14289911684801
test,371,12,2,0,299.49370531045594
train,2447,4,2,0,133.8084901850871
test,239,1,0,0,NaN
val,245,9,0,0,158.50078864157112
train,489,23,5,0,197.22132237666392
test,318,7,0,0,178.98114425827097
train,2668,9,0,0,312.37997695114836
train,3499,10,0,0,285.42100390428664
test,1123,11,0,0,127.56272966662324
val,633,17,0,0,60.96925454686157
train,3874,7,0,0,182.6314595024636
test,1055,12,0,0,72.08367336069996
train,66,11,2,0,306.6471914105851
train,2626,1,0,0,NaN
train,613,4,0,0,294.19755413215285
train,2896,10,6,0,168.44486179685805
train,1670,6,1,0,92.72238509194466
train,2186,6,4,0,354.8001878728972
val,848,37,6,0,115.4664453423591
train,627,13,3,0,139.01438774457844
train,1631,9,1,0,276.40730815229904
train,2383,8,4,0,272.95388306600586
train,416,3,0,0,575.1956188984752
test,171,11,0,0,181.02486017119307
train,3003,7,0,0,166.8112706024386
train,60,22,4,0,140.61941952346996
test,447,3,0,0,263.27267233801535
train,1592,12,0,0,247.05024975028545
train,998,5,0,0,354.4379353285988
train,1122,17,0,0,176.55948006266897
train,2561,3,0,0,156.53833396328199
train,2298,6,0,0,150.2664300500947
train,2887,6,0,0,414.7828339317304
train,309,2,0,0,313.4633152380036
test,966,7,0,0,83.33816652650813
train,890,7,0,0,285.6593250709663
train,49,2,0,0,326.02530576628556
train,4705,16,3,0,64.359666418672
train,3352,5,0,0,236.51638421048128
train,865,47,4,0,98.86986396268581
val,1055,4,0,0,289.9265587280932
train,1057,1,0,0,NaN
train,5210,3,0,0,230.2878633363035
val,70,32,15,0,118.17720873026424
train,5276,10,7,0,198.1243296518628
train,1953,7,1,0,286.11929330263627
val,376,4,0,0,433.59611216674017
test,879,3,0,0,384.8275587844509
train,1228,8,0,0,269.35524869584407
train,3458,27,1,0,139.17614738165446
val,374,5,0,0,314.4952304884766
test,1089,6,0,0,286.506980717748
train,4322,4,0,0,286.373952562378
test,404,3,0,0,274.04242372304327
train,291,3,1,0,572.8675675930695
test,405,1,0,0,NaN
train,1512,1,0,0,NaN
train,1576,27,21,0,60.815294129026455
val,334,9,3,0,245.5045824419577
train,2088,12,2,0,162.28447245500723
test,74,8,1,0,370.3528722718375
train,77,17,3,0,105.84894897919393
train,5010,3,0,0,203.92277950243812
train,2523,15,2,0,177.2484132510077
train,2371,2,0,0,460.9981019483703
val,414,5,0,0,164.43843832875572
train,2925,15,4,0,211.2137542869782
val,726,23,3,0,72.78049189171504
val,746,21,1,0,161.75676183702492
train,4595,1,0,0,NaN
train,764,19,1,0,150.5996347937139
train,4262,62,5,0,97.27378437244785
test,590,5,0,0,384.08853146117235
train,1813,3,0,0,991.970891710034
train,3153,9,1,0,267.65883135065803
train,2620,1,0,0,NaN
train,1558,27,16,0,53.67727638395972
train,266,8,0,0,252.872468668895
test,838,1,0,0,NaN
train,729,5,0,0,632.841409833459
val,1013,8,1,0,129.57816174031797
val,839,26,3,0,120.60968579920265
test,982,10,0,0,243.91554609955227
train,5220,1,0,0,NaN
train,4755,1,0,0,NaN
train,2901,21,1,0,169.74245196767956
train,3024,14,0,0,54.31353216433537
train,1834,16,2,0,182.28509908446537
train,2266,2,0,0,445.3246007127834
train,5,2,0,0,1132.401099434295
train,3343,5,0,0,282.6950653973288
train,3700,36,1,0,86.81589716175259
train,2943,12,0,0,158.77045657396667
train,2793,7,2,0,372.0013440835933
train,1691,11,3,0,61.88093405888441
val,1021,4,0,0,304.555651171212
val,420,2,0,0,757.0133750469671
train,1221,19,4,0,138.2931668593933
test,114,9,6,0,160.0195300580526
train,5193,15,3,0,106.92286939658887
train,5296,3,0,0,345.27416642430694
test,306,12,0,0,223.157455622706
val,996,2,0,0,306.29805745384675
train,2563,3,2,0,609.9436449377926
val,395,14,7,0,216.3728474222846
test,582,9,1,0,71.0105625945887
train,499,12,1,0,199.99371188765184
train,1110,13,0,0,120.08434535775261
train,2338,1,0,0,NaN
train,298,2,0,0,685.962826981171
train,3930,17,1,0,78.25918476447349
train,709,4,0,0,560.7504677158288
val,564,1,0,0,NaN
train,3828,1,0,0,NaN
train,1310,17,1,0,175.00071428425656
train,4805,7,2,0,175.5348968154196
train,2918,11,4,0,188.7624168101267
train,2521,1,0,0,NaN
train,3093,11,2,0,225.63798439092653
train,3483,5,0,0,251.35731538986488
train,4715,9,0,0,90.73174747573199
train,688,28,2,0,142.67253773908175
train,629,14,6,0,98.37162013285734
train,5133,2,0,0,745.901635606197
train,2672,3,0,0,87.86353054595519
train,2076,2,1,0,644.1026703872606
test,1048,1,0,0,NaN
train,306,1,0,0,NaN
train,2357,1,0,0,NaN
train,546,5,0,0,200.7566935372268
train,4783,2,0,0,809.8654209188091
train,5256,2,0,0,266.5825388130288
val,891,25,1,0,148.37284118058804
train,2410,1,0,0,NaN
train,2589,5,1,0,517.0009671170839
train,4456,2,1,0,369.5030446423953
train,2407,7,1,0,685.0434292802172
val,694,6,0,0,294.93134794389016
val,208,13,1,0,88.00142044308149
train,671,27,14,0,197.44936059658437
train,4183,19,0,0,153.91312484645357
train,4186,5,0,0,117.92476415070755
val,486,1,0,0,NaN
train,812,4,0,0,294.42160646161324
train,1009,3,0,0,666.4240391822611
train,755,1,0,0,NaN
test,316,7,0,0,200.53989628001705
val,874,17,1,0,62.93846200853656
train,1128,6,0,0,383.61394940777484
train,881,23,0,0,128.39879282921626
test,127,5,0,0,392.3174734828924
train,1372,5,0,0,276.0547952852839
train,1382,7,0,0,284.0866945141923
val,8,2,0,0,370.87363076929586
train,3584,20,4,0,137.37721790748276
train,585,3,0,0,349.6816409249991
val,514,5,2,0,217.81930584775998
train,680,2,0,0,558.6787985954004
train,2637,6,0,0,163.64366776627807
train,4138,1,0,0,NaN
test,69,17,2,0,235.27908959361434
train,4789,1,0,0,NaN
train,1684,8,1,0,142.12211298913206
val,333,6,0,0,280.41658582692827
train,3295,6,0,0,168.32780518975468
test,598,2,0,0,756.9116527045941
test,810,13,0,0,272.02941017470886
train,4866,8,0,0,293.327888207037
val,898,12,2,0,198.76242099551916
train,369,1,0,0,NaN
train,828,1,0,0,NaN
train,2481,1,0,0,NaN
train,3418,10,0,0,279.39272206342997
train,5059,4,0,0,234.2163695574739
val,964,13,0,0,69.65091528472544
train,4745,1,0,0,NaN
train,4831,3,0,0,387.02487000191604
train,898,3,0,0,407.6116411487778
train,1758,37,10,0,40.01249804748511
train,3702,13,0,0,196.3122512733222
train,4046,24,2,0,97.20356678458361
train,965,18,2,0,224.22310318073826
train,1589,19,1,0,238.10554382458213
val,971,2,0,0,139.10517603597646
test,735,8,0,0,251.310762438865
train,5343,6,1,0,120.60265337047937
train,4787,2,0,0,701.6224055715438
train,2661,2,0,0,720.1350567775464
test,92,21,8,0,142.20583672972077
val,832,21,6,0,102.51951033827659
train,1887,21,3,0,108.42163068318055
train,4677,7,0,0,76.03453162872775
train,1892,6,1,0,220.04037772663187
train,2796,19,0,0,54.23329235810785
train,2272,1,0,0,NaN
val,740,18,1,0,111.97150407379877
test,578,9,2,0,170.38339120935467
train,4426,14,1,0,72.9006172813372
train,5228,10,1,0,116.09747961880319
train,332,9,0,0,129.34933320276528
train,4826,2,0,0,448.8220694217253
val,1007,7,2,0,71.54893430373369
test,112,2,0,0,656.4042199742473
train,5224,10,1,0,132.97424903039192
val,301,36,10,0,127.27139603445414
val,589,5,5,0,330.52420486251833
train,228,22,1,0,135.05924625881784
train,3102,8,0,0,231.58228907141563
train,1347,10,1,0,263.3477816534099
train,2686,7,1,0,281.5337457570584
train,1860,7,0,0,187.74051241008158
train,3070,27,0,0,35.35533905932738
val,82,3,0,0,560.5115966686149
val,185,8,0,0,235.35717537394095
train,4471,30,0,0,69.15164593782937
train,4997,5,0,0,150.71910960458862
test,1075,2,0,0,406.5495049806358
train,3995,1,0,0,NaN
train,1673,6,2,0,77.38862965578342
train,2020,17,9,0,132.20627821703476
train,525,1,0,0,NaN
train,3151,9,1,0,209.43077615288541
train,5300,7,0,0,105.98348928017043
test,413,10,2,0,256.12496949731394
train,1181,1,0,0,NaN
train,611,1,0,0,NaN
train,4558,2,0,0,90.53452380169678
train,4201,10,5,0,103.87211924400596
val,706,12,0,0,100.67091453710802
test,1132,10,1,0,106.09901036296239
test,4,1,0,0,NaN
train,4490,5,0,0,71.33897952732433
train,2231,3,1,0,375.9002527267041
train,855,6,0,0,358.8718434204612
train,5168,3,0,0,278.0017985553331
train,3432,5,0,0,459.9339626511615
train,117,20,5,0,140.36580629923566
train,1935,3,0,0,794.6390690118376
test,260,30,5,0,150.57224179774968
train,3399,19,1,0,152.3827418049695
train,3905,3,0,0,305.9615988976394
train,3832,5,0,0,281.2054409146452
train,2341,5,5,0,180.60177186284747
train,2480,2,1,0,92.9758033038704
train,486,10,2,0,219.0005707755119
train,866,44,8,0,101.86484616421022
train,1822,3,0,0,412.1786627180015
train,2541,2,0,0,569.8212439002252
train,997,4,0,0,255.73472721245344
train,1535,21,5,0,158.79546593023366
train,3060,27,4,0,57.019733426244635
train,4701,10,1,0,73.83258088405145
test,73,9,7,0,175.5733464965568
train,2475,1,0,0,NaN
train,4047,18,0,0,180.93230778387812
train,2260,5,1,0,458.129075698105
train,2812,18,16,0,232.15900517069795
train,5134,1,0,0,NaN
train,1423,79,2,0,76.095334942426
train,4512,5,0,0,30.602287496198713
val,607,2,0,0,531.9757983216906
train,2632,6,1,0,224.62691290226113
train,1554,3,0,0,465.72577768468
train,107,12,3,0,108.4343230938247
train,461,7,2,0,212.8497122384712
train,2000,4,0,0,187.05397714325187
test,877,18,2,0,92.02946932268765
val,668,3,0,0,170.72931792753113
train,4124,3,0,0,376.7973593325728
test,481,2,0,0,169.00073964335186
train,284,2,0,0,1012.7963763758241
train,4148,23,11,0,69.35776813018136
train,1991,6,0,0,229.01964981197574
train,4287,7,0,0,88.0
val,449,5,1,0,401.9493127248758
train,2555,1,0,0,NaN
train,3146,12,0,0,297.0000361502056
train,1868,1,0,0,NaN
test,59,15,0,0,139.35924798878617
train,664,11,0,0,223.7018104531119
train,4946,8,0,0,221.6135659860381
val,972,7,3,0,58.105507484230785
train,995,10,0,0,204.01809144984344
train,3787,8,0,0,181.4951789993332
test,853,9,0,0,181.0586921415263
train,3186,7,0,0,423.7773589988026
train,2051,5,1,0,521.8927092803654
val,1038,5,0,0,181.50275480003052
train,1907,15,1,0,115.4003899473481
train,708,7,0,0,496.33280165630805
train,4320,13,5,0,100.03124511871279
train,4710,1,0,0,NaN
train,3480,11,0,0,202.79176511880357
train,2089,17,6,0,115.5789773271939
train,3197,4,1,0,337.55184215922134
train,1033,5,0,0,75.4801298356064
train,214,1,0,0,NaN
test,926,7,0,0,279.0412155936825
train,479,49,8,0,103.02062900215665
train,4309,13,0,0,61.98790204547981
val,538,2,0,0,791.2573854315674
train,5156,2,0,0,583.277378268693
val,672,6,0,0,240.79140350103864
train,2548,5,0,0,216.6679487141557
train,3057,22,4,0,78.48885504023322
train,2470,3,1,0,657.691607062155
train,2719,3,1,0,114.31644676073518
train,2939,9,2,0,332.23259924336145
train,2205,9,1,0,253.85527372894973
train,2040,11,3,0,145.60391478253598
train,5367,8,3,0,212.4924692536714
val,1048,2,0,0,288.33357418101696
train,2180,6,3,0,216.9850225245973
train,667,10,0,0,356.72606442052654
train,3662,6,0,0,185.60778539705709
test,381,4,0,0,487.1541639231598
train,1176,1,0,0,NaN
train,3608,21,0,0,139.98660650219364
train,3045,1,0,0,NaN
test,825,2,0,0,822.4762914516139
train,4884,21,3,0,41.379342672401165
train,4523,11,0,0,47.06644239795483
val,749,14,0,0,234.27014321078136
train,35,2,0,0,533.3001031314358
train,2848,4,0,0,519.5428980883668
train,2379,1,0,0,NaN
train,963,24,2,0,201.99133644787838
train,4135,1,0,0,NaN
train,4673,9,0,0,126.2586630691138
train,245,8,0,0,436.19295287572413
train,588,3,0,0,291.44510632364376
train,2450,3,0,0,401.10347792059844
train,1839,5,1,0,235.3720459187964
test,501,2,0,0,633.7343686435192
train,5109,23,5,0,52.690131903421914
test,294,4,0,0,157.3834661132439
test,651,3,0,0,425.9019840291895
train,3825,4,0,0,134.7186940209874
val,920,10,0,0,121.23221519051773
val,430,5,1,0,387.94909459876305
train,4487,4,0,0,54.20682733983388
train,120,9,2,0,236.60357140161685
val,2,3,0,0,484.6777279801497
train,1540,8,0,0,316.3123848154663
train,2766,2,1,0,474.65882484159084
train,2011,8,3,0,50.31152949374527
train,1489,12,0,0,242.75122913298364
test,522,1,0,0,NaN
train,1873,3,1,0,280.8509391118356
train,2806,5,1,0,284.88989101054466
train,3448,10,0,0,178.05687293671087
train,4258,74,10,0,68.96375859826666
test,861,21,0,0,156.63492586265681
train,4032,17,3,0,161.6516316032721
train,5011,1,0,0,NaN
val,1105,10,7,0,170.92405252324005
train,3231,8,0,0,285.39435334663165
val,360,3,0,0,436.6454511385639
train,2437,1,0,0,NaN
train,4245,3,0,0,371.7109091753967
train,46,1,0,0,NaN
train,2316,3,0,0,494.091337709942
train,2716,4,0,0,485.7641705393877
train,707,6,0,0,602.2450198742545
train,3972,19,6,0,163.4938836776471
train,4694,5,0,0,66.97947446792935
train,1132,8,1,0,314.2863935236412
train,4707,18,3,0,78.9828874997645
test,824,9,0,0,191.39030800957502
train,2398,1,0,0,NaN
train,1525,13,3,0,262.5190469280277
val,169,4,0,0,365.678400826131
train,5355,4,1,0,230.04521585837438
train,1480,11,0,0,256.93822214688106
train,1919,3,0,0,742.6331530439508
train,3708,18,0,0,82.29256320099041
train,3917,12,4,0,125.31330104016456
train,2572,3,1,0,82.52575355608697
